0.362 0.229 0.296
0.345 0.221 0.281
0.348 0.220 0.284
0.349 0.218 0.284
0.349 0.216 0.283
0.347 0.213 0.282
0.346 0.211 0.280
0.345 0.208 0.279
0.343 0.206 0.277
0.342 0.203 0.276
0.341 0.201 0.274
0.338 0.198 0.272
0.333 0.195 0.267
0.329 0.191 0.263
0.324 0.188 0.258
0.321 0.185 0.256
0.321 0.183 0.255
0.320 0.181 0.253
0.316 0.178 0.250
0.314 0.176 0.248
0.312 0.173 0.245
0.310 0.171 0.243
0.307 0.168 0.241
0.305 0.166 0.239
0.303 0.163 0.237
0.301 0.161 0.234
0.298 0.158 0.232
0.295 0.156 0.229
0.292 0.153 0.226
0.290 0.151 0.224
0.288 0.149 0.222
0.286 0.146 0.220
0.284 0.144 0.218
0.283 0.142 0.217
0.282 0.140 0.216
0.282 0.138 0.215
0.281 0.136 0.214
0.281 0.134 0.214
0.280 0.132 0.213
0.281 0.130 0.213
0.280 0.128 0.212
0.280 0.126 0.211
0.280 0.124 0.211
0.279 0.122 0.210
0.279 0.120 0.209
0.278 0.118 0.208
0.278 0.116 0.208
0.277 0.114 0.207
0.277 0.112 0.206
0.276 0.110 0.205
0.276 0.108 0.205
0.276 0.106 0.205
0.276 0.104 0.205
0.277 0.102 0.205
0.278 0.100 0.205
0.277 0.098 0.205
0.277 0.096 0.204
0.278 0.094 0.204
0.278 0.092 0.204
0.278 0.090 0.204
0.278 0.088 0.203
0.277 0.086 0.203
0.280 0.084 0.204
0.280 0.082 0.204
0.281 0.080 0.204
0.281 0.078 0.204
0.280 0.076 0.203
0.279 0.074 0.202
0.278 0.072 0.200
0.277 0.070 0.199
0.277 0.068 0.199
0.277 0.066 0.199
0.278 0.064 0.199
0.278 0.062 0.199
0.279 0.060 0.199
0.280 0.058 0.199
0.279 0.056 0.198
0.278 0.054 0.197
0.278 0.051 0.197
0.277 0.049 0.196
0.276 0.047 0.195
0.275 0.045 0.194
0.275 0.043 0.193
0.273 0.042 0.191
0.269 0.040 0.188
0.267 0.038 0.185
0.265 0.037 0.183
0.263 0.035 0.182
0.262 0.033 0.181
0.260 0.031 0.179
0.259 0.029 0.178
0.258 0.028 0.176
0.257 0.026 0.175
0.256 0.024 0.174
0.255 0.022 0.173
0.255 0.020 0.172
0.255 0.018 0.172
0.254 0.016 0.172
0.255 0.014 0.171
0.255 0.012 0.171
0.256 0.009 0.172
0.256 0.007 0.171
0.254 0.006 0.169
0.250 0.005 0.166
0.244 0.004 0.161
0.239 0.004 0.157
0.235 0.003 0.153
0.231 0.002 0.150
0.229 0.001 0.148
0.226 0.000 0.146
0.222 -0.001 0.143
0.218 -0.002 0.139
0.209 -0.001 0.132
0.199 0.001 0.123
0.187 0.003 0.114
0.179 0.004 0.108
0.171 0.005 0.102
0.164 0.006 0.096
0.159 0.006 0.092
0.154 0.007 0.088
0.150 0.007 0.085
0.146 0.007 0.082
0.143 0.007 0.079
0.140 0.006 0.077
0.138 0.006 0.075
0.136 0.005 0.073
0.134 0.004 0.072
0.133 0.004 0.070
0.131 0.003 0.069
0.129 0.002 0.067
0.127 0.002 0.065
0.125 0.001 0.064
0.123 0.001 0.062
0.122 0.000 0.060
0.120 0.000 0.059
0.120 -0.001 0.059
0.120 -0.003 0.059
0.118 -0.003 0.057
0.114 -0.003 0.054
0.111 -0.002 0.051
0.108 -0.002 0.049
0.105 -0.002 0.047
0.103 -0.002 0.045
0.100 -0.002 0.043
0.098 -0.002 0.041
0.096 -0.002 0.039
0.094 -0.002 0.038
0.092 -0.002 0.036
0.090 -0.002 0.034
0.088 -0.002 0.033
0.086 -0.002 0.031
0.083 -0.002 0.029
0.081 -0.001 0.027
0.079 -0.001 0.026
0.078 -0.002 0.025
0.077 -0.002 0.024
0.075 -0.002 0.022
0.073 -0.002 0.021
0.073 -0.003 0.020
0.072 -0.003 0.019
0.069 -0.003 0.017
0.068 -0.003 0.016
0.068 -0.003 0.016
0.067 -0.004 0.015
0.066 -0.004 0.014
0.064 -0.004 0.013
0.064 -0.005 0.013
0.064 -0.006 0.012
0.062 -0.006 0.011
0.061 -0.006 0.010
0.060 -0.006 0.009
0.060 -0.007 0.009
0.058 -0.007 0.008
0.056 -0.007 0.006
0.055 -0.006 0.005
0.053 -0.006 0.004
0.051 -0.006 0.002
0.050 -0.005 0.001
0.048 -0.005 -0.001
0.047 -0.005 -0.001
0.047 -0.006 -0.001
0.045 -0.005 -0.003
0.044 -0.005 -0.004
0.043 -0.005 -0.005
0.043 -0.006 -0.005
0.042 -0.006 -0.006
0.041 -0.006 -0.007
0.040 -0.006 -0.008
0.039 -0.006 -0.008
0.038 -0.006 -0.009
0.036 -0.006 -0.010
0.035 -0.006 -0.011
0.035 -0.006 -0.011
0.034 -0.007 -0.012
0.033 -0.007 -0.013
0.032 -0.007 -0.014
0.031 -0.007 -0.014
0.030 -0.006 -0.015
0.029 -0.006 -0.016
0.029 -0.006 -0.017
0.028 -0.007 -0.017
0.027 -0.006 -0.018
0.026 -0.006 -0.019
0.025 -0.006 -0.020
0.024 -0.006 -0.020
0.023 -0.006 -0.021
0.023 -0.006 -0.021
0.022 -0.006 -0.022
0.021 -0.006 -0.023
0.020 -0.006 -0.023
0.020 -0.006 -0.024
0.019 -0.006 -0.024
0.018 -0.006 -0.025
0.017 -0.006 -0.026
0.017 -0.007 -0.026
0.016 -0.006 -0.027
0.016 -0.006 -0.027
0.015 -0.006 -0.028
0.014 -0.006 -0.028
0.013 -0.006 -0.029
0.013 -0.006 -0.030
0.012 -0.006 -0.030
0.012 -0.007 -0.030
0.011 -0.006 -0.031
0.010 -0.006 -0.032
0.009 -0.006 -0.032
0.009 -0.007 -0.032
0.008 -0.006 -0.033
0.007 -0.006 -0.034
0.007 -0.006 -0.034
0.006 -0.005 -0.035
0.005 -0.005 -0.036
0.004 -0.005 -0.036
0.004 -0.005 -0.037
0.003 -0.005 -0.037
0.002 -0.004 -0.038
0.001 -0.004 -0.038
0.001 -0.004 -0.039
0.001 -0.005 -0.039
0.001 -0.006 -0.039
0.002 -0.007 -0.039
0.002 -0.008 -0.039
0.001 -0.007 -0.039
0.000 -0.007 -0.040
0.000 -0.008 -0.040
0.000 -0.008 -0.040
-0.001 -0.008 -0.041
-0.001 -0.008 -0.041
-0.003 -0.006 -0.042
-0.004 -0.005 -0.043
-0.006 -0.003 -0.044
-0.007 -0.002 -0.045
-0.008 -0.001 -0.046
-0.012 0.004 -0.048
-0.011 0.002 -0.048
0.002 -0.018 -0.040
0.344 0.223 0.282
0.345 0.222 0.283
0.346 0.220 0.284
0.347 0.218 0.284
0.346 0.215 0.283
0.344 0.213 0.281
0.343 0.210 0.279
0.342 0.208 0.278
0.341 0.205 0.277
0.340 0.203 0.276
0.338 0.201 0.274
0.336 0.198 0.272
0.332 0.195 0.268
0.328 0.191 0.264
0.325 0.189 0.261
0.324 0.186 0.259
0.322 0.184 0.258
0.321 0.181 0.256
0.318 0.179 0.254
0.316 0.176 0.251
0.314 0.174 0.249
0.311 0.171 0.247
0.309 0.169 0.245
0.307 0.166 0.242
0.305 0.164 0.240
0.302 0.161 0.238
0.300 0.159 0.235
0.296 0.156 0.232
0.294 0.154 0.229
0.291 0.151 0.227
0.288 0.149 0.224
0.286 0.147 0.222
0.285 0.144 0.221
0.284 0.142 0.219
0.284 0.140 0.219
0.283 0.138 0.218
0.283 0.136 0.217
0.283 0.134 0.217
0.282 0.132 0.216
0.282 0.130 0.216
0.282 0.128 0.215
0.281 0.126 0.214
0.281 0.124 0.214
0.280 0.122 0.213
0.280 0.120 0.212
0.279 0.118 0.211
0.279 0.116 0.211
0.279 0.114 0.210
0.279 0.112 0.210
0.278 0.110 0.209
0.279 0.108 0.210
0.280 0.107 0.210
0.281 0.105 0.210
0.281 0.103 0.210
0.282 0.101 0.210
0.282 0.099 0.210
0.282 0.097 0.209
0.282 0.095 0.209
0.282 0.092 0.209
0.282 0.090 0.208
0.281 0.088 0.207
0.282 0.086 0.208
0.283 0.084 0.208
0.283 0.082 0.208
0.283 0.080 0.208
0.283 0.078 0.208
0.282 0.076 0.206
0.281 0.074 0.205
0.280 0.072 0.204
0.279 0.070 0.203
0.279 0.068 0.202
0.279 0.066 0.202
0.279 0.064 0.202
0.280 0.062 0.202
0.280 0.059 0.202
0.280 0.057 0.201
0.280 0.055 0.201
0.279 0.053 0.200
0.279 0.051 0.200
0.279 0.049 0.199
0.278 0.047 0.198
0.277 0.045 0.197
0.275 0.043 0.195
0.272 0.041 0.192
0.270 0.040 0.190
0.268 0.038 0.188
0.266 0.036 0.186
0.264 0.034 0.185
0.263 0.033 0.183
0.261 0.031 0.181
0.260 0.029 0.180
0.259 0.027 0.179
0.259 0.025 0.178
0.258 0.023 0.177
0.257 0.021 0.176
0.257 0.019 0.176
0.257 0.017 0.175
0.257 0.015 0.175
0.257 0.013 0.174
0.256 0.011 0.174
0.256 0.009 0.173
0.254 0.008 0.172
0.252 0.006 0.169
0.248 0.005 0.166
0.243 0.004 0.162
0.239 0.004 0.158
0.234 0.003 0.154
0.230 0.002 0.151
0.226 0.001 0.148
0.221 0.001 0.143
0.216 0.001 0.139
0.210 0.001 0.134
0.202 0.001 0.128
0.194 0.002 0.122
0.185 0.003 0.114
0.177 0.005 0.107
0.168 0.006 0.101
0.162 0.006 0.096
0.158 0.007 0.092
0.154 0.006 0.089
0.151 0.006 0.086
0.147 0.006 0.083
0.144 0.006 0.081
0.142 0.005 0.079
0.139 0.005 0.077
0.137 0.004 0.075
0.135 0.004 0.073
0.134 0.003 0.072
0.132 0.002 0.070
0.130 0.002 0.068
0.128 0.001 0.067
0.125 0.001 0.065
0.124 0.000 0.063
0.122 0.000 0.062
0.120 -0.001 0.060
0.119 -0.002 0.059
0.118 -0.002 0.058
0.116 -0.002 0.056
0.112 -0.002 0.053
0.108 -0.001 0.050
0.105 -0.001 0.048
0.103 -0.001 0.046
0.100 -0.001 0.044
0.098 -0.001 0.042
0.096 -0.001 0.040
0.093 -0.001 0.038
0.091 -0.001 0.036
0.089 -0.001 0.034
0.086 0.000 0.032
0.084 0.000 0.031
0.082 0.000 0.029
0.080 0.000 0.027
0.078 0.000 0.025
0.076 0.000 0.024
0.075 0.000 0.023
0.072 0.000 0.021
0.071 0.000 0.020
0.070 0.000 0.019
0.069 -0.001 0.018
0.068 -0.001 0.017
0.066 -0.001 0.016
0.064 -0.001 0.014
0.064 -0.002 0.014
0.063 -0.002 0.013
0.062 -0.002 0.012
0.061 -0.003 0.011
0.060 -0.003 0.010
0.059 -0.003 0.009
0.057 -0.002 0.008
0.055 -0.002 0.006
0.055 -0.003 0.006
0.054 -0.003 0.005
0.052 -0.003 0.004
0.050 -0.003 0.003
0.048 -0.002 0.001
0.047 -0.002 0.000
0.045 -0.001 -0.001
0.044 -0.001 -0.003
0.042 -0.001 -0.004
0.042 -0.001 -0.004
0.040 -0.001 -0.005
0.039 -0.001 -0.006
0.038 -0.001 -0.007
0.037 -0.001 -0.008
0.037 -0.001 -0.009
0.036 -0.002 -0.009
0.035 -0.002 -0.010
0.034 -0.002 -0.010
0.033 -0.002 -0.011
0.032 -0.002 -0.012
0.031 -0.002 -0.013
0.030 -0.002 -0.014
0.030 -0.002 -0.014
0.029 -0.002 -0.015
0.028 -0.002 -0.016
0.027 -0.002 -0.017
0.026 -0.002 -0.017
0.025 -0.002 -0.018
0.024 -0.001 -0.019
0.023 -0.002 -0.020
0.022 -0.002 -0.020
0.021 -0.001 -0.021
0.020 -0.001 -0.022
0.019 -0.001 -0.023
0.018 -0.001 -0.023
0.018 -0.001 -0.024
0.017 -0.001 -0.025
0.016 -0.001 -0.025
0.015 -0.001 -0.026
0.014 -0.001 -0.027
0.014 0.000 -0.027
0.013 0.000 -0.028
0.012 0.000 -0.028
0.011 0.000 -0.029
0.011 0.000 -0.030
0.010 0.000 -0.030
0.009 0.000 -0.031
0.009 0.000 -0.031
0.008 0.000 -0.032
0.007 0.001 -0.033
0.007 0.000 -0.033
0.006 0.000 -0.033
0.005 0.001 -0.034
0.005 0.000 -0.034
0.004 0.000 -0.035
0.004 0.000 -0.035
0.003 0.000 -0.036
0.003 0.000 -0.036
0.002 0.000 -0.037
0.001 0.001 -0.037
0.000 0.001 -0.038
-0.001 0.001 -0.039
-0.001 0.002 -0.039
-0.002 0.002 -0.040
-0.003 0.002 -0.040
-0.003 0.002 -0.041
-0.004 0.002 -0.041
-0.004 0.002 -0.042
-0.005 0.002 -0.042
-0.005 0.002 -0.042
-0.005 0.001 -0.042
-0.006 0.002 -0.043
-0.007 0.002 -0.043
-0.008 0.003 -0.044
-0.008 0.003 -0.045
-0.009 0.004 -0.045
-0.010 0.004 -0.046
-0.011 0.005 -0.046
-0.012 0.006 -0.047
-0.013 0.007 -0.048
-0.014 0.008 -0.049
-0.014 0.007 -0.049
-0.015 0.008 -0.049
-0.015 0.007 -0.049
-0.022 0.016 -0.053
-0.004 -0.010 -0.043
0.343 0.224 0.284
0.340 0.221 0.281
0.344 0.219 0.284
0.344 0.217 0.283
0.342 0.215 0.282
0.341 0.212 0.280
0.340 0.210 0.279
0.339 0.207 0.277
0.338 0.205 0.276
0.337 0.203 0.275
0.335 0.200 0.273
0.334 0.197 0.271
0.332 0.195 0.269
0.328 0.192 0.266
0.325 0.189 0.263
0.323 0.186 0.261
0.321 0.184 0.259
0.319 0.181 0.257
0.317 0.179 0.254
0.315 0.176 0.252
0.312 0.174 0.250
0.311 0.171 0.248
0.308 0.169 0.245
0.306 0.166 0.243
0.304 0.164 0.241
0.302 0.161 0.239
0.299 0.159 0.236
0.297 0.156 0.234
0.294 0.154 0.231
0.291 0.151 0.229
0.289 0.149 0.226
0.287 0.147 0.224
0.286 0.145 0.223
0.285 0.143 0.222
0.284 0.141 0.221
0.283 0.138 0.220
0.283 0.136 0.219
0.283 0.134 0.218
0.282 0.132 0.218
0.282 0.130 0.217
0.282 0.128 0.217
0.281 0.126 0.216
0.281 0.124 0.215
0.280 0.122 0.214
0.279 0.120 0.213
0.279 0.118 0.213
0.279 0.116 0.212
0.279 0.114 0.212
0.278 0.112 0.211
0.278 0.110 0.210
0.278 0.108 0.210
0.278 0.106 0.210
0.279 0.104 0.210
0.279 0.102 0.210
0.279 0.100 0.210
0.279 0.098 0.209
0.279 0.096 0.209
0.279 0.094 0.209
0.279 0.092 0.209
0.279 0.090 0.208
0.278 0.088 0.207
0.278 0.086 0.206
0.279 0.084 0.207
0.279 0.082 0.207
0.280 0.080 0.207
0.279 0.078 0.206
0.279 0.076 0.205
0.277 0.074 0.204
0.276 0.072 0.203
0.276 0.070 0.202
0.275 0.068 0.201
0.275 0.066 0.200
0.275 0.064 0.200
0.275 0.062 0.200
0.275 0.060 0.199
0.275 0.058 0.199
0.276 0.056 0.199
0.276 0.053 0.199
0.276 0.051 0.198
0.275 0.049 0.198
0.275 0.047 0.197
0.274 0.045 0.196
0.273 0.043 0.195
0.271 0.042 0.192
0.269 0.040 0.191
0.267 0.038 0.189
0.265 0.036 0.187
0.263 0.034 0.185
0.262 0.033 0.184
0.260 0.031 0.182
0.259 0.029 0.181
0.258 0.027 0.180
0.258 0.025 0.179
0.257 0.023 0.178
0.256 0.021 0.177
0.255 0.019 0.176
0.255 0.017 0.175
0.255 0.015 0.175
0.255 0.013 0.175
0.255 0.011 0.174
0.255 0.009 0.174
0.254 0.007 0.173
0.252 0.006 0.171
0.249 0.005 0.168
0.245 0.004 0.165
0.240 0.003 0.161
0.235 0.002 0.157
0.231 0.002 0.153
0.226 0.001 0.149
0.222 0.000 0.145
0.216 0.000 0.140
0.210 0.000 0.135
0.203 0.001 0.130
0.196 0.001 0.124
0.188 0.002 0.118
0.179 0.004 0.110
0.171 0.005 0.104
0.164 0.005 0.099
0.159 0.006 0.095
0.155 0.006 0.091
0.152 0.005 0.088
0.149 0.005 0.086
0.146 0.005 0.083
0.143 0.004 0.081
0.140 0.004 0.079
0.138 0.004 0.077
0.136 0.003 0.075
0.134 0.002 0.073
0.132 0.002 0.071
0.130 0.001 0.070
0.128 0.001 0.068
0.127 0.000 0.067
0.125 0.000 0.065
0.123 -0.001 0.063
0.121 -0.001 0.062
0.120 -0.002 0.060
0.118 -0.003 0.059
0.116 -0.003 0.057
0.113 -0.003 0.055
0.109 -0.002 0.052
0.107 -0.002 0.050
0.104 -0.002 0.048
0.101 -0.002 0.045
0.099 -0.002 0.043
0.096 -0.001 0.041
0.094 -0.001 0.039
0.091 -0.001 0.037
0.089 -0.001 0.035
0.087 -0.001 0.033
0.085 -0.001 0.032
0.083 -0.001 0.030
0.081 -0.001 0.029
0.079 -0.001 0.027
0.077 -0.001 0.026
0.076 -0.001 0.024
0.074 -0.001 0.023
0.072 -0.001 0.021
0.071 -0.001 0.020
0.070 -0.002 0.019
0.069 -0.002 0.018
0.067 -0.002 0.017
0.065 -0.002 0.016
0.065 -0.002 0.015
0.064 -0.003 0.014
0.063 -0.003 0.013
0.062 -0.003 0.012
0.061 -0.003 0.011
0.059 -0.003 0.010
0.058 -0.003 0.009
0.056 -0.003 0.008
0.055 -0.003 0.007
0.054 -0.004 0.006
0.053 -0.004 0.005
0.052 -0.004 0.004
0.050 -0.004 0.003
0.049 -0.003 0.002
0.048 -0.003 0.001
0.046 -0.003 -0.001
0.044 -0.003 -0.002
0.043 -0.003 -0.003
0.042 -0.003 -0.004
0.041 -0.002 -0.005
0.039 -0.002 -0.006
0.038 -0.002 -0.007
0.037 -0.002 -0.008
0.036 -0.002 -0.008
0.036 -0.003 -0.009
0.035 -0.003 -0.010
0.033 -0.002 -0.011
0.032 -0.002 -0.012
0.031 -0.002 -0.013
0.030 -0.002 -0.013
0.029 -0.002 -0.014
0.029 -0.002 -0.015
0.028 -0.002 -0.015
0.027 -0.002 -0.016
0.026 -0.002 -0.017
0.025 -0.002 -0.018
0.024 -0.002 -0.019
0.023 -0.002 -0.019
0.022 -0.002 -0.020
0.021 -0.002 -0.021
0.020 -0.001 -0.022
0.019 -0.001 -0.022
0.018 -0.001 -0.023
0.017 -0.001 -0.024
0.017 -0.001 -0.024
0.016 -0.001 -0.025
0.015 -0.001 -0.026
0.014 -0.001 -0.026
0.013 -0.001 -0.027
0.013 0.000 -0.028
0.012 0.000 -0.028
0.011 0.000 -0.029
0.011 0.000 -0.029
0.010 0.000 -0.030
0.009 0.000 -0.030
0.009 0.000 -0.031
0.008 0.000 -0.032
0.007 0.000 -0.032
0.006 0.000 -0.033
0.006 0.000 -0.033
0.005 0.000 -0.034
0.004 0.000 -0.034
0.004 0.000 -0.035
0.003 0.000 -0.035
0.003 0.000 -0.036
0.002 0.000 -0.036
0.002 0.000 -0.037
0.001 0.001 -0.037
0.000 0.001 -0.038
-0.001 0.001 -0.038
-0.002 0.002 -0.039
-0.002 0.002 -0.040
-0.003 0.002 -0.040
-0.004 0.002 -0.041
-0.004 0.003 -0.041
-0.005 0.003 -0.042
-0.005 0.003 -0.042
-0.005 0.002 -0.042
-0.006 0.002 -0.042
-0.006 0.002 -0.043
-0.007 0.003 -0.043
-0.008 0.003 -0.044
-0.009 0.004 -0.045
-0.009 0.004 -0.045
-0.010 0.004 -0.046
-0.011 0.004 -0.046
-0.012 0.006 -0.047
-0.013 0.007 -0.048
-0.014 0.007 -0.048
-0.015 0.008 -0.049
-0.015 0.007 -0.049
-0.017 0.009 -0.050
-0.017 0.010 -0.051
-0.011 0.000 -0.047
0.340 0.223 0.283
0.341 0.221 0.284
0.342 0.219 0.284
0.343 0.217 0.285
0.341 0.215 0.283
0.340 0.212 0.281
0.339 0.210 0.280
0.338 0.207 0.279
0.337 0.205 0.277
0.336 0.203 0.276
0.336 0.200 0.275
0.335 0.198 0.275
0.334 0.196 0.273
0.331 0.193 0.270
0.326 0.190 0.266
0.325 0.187 0.264
0.323 0.184 0.262
0.321 0.182 0.260
0.318 0.179 0.257
0.316 0.177 0.255
0.314 0.174 0.253
0.312 0.172 0.251
0.309 0.169 0.248
0.307 0.167 0.246
0.305 0.164 0.244
0.302 0.162 0.241
0.300 0.159 0.239
0.297 0.157 0.236
0.295 0.154 0.234
0.292 0.152 0.231
0.289 0.149 0.228
0.287 0.147 0.226
0.286 0.145 0.224
0.284 0.143 0.223
0.284 0.141 0.222
0.283 0.139 0.221
0.283 0.137 0.221
0.283 0.135 0.220
0.282 0.133 0.219
0.282 0.131 0.219
0.282 0.129 0.218
0.281 0.127 0.218
0.281 0.125 0.217
0.280 0.123 0.216
0.280 0.120 0.215
0.279 0.118 0.215
0.279 0.116 0.214
0.279 0.114 0.214
0.279 0.112 0.213
0.278 0.110 0.212
0.278 0.108 0.212
0.278 0.106 0.212
0.279 0.105 0.212
0.279 0.103 0.212
0.280 0.101 0.212
0.280 0.098 0.212
0.280 0.096 0.212
0.280 0.094 0.211
0.280 0.092 0.211
0.280 0.090 0.211
0.279 0.088 0.210
0.279 0.086 0.208
0.279 0.084 0.209
0.280 0.082 0.209
0.280 0.080 0.209
0.280 0.078 0.208
0.279 0.076 0.207
0.278 0.074 0.206
0.278 0.072 0.205
0.277 0.070 0.204
0.276 0.068 0.203
0.276 0.066 0.203
0.276 0.064 0.202
0.276 0.062 0.202
0.276 0.060 0.202
0.276 0.057 0.202
0.277 0.055 0.202
0.277 0.053 0.201
0.277 0.051 0.201
0.277 0.049 0.201
0.276 0.047 0.200
0.275 0.045 0.198
0.273 0.043 0.196
0.271 0.041 0.194
0.269 0.039 0.192
0.267 0.038 0.191
0.266 0.036 0.189
0.264 0.034 0.187
0.262 0.032 0.185
0.260 0.031 0.184
0.259 0.029 0.182
0.258 0.027 0.181
0.258 0.025 0.181
0.257 0.023 0.180
0.256 0.021 0.179
0.255 0.019 0.178
0.255 0.017 0.177
0.255 0.015 0.177
0.255 0.013 0.176
0.255 0.011 0.176
0.255 0.009 0.175
0.254 0.007 0.174
0.253 0.005 0.173
0.251 0.004 0.171
0.247 0.003 0.168
0.242 0.002 0.164
0.236 0.002 0.159
0.231 0.001 0.155
0.227 0.000 0.151
0.222 0.000 0.147
0.217 0.000 0.143
0.212 -0.001 0.138
0.206 0.000 0.133
0.200 0.000 0.128
0.192 0.001 0.122
0.180 0.003 0.112
0.170 0.005 0.104
0.163 0.005 0.099
0.159 0.005 0.095
0.156 0.005 0.093
0.153 0.005 0.090
0.149 0.005 0.087
0.146 0.004 0.084
0.143 0.004 0.082
0.141 0.004 0.080
0.138 0.003 0.078
0.136 0.003 0.076
0.134 0.002 0.074
0.133 0.001 0.073
0.131 0.001 0.071
0.130 0.000 0.070
0.128 -0.001 0.069
0.126 -0.001 0.067
0.124 -0.002 0.065
0.122 -0.002 0.063
0.120 -0.003 0.062
0.118 -0.003 0.060
0.115 -0.003 0.057
0.111 -0.002 0.055
0.108 -0.002 0.052
0.105 -0.002 0.050
0.103 -0.002 0.048
0.101 -0.002 0.046
0.098 -0.002 0.044
0.095 -0.001 0.041
0.093 -0.001 0.039
0.091 -0.001 0.038
0.089 -0.001 0.036
0.087 -0.001 0.034
0.085 -0.001 0.033
0.083 -0.001 0.031
0.081 -0.001 0.030
0.079 -0.001 0.028
0.078 -0.001 0.027
0.076 -0.001 0.025
0.075 -0.002 0.024
0.073 -0.002 0.023
0.072 -0.002 0.022
0.071 -0.003 0.021
0.070 -0.003 0.020
0.069 -0.003 0.019
0.067 -0.003 0.018
0.066 -0.004 0.017
0.065 -0.004 0.016
0.064 -0.004 0.015
0.063 -0.004 0.014
0.062 -0.005 0.013
0.060 -0.004 0.012
0.058 -0.004 0.010
0.057 -0.004 0.009
0.056 -0.005 0.008
0.056 -0.005 0.008
0.054 -0.005 0.006
0.052 -0.004 0.005
0.051 -0.004 0.004
0.049 -0.004 0.003
0.048 -0.004 0.002
0.047 -0.004 0.000
0.045 -0.004 -0.001
0.044 -0.004 -0.002
0.042 -0.003 -0.003
0.041 -0.003 -0.004
0.040 -0.003 -0.005
0.039 -0.003 -0.006
0.038 -0.003 -0.007
0.037 -0.003 -0.008
0.036 -0.003 -0.008
0.034 -0.003 -0.010
0.033 -0.002 -0.010
0.032 -0.002 -0.011
0.031 -0.002 -0.012
0.030 -0.002 -0.013
0.029 -0.002 -0.014
0.028 -0.002 -0.014
0.028 -0.002 -0.015
0.026 -0.002 -0.016
0.025 -0.002 -0.017
0.024 -0.002 -0.018
0.023 -0.002 -0.019
0.022 -0.001 -0.019
0.021 -0.001 -0.020
0.021 -0.001 -0.021
0.020 -0.001 -0.021
0.019 -0.001 -0.022
0.018 -0.001 -0.023
0.017 -0.001 -0.024
0.016 -0.001 -0.024
0.016 -0.001 -0.025
0.015 -0.001 -0.025
0.014 -0.001 -0.026
0.013 -0.001 -0.027
0.012 -0.001 -0.027
0.012 0.000 -0.028
0.011 0.000 -0.029
0.010 0.000 -0.029
0.010 0.000 -0.030
0.009 0.000 -0.030
0.008 0.000 -0.031
0.007 0.000 -0.031
0.007 0.000 -0.032
0.006 0.000 -0.033
0.005 0.000 -0.033
0.005 0.000 -0.034
0.004 0.001 -0.034
0.003 0.001 -0.035
0.003 0.000 -0.035
0.002 0.001 -0.036
0.002 0.001 -0.036
0.001 0.001 -0.037
0.000 0.001 -0.037
-0.001 0.001 -0.038
-0.002 0.002 -0.039
-0.002 0.002 -0.039
-0.003 0.003 -0.040
-0.004 0.003 -0.040
-0.004 0.003 -0.041
-0.005 0.003 -0.041
-0.005 0.003 -0.041
-0.005 0.002 -0.042
-0.005 0.002 -0.042
-0.006 0.002 -0.042
-0.006 0.002 -0.043
-0.007 0.003 -0.043
-0.009 0.003 -0.044
-0.009 0.004 -0.045
-0.010 0.004 -0.045
-0.011 0.005 -0.046
-0.012 0.005 -0.046
-0.013 0.006 -0.047
-0.014 0.008 -0.048
-0.015 0.008 -0.049
-0.015 0.008 -0.049
-0.016 0.008 -0.049
-0.017 0.010 -0.050
-0.018 0.011 -0.051
-0.011 0.000 -0.047
0.340 0.223 0.285
0.340 0.221 0.285
0.341 0.219 0.285
0.341 0.217 0.285
0.340 0.215 0.283
0.339 0.212 0.282
0.338 0.210 0.281
0.337 0.207 0.280
0.337 0.205 0.279
0.336 0.203 0.278
0.337 0.201 0.278
0.338 0.199 0.279
0.338 0.197 0.278
0.334 0.194 0.275
0.328 0.190 0.270
0.326 0.188 0.267
0.324 0.185 0.265
0.322 0.182 0.263
0.319 0.180 0.260
0.317 0.177 0.258
0.315 0.175 0.256
0.313 0.172 0.253
0.311 0.170 0.251
0.308 0.167 0.249
0.306 0.164 0.246
0.303 0.162 0.244
0.300 0.159 0.241
0.298 0.157 0.239
0.296 0.154 0.236
0.293 0.152 0.233
0.290 0.150 0.230
0.287 0.147 0.228
0.286 0.145 0.226
0.284 0.143 0.225
0.283 0.141 0.224
0.283 0.139 0.223
0.283 0.137 0.222
0.282 0.135 0.222
0.282 0.133 0.221
0.282 0.131 0.220
0.281 0.129 0.220
0.281 0.127 0.219
0.281 0.125 0.218
0.280 0.123 0.218
0.280 0.121 0.217
0.279 0.119 0.216
0.279 0.117 0.216
0.279 0.115 0.215
0.279 0.112 0.215
0.278 0.110 0.214
0.279 0.109 0.214
0.279 0.107 0.214
0.279 0.104 0.213
0.279 0.102 0.213
0.279 0.100 0.213
0.280 0.098 0.213
0.280 0.096 0.213
0.280 0.094 0.213
0.280 0.092 0.212
0.280 0.090 0.212
0.279 0.088 0.211
0.279 0.086 0.210
0.278 0.084 0.210
0.280 0.082 0.210
0.280 0.080 0.211
0.280 0.078 0.210
0.279 0.076 0.209
0.279 0.074 0.208
0.278 0.072 0.208
0.278 0.070 0.207
0.278 0.068 0.206
0.277 0.066 0.205
0.277 0.064 0.205
0.276 0.061 0.204
0.277 0.059 0.204
0.276 0.057 0.203
0.277 0.055 0.203
0.277 0.053 0.203
0.277 0.051 0.202
0.277 0.049 0.202
0.276 0.047 0.201
0.275 0.045 0.200
0.273 0.043 0.198
0.271 0.041 0.196
0.269 0.039 0.194
0.268 0.037 0.193
0.266 0.036 0.191
0.264 0.034 0.189
0.262 0.032 0.187
0.260 0.030 0.185
0.259 0.028 0.184
0.258 0.027 0.183
0.257 0.025 0.182
0.256 0.023 0.181
0.256 0.021 0.180
0.255 0.019 0.179
0.255 0.017 0.178
0.254 0.015 0.178
0.254 0.013 0.177
0.254 0.011 0.177
0.254 0.009 0.177
0.254 0.007 0.176
0.253 0.005 0.175
0.253 0.003 0.175
0.250 0.001 0.172
0.243 0.001 0.166
0.237 0.001 0.161
0.231 0.001 0.156
0.227 0.000 0.152
0.221 0.000 0.148
0.217 -0.001 0.144
0.212 -0.001 0.139
0.206 -0.001 0.135
0.201 -0.001 0.131
0.194 -0.001 0.125
0.179 0.003 0.113
0.166 0.006 0.102
0.161 0.006 0.098
0.158 0.006 0.096
0.155 0.005 0.093
0.152 0.005 0.090
0.149 0.005 0.088
0.146 0.004 0.085
0.143 0.004 0.083
0.140 0.003 0.081
0.138 0.003 0.079
0.136 0.002 0.077
0.134 0.002 0.075
0.133 0.001 0.074
0.132 0.000 0.073
0.130 -0.001 0.071
0.129 -0.002 0.070
0.127 -0.002 0.069
0.125 -0.002 0.067
0.123 -0.003 0.065
0.120 -0.003 0.063
0.118 -0.003 0.060
0.114 -0.003 0.058
0.111 -0.002 0.055
0.108 -0.002 0.053
0.105 -0.002 0.050
0.103 -0.002 0.048
0.100 -0.002 0.046
0.098 -0.002 0.044
0.095 -0.002 0.042
0.093 -0.001 0.040
0.091 -0.001 0.038
0.089 -0.001 0.037
0.087 -0.001 0.035
0.085 -0.001 0.033
0.083 -0.002 0.032
0.081 -0.002 0.030
0.080 -0.002 0.029
0.078 -0.002 0.028
0.076 -0.002 0.026
0.075 -0.002 0.025
0.074 -0.003 0.024
0.073 -0.003 0.023
0.072 -0.003 0.022
0.070 -0.004 0.021
0.069 -0.004 0.020
0.068 -0.004 0.019
0.067 -0.004 0.018
0.066 -0.005 0.017
0.064 -0.005 0.016
0.063 -0.005 0.015
0.062 -0.005 0.013
0.060 -0.005 0.012
0.059 -0.005 0.011
0.058 -0.005 0.010
0.057 -0.005 0.009
0.056 -0.005 0.008
0.054 -0.005 0.007
0.052 -0.005 0.006
0.051 -0.005 0.005
0.050 -0.005 0.004
0.048 -0.005 0.002
0.047 -0.005 0.001
0.045 -0.004 0.000
0.044 -0.004 -0.001
0.043 -0.004 -0.002
0.041 -0.003 -0.004
0.040 -0.004 -0.004
0.039 -0.003 -0.005
0.038 -0.003 -0.006
0.037 -0.003 -0.007
0.035 -0.003 -0.008
0.034 -0.003 -0.009
0.033 -0.003 -0.010
0.032 -0.003 -0.011
0.031 -0.002 -0.012
0.030 -0.002 -0.013
0.029 -0.002 -0.013
0.028 -0.002 -0.014
0.027 -0.003 -0.015
0.026 -0.002 -0.016
0.025 -0.002 -0.017
0.024 -0.002 -0.018
0.023 -0.002 -0.018
0.022 -0.002 -0.019
0.021 -0.002 -0.020
0.020 -0.002 -0.020
0.020 -0.001 -0.021
0.019 -0.001 -0.022
0.018 -0.001 -0.023
0.017 -0.001 -0.023
0.016 -0.001 -0.024
0.015 -0.001 -0.025
0.015 -0.001 -0.025
0.014 -0.001 -0.026
0.013 -0.001 -0.026
0.012 -0.001 -0.027
0.011 0.000 -0.028
0.011 0.000 -0.028
0.010 -0.001 -0.029
0.009 -0.001 -0.029
0.009 0.000 -0.030
0.008 -0.001 -0.030
0.007 0.000 -0.031
0.007 0.000 -0.032
0.006 0.000 -0.032
0.005 0.000 -0.033
0.005 0.000 -0.033
0.004 0.000 -0.034
0.003 0.000 -0.034
0.003 0.000 -0.035
0.002 0.000 -0.035
0.001 0.000 -0.036
0.001 0.001 -0.036
0.000 0.001 -0.037
-0.001 0.001 -0.038
-0.002 0.002 -0.038
-0.002 0.002 -0.039
-0.003 0.002 -0.039
-0.004 0.003 -0.040
-0.005 0.003 -0.040
-0.005 0.003 -0.041
-0.005 0.003 -0.041
-0.005 0.002 -0.041
-0.006 0.002 -0.042
-0.006 0.002 -0.042
-0.007 0.002 -0.042
-0.007 0.002 -0.043
-0.008 0.003 -0.044
-0.009 0.003 -0.044
-0.010 0.003 -0.045
-0.010 0.004 -0.045
-0.011 0.005 -0.046
-0.012 0.005 -0.047
-0.014 0.007 -0.047
-0.014 0.007 -0.048
-0.015 0.007 -0.048
-0.015 0.007 -0.049
-0.016 0.008 -0.049
-0.016 0.007 -0.049
-0.011 0.000 -0.047
0.339 0.223 0.286
0.339 0.221 0.286
0.339 0.219 0.285
0.339 0.217 0.285
0.337 0.214 0.283
0.337 0.212 0.282
0.336 0.210 0.281
0.336 0.207 0.280
0.335 0.205 0.280
0.335 0.203 0.280
0.337 0.201 0.280
0.339 0.200 0.282
0.341 0.198 0.283
0.337 0.195 0.279
0.330 0.191 0.273
0.327 0.188 0.270
0.325 0.186 0.268
0.323 0.183 0.266
0.320 0.180 0.263
0.318 0.177 0.260
0.315 0.175 0.258
0.313 0.172 0.256
0.311 0.170 0.253
0.309 0.167 0.251
0.307 0.165 0.249
0.304 0.162 0.246
0.301 0.160 0.244
0.299 0.157 0.241
0.296 0.155 0.238
0.293 0.152 0.236
0.290 0.150 0.232
0.287 0.147 0.230
0.285 0.145 0.228
0.284 0.143 0.226
0.283 0.141 0.225
0.283 0.139 0.224
0.282 0.137 0.224
0.282 0.135 0.223
0.282 0.133 0.222
0.281 0.131 0.222
0.281 0.129 0.221
0.281 0.127 0.221
0.281 0.125 0.220
0.280 0.123 0.219
0.280 0.121 0.219
0.279 0.119 0.218
0.279 0.117 0.218
0.279 0.115 0.217
0.279 0.113 0.217
0.279 0.111 0.216
0.279 0.109 0.216
0.279 0.107 0.216
0.279 0.105 0.215
0.279 0.102 0.215
0.279 0.100 0.215
0.279 0.098 0.214
0.280 0.096 0.215
0.280 0.094 0.214
0.280 0.092 0.214
0.279 0.090 0.213
0.279 0.088 0.213
0.278 0.086 0.212
0.278 0.084 0.211
0.279 0.082 0.212
0.281 0.080 0.212
0.281 0.078 0.212
0.280 0.076 0.211
0.280 0.074 0.211
0.280 0.072 0.210
0.279 0.070 0.210
0.279 0.067 0.209
0.278 0.065 0.208
0.278 0.063 0.207
0.277 0.061 0.207
0.277 0.059 0.206
0.277 0.057 0.205
0.277 0.055 0.205
0.276 0.053 0.204
0.276 0.051 0.204
0.276 0.049 0.203
0.275 0.047 0.203
0.274 0.045 0.201
0.273 0.043 0.200
0.271 0.041 0.198
0.269 0.039 0.196
0.267 0.037 0.194
0.265 0.035 0.192
0.263 0.034 0.190
0.261 0.032 0.188
0.260 0.030 0.187
0.258 0.028 0.185
0.258 0.026 0.184
0.256 0.025 0.183
0.256 0.023 0.182
0.255 0.021 0.181
0.254 0.019 0.180
0.254 0.017 0.179
0.253 0.015 0.179
0.253 0.013 0.178
0.253 0.011 0.178
0.253 0.009 0.178
0.253 0.007 0.177
0.254 0.004 0.177
0.254 0.002 0.177
0.251 0.001 0.174
0.242 0.001 0.167
0.236 0.001 0.162
0.231 0.001 0.157
0.226 0.000 0.153
0.221 0.000 0.149
0.216 -0.001 0.145
0.212 -0.001 0.141
0.206 -0.001 0.136
0.201 -0.002 0.132
0.195 -0.001 0.127
0.178 0.003 0.113
0.161 0.007 0.100
0.158 0.007 0.097
0.156 0.006 0.095
0.154 0.005 0.093
0.151 0.005 0.091
0.148 0.004 0.088
0.145 0.004 0.086
0.142 0.004 0.083
0.140 0.003 0.081
0.138 0.003 0.080
0.136 0.002 0.078
0.134 0.001 0.076
0.133 0.001 0.075
0.131 0.000 0.074
0.130 -0.001 0.073
0.129 -0.002 0.071
0.127 -0.002 0.070
0.125 -0.003 0.068
0.122 -0.003 0.066
0.120 -0.003 0.063
0.117 -0.003 0.061
0.113 -0.002 0.058
0.110 -0.002 0.055
0.107 -0.002 0.053
0.104 -0.002 0.050
0.101 -0.002 0.048
0.099 -0.002 0.046
0.097 -0.002 0.044
0.095 -0.002 0.043
0.092 -0.001 0.041
0.090 -0.001 0.039
0.088 -0.001 0.037
0.086 -0.001 0.035
0.084 -0.001 0.034
0.082 -0.001 0.032
0.080 -0.002 0.031
0.079 -0.002 0.029
0.077 -0.002 0.028
0.076 -0.002 0.027
0.075 -0.003 0.026
0.074 -0.003 0.025
0.073 -0.003 0.024
0.071 -0.004 0.023
0.070 -0.004 0.021
0.069 -0.004 0.020
0.068 -0.004 0.019
0.066 -0.004 0.018
0.065 -0.005 0.017
0.064 -0.005 0.016
0.062 -0.005 0.015
0.061 -0.005 0.014
0.060 -0.005 0.013
0.059 -0.005 0.012
0.057 -0.005 0.011
0.056 -0.005 0.010
0.055 -0.005 0.008
0.054 -0.005 0.007
0.052 -0.005 0.006
0.051 -0.005 0.005
0.049 -0.005 0.004
0.047 -0.004 0.002
0.046 -0.004 0.001
0.044 -0.004 0.000
0.043 -0.004 -0.001
0.042 -0.004 -0.002
0.040 -0.003 -0.003
0.039 -0.003 -0.004
0.038 -0.003 -0.005
0.037 -0.003 -0.006
0.036 -0.003 -0.007
0.035 -0.003 -0.008
0.034 -0.003 -0.009
0.032 -0.003 -0.010
0.031 -0.002 -0.011
0.030 -0.002 -0.012
0.029 -0.002 -0.013
0.028 -0.002 -0.013
0.027 -0.002 -0.014
0.026 -0.002 -0.015
0.025 -0.002 -0.016
0.024 -0.002 -0.017
0.023 -0.001 -0.018
0.022 -0.001 -0.018
0.021 -0.001 -0.019
0.020 -0.001 -0.020
0.020 -0.001 -0.020
0.019 -0.001 -0.021
0.018 -0.001 -0.022
0.017 -0.001 -0.023
0.016 -0.001 -0.023
0.015 0.000 -0.024
0.014 0.000 -0.025
0.014 0.000 -0.025
0.013 0.000 -0.026
0.012 0.000 -0.026
0.012 0.000 -0.027
0.011 0.000 -0.028
0.010 0.000 -0.028
0.009 0.000 -0.029
0.009 0.000 -0.029
0.008 0.000 -0.030
0.008 0.000 -0.030
0.007 0.000 -0.031
0.006 0.000 -0.032
0.005 0.000 -0.032
0.005 0.000 -0.033
0.004 0.000 -0.033
0.003 0.000 -0.034
0.003 0.001 -0.034
0.002 0.001 -0.035
0.002 0.001 -0.035
0.001 0.001 -0.036
0.000 0.001 -0.036
-0.001 0.001 -0.037
-0.002 0.002 -0.038
-0.002 0.002 -0.038
-0.003 0.003 -0.039
-0.004 0.003 -0.040
-0.005 0.003 -0.040
-0.006 0.004 -0.041
-0.006 0.004 -0.041
-0.006 0.003 -0.041
-0.006 0.003 -0.041
-0.007 0.002 -0.042
-0.007 0.002 -0.042
-0.007 0.002 -0.042
-0.008 0.002 -0.043
-0.009 0.003 -0.043
-0.009 0.003 -0.044
-0.010 0.004 -0.045
-0.011 0.004 -0.045
-0.011 0.004 -0.045
-0.012 0.005 -0.046
-0.013 0.005 -0.047
-0.013 0.005 -0.047
-0.014 0.006 -0.048
-0.015 0.007 -0.048
-0.016 0.007 -0.049
-0.015 0.005 -0.048
-0.011 -0.001 -0.046
0.337 0.223 0.286
0.337 0.221 0.286
0.337 0.219 0.285
0.337 0.216 0.285
0.335 0.214 0.283
0.335 0.212 0.283
0.334 0.209 0.281
0.334 0.207 0.280
0.333 0.205 0.280
0.334 0.203 0.280
0.337 0.202 0.283
0.341 0.201 0.286
0.343 0.199 0.287
0.340 0.196 0.284
0.332 0.192 0.277
0.328 0.189 0.273
0.326 0.186 0.271
0.324 0.183 0.268
0.321 0.181 0.265
0.318 0.178 0.263
0.316 0.175 0.260
0.314 0.173 0.258
0.312 0.170 0.256
0.309 0.168 0.253
0.307 0.165 0.251
0.305 0.163 0.248
0.302 0.160 0.246
0.299 0.158 0.243
0.297 0.155 0.241
0.294 0.152 0.238
0.290 0.150 0.234
0.287 0.147 0.231
0.285 0.145 0.229
0.284 0.143 0.228
0.283 0.141 0.227
0.283 0.139 0.226
0.283 0.137 0.226
0.282 0.135 0.225
0.282 0.133 0.224
0.281 0.131 0.224
0.281 0.129 0.223
0.281 0.127 0.222
0.281 0.125 0.222
0.280 0.123 0.221
0.280 0.121 0.221
0.280 0.119 0.220
0.279 0.117 0.219
0.279 0.115 0.219
0.279 0.113 0.219
0.279 0.111 0.218
0.279 0.109 0.218
0.279 0.107 0.217
0.279 0.105 0.217
0.279 0.103 0.217
0.279 0.100 0.217
0.279 0.098 0.216
0.279 0.096 0.216
0.280 0.094 0.216
0.280 0.092 0.215
0.279 0.090 0.215
0.279 0.088 0.214
0.278 0.086 0.213
0.278 0.084 0.213
0.278 0.082 0.212
0.279 0.080 0.213
0.280 0.078 0.213
0.279 0.076 0.213
0.279 0.074 0.212
0.279 0.072 0.212
0.279 0.069 0.211
0.278 0.067 0.210
0.278 0.065 0.210
0.278 0.063 0.209
0.278 0.061 0.208
0.277 0.059 0.208
0.277 0.057 0.207
0.276 0.055 0.206
0.276 0.053 0.206
0.275 0.051 0.205
0.275 0.049 0.204
0.274 0.047 0.203
0.273 0.045 0.202
0.271 0.043 0.200
0.270 0.041 0.198
0.269 0.039 0.197
0.267 0.037 0.196
0.265 0.035 0.194
0.263 0.034 0.191
0.261 0.032 0.189
0.259 0.030 0.187
0.258 0.028 0.186
0.257 0.026 0.185
0.256 0.024 0.184
0.255 0.023 0.183
0.254 0.021 0.182
0.253 0.019 0.181
0.253 0.017 0.180
0.253 0.015 0.180
0.252 0.013 0.179
0.252 0.011 0.178
0.252 0.009 0.178
0.252 0.006 0.178
0.253 0.004 0.178
0.253 0.002 0.178
0.252 0.000 0.176
0.241 0.001 0.168
0.236 0.001 0.163
0.230 0.000 0.158
0.225 0.000 0.154
0.221 -0.001 0.150
0.216 -0.001 0.146
0.211 -0.001 0.142
0.206 -0.002 0.138
0.201 -0.002 0.133
0.195 -0.002 0.128
0.176 0.003 0.113
0.159 0.008 0.099
0.157 0.007 0.097
0.155 0.006 0.095
0.152 0.005 0.093
0.150 0.005 0.091
0.147 0.004 0.089
0.145 0.004 0.087
0.142 0.004 0.084
0.140 0.003 0.082
0.138 0.002 0.081
0.136 0.002 0.079
0.134 0.001 0.077
0.132 0.000 0.076
0.131 0.000 0.074
0.130 -0.001 0.073
0.129 -0.002 0.072
0.127 -0.003 0.070
0.124 -0.003 0.068
0.122 -0.003 0.066
0.119 -0.003 0.064
0.115 -0.003 0.061
0.112 -0.002 0.058
0.109 -0.002 0.056
0.106 -0.002 0.053
0.103 -0.002 0.051
0.101 -0.002 0.049
0.098 -0.002 0.047
0.096 -0.002 0.045
0.094 -0.002 0.043
0.092 -0.002 0.041
0.090 -0.002 0.039
0.087 -0.001 0.037
0.085 -0.001 0.035
0.083 -0.001 0.034
0.081 -0.001 0.032
0.080 -0.002 0.031
0.079 -0.002 0.030
0.077 -0.002 0.029
0.076 -0.003 0.028
0.075 -0.003 0.027
0.074 -0.003 0.025
0.072 -0.003 0.024
0.071 -0.004 0.023
0.070 -0.004 0.022
0.069 -0.004 0.021
0.067 -0.004 0.020
0.066 -0.005 0.019
0.065 -0.005 0.018
0.063 -0.005 0.016
0.062 -0.005 0.015
0.061 -0.005 0.014
0.060 -0.005 0.013
0.058 -0.005 0.012
0.057 -0.005 0.011
0.055 -0.005 0.010
0.054 -0.005 0.009
0.053 -0.005 0.007
0.051 -0.005 0.006
0.050 -0.005 0.005
0.048 -0.005 0.004
0.046 -0.004 0.002
0.045 -0.004 0.001
0.044 -0.004 0.000
0.042 -0.003 -0.001
0.041 -0.003 -0.002
0.040 -0.003 -0.003
0.039 -0.003 -0.004
0.038 -0.003 -0.005
0.037 -0.003 -0.006
0.035 -0.003 -0.007
0.034 -0.003 -0.008
0.033 -0.003 -0.009
0.032 -0.003 -0.009
0.031 -0.003 -0.010
0.030 -0.002 -0.011
0.029 -0.002 -0.012
0.028 -0.002 -0.013
0.027 -0.002 -0.014
0.026 -0.002 -0.015
0.025 -0.002 -0.015
0.024 -0.002 -0.016
0.023 -0.001 -0.017
0.022 -0.001 -0.018
0.021 -0.001 -0.019
0.020 -0.001 -0.019
0.019 -0.001 -0.020
0.018 -0.001 -0.021
0.018 -0.001 -0.022
0.017 -0.001 -0.022
0.016 -0.001 -0.023
0.015 -0.001 -0.024
0.014 0.000 -0.024
0.013 0.000 -0.025
0.013 0.000 -0.026
0.012 0.000 -0.026
0.011 0.000 -0.027
0.010 0.000 -0.027
0.010 0.000 -0.028
0.009 0.000 -0.029
0.008 0.000 -0.029
0.008 0.000 -0.030
0.007 0.000 -0.030
0.007 0.000 -0.031
0.006 0.000 -0.031
0.005 0.000 -0.032
0.004 0.000 -0.032
0.004 0.000 -0.033
0.003 0.000 -0.033
0.003 0.000 -0.034
0.002 0.000 -0.034
0.001 0.000 -0.035
0.001 0.001 -0.036
0.000 0.001 -0.036
-0.001 0.001 -0.037
-0.002 0.002 -0.037
-0.003 0.002 -0.038
-0.003 0.002 -0.039
-0.004 0.003 -0.039
-0.005 0.003 -0.040
-0.006 0.003 -0.040
-0.006 0.003 -0.041
-0.006 0.003 -0.041
-0.007 0.003 -0.041
-0.007 0.002 -0.042
-0.007 0.002 -0.042
-0.007 0.002 -0.042
-0.008 0.002 -0.043
-0.009 0.003 -0.043
-0.010 0.003 -0.044
-0.010 0.004 -0.044
-0.011 0.004 -0.045
-0.011 0.004 -0.045
-0.012 0.004 -0.046
-0.012 0.004 -0.046
-0.013 0.004 -0.046
-0.013 0.004 -0.047
-0.015 0.006 -0.048
-0.016 0.007 -0.048
-0.014 0.004 -0.048
-0.011 -0.001 -0.046
0.336 0.223 0.287
0.336 0.221 0.287
0.335 0.219 0.286
0.335 0.216 0.285
0.334 0.214 0.284
0.333 0.212 0.283
0.333 0.209 0.282
0.332 0.207 0.281
0.332 0.205 0.280
0.333 0.203 0.281
0.337 0.202 0.285
0.343 0.201 0.290
0.346 0.200 0.292
0.345 0.197 0.290
0.337 0.193 0.283
0.330 0.189 0.277
0.327 0.186 0.273
0.324 0.184 0.271
0.322 0.181 0.268
0.319 0.178 0.265
0.316 0.176 0.262
0.314 0.173 0.260
0.312 0.170 0.258
0.310 0.168 0.256
0.307 0.165 0.253
0.305 0.163 0.251
0.303 0.160 0.248
0.300 0.158 0.246
0.298 0.155 0.243
0.294 0.153 0.240
0.291 0.150 0.236
0.287 0.148 0.233
0.285 0.145 0.231
0.284 0.143 0.229
0.283 0.141 0.229
0.283 0.139 0.228
0.283 0.137 0.228
0.283 0.135 0.227
0.282 0.133 0.226
0.282 0.131 0.226
0.281 0.129 0.225
0.281 0.127 0.224
0.281 0.125 0.224
0.280 0.123 0.223
0.280 0.121 0.223
0.280 0.119 0.222
0.280 0.117 0.221
0.279 0.115 0.221
0.279 0.113 0.220
0.279 0.111 0.220
0.279 0.109 0.220
0.279 0.107 0.219
0.280 0.105 0.219
0.280 0.103 0.219
0.280 0.100 0.219
0.280 0.098 0.218
0.280 0.096 0.218
0.280 0.094 0.218
0.280 0.092 0.217
0.279 0.090 0.217
0.279 0.088 0.216
0.279 0.086 0.215
0.278 0.084 0.215
0.278 0.082 0.214
0.279 0.080 0.214
0.279 0.078 0.215
0.279 0.076 0.214
0.279 0.074 0.214
0.279 0.071 0.213
0.278 0.069 0.212
0.278 0.067 0.212
0.278 0.065 0.211
0.277 0.063 0.210
0.277 0.061 0.209
0.276 0.059 0.209
0.276 0.057 0.208
0.275 0.055 0.207
0.274 0.053 0.206
0.274 0.051 0.205
0.274 0.049 0.205
0.274 0.046 0.204
0.272 0.045 0.203
0.271 0.043 0.201
0.269 0.041 0.200
0.268 0.039 0.198
0.266 0.037 0.196
0.264 0.035 0.195
0.262 0.033 0.192
0.260 0.032 0.190
0.258 0.030 0.188
0.257 0.028 0.187
0.256 0.026 0.186
0.255 0.024 0.185
0.254 0.022 0.184
0.253 0.021 0.183
0.253 0.019 0.182
0.252 0.017 0.181
0.252 0.015 0.181
0.252 0.013 0.180
0.251 0.011 0.179
0.251 0.009 0.179
0.251 0.006 0.179
0.251 0.004 0.179
0.252 0.002 0.178
0.251 0.000 0.177
0.242 0.001 0.170
0.236 0.000 0.165
0.230 0.000 0.160
0.225 0.000 0.155
0.220 -0.001 0.151
0.215 -0.001 0.147
0.210 -0.001 0.142
0.205 -0.002 0.138
0.200 -0.002 0.134
0.194 -0.001 0.128
0.171 0.005 0.110
0.158 0.008 0.100
0.156 0.007 0.098
0.154 0.006 0.096
0.152 0.005 0.094
0.149 0.005 0.092
0.147 0.004 0.090
0.144 0.004 0.087
0.142 0.003 0.085
0.140 0.003 0.083
0.138 0.002 0.082
0.136 0.001 0.080
0.134 0.001 0.078
0.132 0.000 0.076
0.131 -0.001 0.075
0.130 -0.002 0.074
0.129 -0.002 0.073
0.126 -0.003 0.071
0.124 -0.003 0.069
0.121 -0.003 0.066
0.118 -0.003 0.064
0.114 -0.003 0.061
0.111 -0.002 0.058
0.108 -0.002 0.056
0.105 -0.002 0.053
0.103 -0.002 0.051
0.100 -0.002 0.049
0.098 -0.002 0.047
0.096 -0.002 0.045
0.094 -0.002 0.043
0.091 -0.002 0.042
0.089 -0.002 0.040
0.087 -0.002 0.038
0.085 -0.001 0.036
0.083 -0.001 0.034
0.081 -0.002 0.033
0.080 -0.002 0.032
0.078 -0.002 0.030
0.077 -0.003 0.030
0.076 -0.003 0.028
0.075 -0.003 0.027
0.073 -0.003 0.026
0.072 -0.004 0.025
0.071 -0.004 0.024
0.070 -0.004 0.023
0.068 -0.004 0.022
0.067 -0.004 0.020
0.065 -0.005 0.019
0.064 -0.005 0.018
0.063 -0.005 0.017
0.062 -0.005 0.016
0.060 -0.005 0.015
0.059 -0.005 0.013
0.058 -0.005 0.012
0.056 -0.005 0.011
0.055 -0.005 0.010
0.053 -0.005 0.009
0.052 -0.004 0.007
0.050 -0.004 0.006
0.049 -0.004 0.005
0.048 -0.004 0.004
0.046 -0.004 0.003
0.044 -0.004 0.001
0.043 -0.004 0.000
0.042 -0.003 -0.001
0.041 -0.003 -0.002
0.039 -0.003 -0.003
0.038 -0.003 -0.004
0.037 -0.003 -0.005
0.036 -0.003 -0.005
0.035 -0.003 -0.006
0.034 -0.003 -0.007
0.033 -0.003 -0.008
0.032 -0.003 -0.009
0.031 -0.003 -0.010
0.030 -0.003 -0.011
0.029 -0.003 -0.012
0.028 -0.003 -0.012
0.027 -0.003 -0.013
0.026 -0.003 -0.014
0.025 -0.002 -0.015
0.024 -0.002 -0.016
0.023 -0.002 -0.017
0.022 -0.002 -0.018
0.021 -0.002 -0.018
0.020 -0.002 -0.019
0.019 -0.001 -0.020
0.018 -0.001 -0.020
0.018 -0.001 -0.021
0.017 -0.001 -0.022
0.016 -0.001 -0.023
0.015 -0.001 -0.023
0.014 -0.001 -0.024
0.013 -0.001 -0.025
0.013 -0.001 -0.025
0.012 -0.001 -0.026
0.011 -0.001 -0.026
0.011 -0.001 -0.027
0.010 -0.001 -0.028
0.009 0.000 -0.028
0.009 -0.001 -0.029
0.008 -0.001 -0.029
0.007 -0.001 -0.030
0.007 -0.001 -0.030
0.006 0.000 -0.031
0.005 0.000 -0.031
0.005 0.000 -0.032
0.004 0.000 -0.032
0.003 0.000 -0.033
0.003 0.000 -0.033
0.002 0.000 -0.034
0.002 0.000 -0.034
0.001 0.000 -0.035
0.000 0.000 -0.036
-0.001 0.001 -0.036
-0.002 0.001 -0.037
-0.002 0.002 -0.038
-0.003 0.002 -0.038
-0.004 0.002 -0.039
-0.005 0.003 -0.040
-0.006 0.003 -0.040
-0.006 0.003 -0.040
-0.006 0.003 -0.041
-0.007 0.003 -0.041
-0.007 0.002 -0.041
-0.007 0.002 -0.042
-0.008 0.002 -0.042
-0.008 0.002 -0.042
-0.009 0.003 -0.043
-0.010 0.003 -0.044
-0.011 0.004 -0.044
-0.011 0.004 -0.045
-0.011 0.004 -0.045
-0.012 0.003 -0.045
-0.012 0.003 -0.045
-0.012 0.003 -0.046
-0.013 0.003 -0.046
-0.014 0.005 -0.047
-0.016 0.007 -0.048
-0.015 0.005 -0.048
-0.010 -0.003 -0.045
0.335 0.223 0.288
0.335 0.221 0.288
0.334 0.219 0.287
0.334 0.216 0.286
0.333 0.214 0.285
0.333 0.212 0.284
0.331 0.209 0.283
0.331 0.207 0.282
0.330 0.205 0.281
0.332 0.203 0.282
0.339 0.203 0.288
0.346 0.202 0.294
0.348 0.201 0.295
0.348 0.199 0.295
0.345 0.195 0.292
0.337 0.191 0.285
0.330 0.187 0.278
0.326 0.184 0.274
0.322 0.181 0.270
0.320 0.179 0.268
0.317 0.176 0.265
0.314 0.173 0.262
0.312 0.171 0.260
0.310 0.168 0.258
0.308 0.166 0.255
0.306 0.163 0.253
0.304 0.161 0.251
0.301 0.158 0.248
0.298 0.156 0.245
0.295 0.153 0.242
0.291 0.150 0.239
0.288 0.148 0.235
0.285 0.145 0.233
0.284 0.143 0.231
0.283 0.141 0.230
0.283 0.139 0.230
0.283 0.137 0.229
0.283 0.135 0.229
0.282 0.133 0.228
0.282 0.131 0.227
0.281 0.129 0.227
0.281 0.127 0.226
0.281 0.125 0.225
0.281 0.123 0.225
0.281 0.121 0.225
0.280 0.119 0.224
0.280 0.117 0.223
0.280 0.115 0.223
0.280 0.113 0.222
0.279 0.111 0.222
0.280 0.109 0.222
0.280 0.107 0.222
0.280 0.105 0.221
0.280 0.103 0.221
0.280 0.100 0.220
0.280 0.098 0.220
0.280 0.096 0.220
0.280 0.094 0.219
0.280 0.092 0.219
0.280 0.090 0.219
0.279 0.088 0.218
0.279 0.086 0.217
0.278 0.084 0.216
0.278 0.082 0.216
0.278 0.080 0.216
0.279 0.078 0.216
0.279 0.076 0.215
0.279 0.073 0.215
0.278 0.071 0.214
0.277 0.069 0.213
0.277 0.067 0.213
0.276 0.065 0.212
0.276 0.063 0.211
0.276 0.061 0.210
0.275 0.059 0.210
0.275 0.057 0.209
0.274 0.055 0.208
0.274 0.053 0.208
0.274 0.051 0.207
0.274 0.048 0.207
0.273 0.046 0.206
0.272 0.044 0.205
0.270 0.042 0.203
0.269 0.041 0.201
0.267 0.039 0.200
0.266 0.037 0.198
0.263 0.035 0.196
0.261 0.033 0.193
0.259 0.032 0.191
0.257 0.030 0.189
0.256 0.028 0.188
0.255 0.026 0.187
0.255 0.024 0.186
0.254 0.022 0.185
0.253 0.020 0.184
0.252 0.018 0.183
0.252 0.016 0.183
0.252 0.014 0.182
0.251 0.012 0.181
0.251 0.010 0.181
0.251 0.008 0.180
0.251 0.006 0.180
0.251 0.004 0.180
0.251 0.002 0.179
0.250 0.000 0.178
0.241 0.000 0.171
0.236 0.000 0.166
0.229 0.000 0.161
0.224 -0.001 0.156
0.220 -0.001 0.152
0.214 -0.001 0.148
0.209 -0.001 0.143
0.204 -0.002 0.139
0.199 -0.002 0.135
0.192 -0.001 0.129
0.170 0.005 0.110
0.159 0.007 0.102
0.156 0.007 0.099
0.153 0.006 0.097
0.151 0.005 0.095
0.149 0.005 0.093
0.147 0.004 0.091
0.144 0.003 0.088
0.142 0.003 0.086
0.140 0.002 0.084
0.137 0.002 0.082
0.135 0.001 0.081
0.133 0.001 0.079
0.132 0.000 0.077
0.131 -0.001 0.076
0.130 -0.002 0.075
0.128 -0.003 0.074
0.126 -0.003 0.071
0.123 -0.003 0.069
0.119 -0.003 0.066
0.116 -0.002 0.064
0.113 -0.002 0.061
0.110 -0.002 0.058
0.107 -0.002 0.056
0.104 -0.002 0.054
0.102 -0.002 0.051
0.099 -0.002 0.049
0.097 -0.001 0.047
0.095 -0.002 0.045
0.093 -0.002 0.044
0.091 -0.002 0.042
0.089 -0.002 0.040
0.087 -0.002 0.038
0.084 -0.001 0.036
0.082 -0.002 0.035
0.081 -0.002 0.034
0.080 -0.002 0.032
0.078 -0.002 0.031
0.077 -0.003 0.030
0.076 -0.003 0.029
0.075 -0.003 0.028
0.073 -0.004 0.027
0.072 -0.004 0.026
0.071 -0.004 0.024
0.070 -0.004 0.023
0.068 -0.005 0.022
0.067 -0.005 0.021
0.065 -0.005 0.019
0.064 -0.005 0.018
0.063 -0.005 0.017
0.061 -0.005 0.016
0.060 -0.005 0.015
0.058 -0.005 0.014
0.057 -0.005 0.012
0.055 -0.005 0.011
0.054 -0.005 0.010
0.052 -0.005 0.009
0.051 -0.004 0.007
0.049 -0.004 0.006
0.048 -0.004 0.005
0.047 -0.004 0.004
0.045 -0.004 0.003
0.044 -0.004 0.001
0.043 -0.003 0.000
0.041 -0.003 -0.001
0.040 -0.003 -0.002
0.039 -0.003 -0.003
0.038 -0.003 -0.003
0.037 -0.003 -0.004
0.036 -0.003 -0.005
0.035 -0.003 -0.006
0.034 -0.003 -0.007
0.033 -0.003 -0.008
0.032 -0.003 -0.009
0.031 -0.003 -0.010
0.030 -0.003 -0.010
0.029 -0.003 -0.011
0.028 -0.003 -0.012
0.027 -0.003 -0.013
0.026 -0.003 -0.014
0.025 -0.003 -0.014
0.024 -0.002 -0.016
0.023 -0.002 -0.016
0.022 -0.002 -0.017
0.021 -0.002 -0.018
0.020 -0.002 -0.019
0.019 -0.002 -0.019
0.018 -0.002 -0.020
0.017 -0.001 -0.021
0.017 -0.001 -0.021
0.016 -0.001 -0.022
0.015 -0.001 -0.023
0.014 -0.001 -0.024
0.013 -0.001 -0.024
0.013 -0.001 -0.025
0.012 -0.001 -0.025
0.011 -0.001 -0.026
0.011 -0.001 -0.027
0.010 -0.001 -0.027
0.009 -0.001 -0.028
0.008 -0.001 -0.028
0.008 -0.001 -0.029
0.007 -0.001 -0.029
0.006 -0.001 -0.030
0.006 -0.001 -0.031
0.005 -0.001 -0.031
0.005 -0.001 -0.032
0.004 -0.001 -0.032
0.003 -0.001 -0.033
0.003 -0.001 -0.033
0.002 -0.001 -0.034
0.002 0.000 -0.034
0.001 0.000 -0.035
0.000 0.000 -0.035
-0.001 0.001 -0.036
-0.002 0.001 -0.037
-0.003 0.001 -0.037
-0.003 0.002 -0.038
-0.004 0.002 -0.039
-0.005 0.003 -0.039
-0.006 0.003 -0.040
-0.006 0.003 -0.040
-0.007 0.003 -0.040
-0.007 0.002 -0.041
-0.007 0.002 -0.041
-0.007 0.002 -0.041
-0.008 0.002 -0.042
-0.008 0.002 -0.042
-0.009 0.002 -0.043
-0.010 0.003 -0.043
-0.011 0.004 -0.044
-0.011 0.004 -0.044
-0.012 0.004 -0.045
-0.012 0.004 -0.045
-0.012 0.003 -0.045
-0.012 0.002 -0.045
-0.013 0.003 -0.046
-0.014 0.005 -0.047
-0.016 0.007 -0.048
-0.016 0.005 -0.048
-0.010 -0.004 -0.044
0.334 0.223 0.290
0.334 0.221 0.289
0.334 0.219 0.288
0.333 0.216 0.287
0.332 0.214 0.286
0.332 0.212 0.285
0.331 0.209 0.284
0.330 0.207 0.283
0.330 0.205 0.282
0.332 0.203 0.284
0.340 0.203 0.291
0.347 0.203 0.297
0.349 0.201 0.298
0.349 0.199 0.298
0.348 0.197 0.297
0.344 0.193 0.293
0.337 0.189 0.286
0.330 0.185 0.279
0.324 0.182 0.274
0.320 0.179 0.270
0.317 0.176 0.267
0.315 0.174 0.264
0.313 0.171 0.262
0.311 0.168 0.260
0.309 0.166 0.258
0.306 0.163 0.255
0.304 0.161 0.253
0.302 0.158 0.251
0.299 0.156 0.248
0.296 0.153 0.245
0.292 0.151 0.241
0.288 0.148 0.237
0.285 0.146 0.235
0.284 0.143 0.233
0.284 0.141 0.232
0.283 0.139 0.232
0.283 0.137 0.231
0.283 0.135 0.231
0.283 0.133 0.230
0.282 0.131 0.229
0.282 0.129 0.228
0.281 0.127 0.228
0.281 0.125 0.227
0.281 0.123 0.227
0.281 0.121 0.227
0.281 0.119 0.226
0.281 0.117 0.226
0.280 0.115 0.225
0.280 0.113 0.224
0.280 0.111 0.224
0.280 0.109 0.224
0.280 0.107 0.224
0.280 0.105 0.223
0.280 0.103 0.223
0.280 0.100 0.222
0.280 0.098 0.222
0.280 0.096 0.221
0.280 0.094 0.221
0.279 0.092 0.221
0.279 0.090 0.220
0.279 0.088 0.220
0.279 0.086 0.219
0.278 0.084 0.218
0.278 0.082 0.217
0.278 0.080 0.217
0.278 0.078 0.217
0.278 0.075 0.217
0.278 0.073 0.216
0.278 0.071 0.216
0.277 0.069 0.215
0.277 0.067 0.214
0.276 0.065 0.213
0.276 0.063 0.212
0.275 0.061 0.212
0.275 0.059 0.211
0.275 0.057 0.211
0.274 0.055 0.210
0.274 0.053 0.209
0.274 0.050 0.209
0.274 0.048 0.208
0.273 0.046 0.207
0.272 0.044 0.206
0.270 0.042 0.204
0.269 0.040 0.203
0.267 0.039 0.201
0.265 0.037 0.199
0.263 0.035 0.197
0.260 0.033 0.194
0.258 0.032 0.192
0.257 0.030 0.191
0.256 0.028 0.189
0.255 0.026 0.189
0.254 0.024 0.188
0.253 0.022 0.187
0.253 0.020 0.185
0.252 0.018 0.185
0.252 0.016 0.184
0.252 0.014 0.184
0.251 0.012 0.183
0.251 0.010 0.182
0.251 0.008 0.182
0.251 0.006 0.182
0.251 0.004 0.181
0.251 0.002 0.181
0.250 0.000 0.179
0.241 0.000 0.173
0.235 0.000 0.167
0.229 0.000 0.162
0.223 -0.001 0.157
0.219 -0.001 0.153
0.213 -0.001 0.148
0.208 -0.002 0.144
0.203 -0.002 0.139
0.198 -0.002 0.135
0.191 -0.001 0.129
0.168 0.005 0.110
0.160 0.006 0.104
0.156 0.006 0.100
0.153 0.006 0.098
0.151 0.005 0.096
0.149 0.004 0.094
0.146 0.004 0.092
0.144 0.003 0.089
0.142 0.003 0.087
0.140 0.002 0.085
0.137 0.002 0.083
0.135 0.001 0.081
0.133 0.000 0.080
0.132 0.000 0.078
0.131 -0.001 0.077
0.129 -0.002 0.076
0.127 -0.003 0.074
0.124 -0.002 0.071
0.121 -0.002 0.069
0.118 -0.002 0.066
0.115 -0.002 0.064
0.112 -0.002 0.061
0.109 -0.002 0.058
0.106 -0.002 0.056
0.104 -0.002 0.054
0.101 -0.001 0.052
0.098 -0.001 0.049
0.096 -0.001 0.048
0.094 -0.001 0.046
0.092 -0.002 0.044
0.090 -0.002 0.042
0.088 -0.002 0.040
0.086 -0.002 0.039
0.084 -0.002 0.037
0.082 -0.002 0.035
0.081 -0.002 0.034
0.079 -0.002 0.033
0.078 -0.003 0.032
0.077 -0.003 0.030
0.075 -0.003 0.029
0.074 -0.003 0.028
0.073 -0.004 0.027
0.072 -0.004 0.026
0.071 -0.004 0.025
0.069 -0.005 0.024
0.068 -0.005 0.022
0.066 -0.005 0.021
0.065 -0.005 0.020
0.063 -0.005 0.019
0.062 -0.005 0.018
0.061 -0.005 0.016
0.059 -0.005 0.015
0.058 -0.005 0.014
0.056 -0.005 0.012
0.054 -0.005 0.011
0.053 -0.005 0.010
0.052 -0.004 0.009
0.050 -0.004 0.008
0.049 -0.004 0.006
0.047 -0.004 0.005
0.046 -0.004 0.004
0.044 -0.004 0.003
0.043 -0.003 0.002
0.042 -0.003 0.001
0.041 -0.003 0.000
0.040 -0.003 -0.001
0.039 -0.003 -0.002
0.037 -0.003 -0.003
0.036 -0.003 -0.004
0.036 -0.003 -0.005
0.035 -0.003 -0.006
0.034 -0.003 -0.007
0.033 -0.003 -0.007
0.032 -0.003 -0.008
0.031 -0.003 -0.009
0.030 -0.003 -0.010
0.029 -0.003 -0.011
0.028 -0.003 -0.012
0.027 -0.003 -0.013
0.026 -0.003 -0.013
0.025 -0.003 -0.014
0.024 -0.002 -0.015
0.022 -0.002 -0.016
0.022 -0.002 -0.017
0.021 -0.002 -0.017
0.020 -0.002 -0.018
0.019 -0.002 -0.019
0.018 -0.002 -0.020
0.017 -0.002 -0.020
0.016 -0.001 -0.021
0.015 -0.001 -0.022
0.015 -0.001 -0.023
0.014 -0.001 -0.023
0.013 -0.001 -0.024
0.012 -0.001 -0.024
0.012 -0.001 -0.025
0.011 -0.001 -0.026
0.010 -0.001 -0.026
0.009 -0.001 -0.027
0.009 -0.001 -0.027
0.008 -0.001 -0.028
0.007 -0.001 -0.029
0.007 -0.001 -0.029
0.006 -0.001 -0.030
0.006 -0.001 -0.030
0.005 -0.001 -0.031
0.004 -0.001 -0.031
0.004 -0.001 -0.032
0.003 -0.001 -0.032
0.003 -0.001 -0.033
0.002 -0.001 -0.033
0.001 0.000 -0.034
0.001 0.000 -0.034
0.000 0.000 -0.035
-0.001 0.000 -0.036
-0.002 0.001 -0.036
-0.003 0.001 -0.037
-0.004 0.002 -0.038
-0.005 0.002 -0.038
-0.005 0.003 -0.039
-0.006 0.003 -0.040
-0.006 0.003 -0.040
-0.007 0.003 -0.040
-0.007 0.002 -0.040
-0.007 0.002 -0.041
-0.007 0.002 -0.041
-0.008 0.002 -0.041
-0.008 0.002 -0.042
-0.009 0.002 -0.042
-0.010 0.003 -0.043
-0.011 0.004 -0.044
-0.012 0.004 -0.044
-0.012 0.004 -0.045
-0.012 0.004 -0.045
-0.012 0.003 -0.045
-0.012 0.003 -0.045
-0.013 0.003 -0.046
-0.015 0.005 -0.047
-0.016 0.006 -0.048
-0.015 0.005 -0.047
-0.010 -0.004 -0.044
0.334 0.223 0.291
0.333 0.221 0.290
0.333 0.219 0.289
0.332 0.216 0.288
0.332 0.214 0.287
0.332 0.212 0.287
0.330 0.209 0.286
0.329 0.207 0.284
0.329 0.205 0.284
0.334 0.204 0.288
0.343 0.204 0.296
0.348 0.203 0.300
0.349 0.201 0.300
0.348 0.199 0.299
0.348 0.197 0.299
0.347 0.194 0.298
0.344 0.191 0.294
0.336 0.187 0.287
0.329 0.183 0.280
0.322 0.179 0.273
0.318 0.177 0.270
0.316 0.174 0.267
0.313 0.171 0.265
0.311 0.169 0.262
0.309 0.166 0.260
0.307 0.164 0.258
0.305 0.161 0.255
0.302 0.159 0.253
0.300 0.156 0.250
0.296 0.154 0.247
0.293 0.151 0.243
0.289 0.148 0.240
0.286 0.146 0.237
0.285 0.144 0.235
0.284 0.141 0.234
0.284 0.139 0.234
0.283 0.137 0.233
0.283 0.135 0.233
0.283 0.133 0.232
0.282 0.131 0.231
0.282 0.129 0.230
0.282 0.127 0.230
0.281 0.125 0.229
0.281 0.123 0.229
0.281 0.121 0.229
0.281 0.119 0.228
0.281 0.117 0.228
0.281 0.115 0.227
0.280 0.113 0.227
0.280 0.111 0.226
0.280 0.109 0.226
0.281 0.107 0.226
0.280 0.105 0.225
0.280 0.103 0.225
0.280 0.100 0.224
0.280 0.098 0.224
0.280 0.096 0.223
0.279 0.094 0.223
0.279 0.092 0.222
0.279 0.090 0.221
0.279 0.088 0.221
0.279 0.086 0.221
0.278 0.084 0.220
0.278 0.082 0.219
0.278 0.080 0.219
0.278 0.078 0.218
0.278 0.075 0.218
0.277 0.073 0.217
0.277 0.071 0.217
0.276 0.069 0.216
0.276 0.067 0.215
0.275 0.065 0.214
0.275 0.063 0.214
0.275 0.061 0.213
0.275 0.059 0.213
0.274 0.057 0.212
0.274 0.054 0.211
0.273 0.052 0.211
0.273 0.050 0.210
0.273 0.048 0.210
0.273 0.046 0.209
0.272 0.044 0.208
0.270 0.042 0.206
0.268 0.040 0.204
0.266 0.038 0.202
0.264 0.037 0.200
0.262 0.035 0.198
0.260 0.033 0.195
0.258 0.031 0.193
0.256 0.030 0.192
0.255 0.028 0.191
0.255 0.026 0.190
0.254 0.024 0.189
0.253 0.022 0.188
0.253 0.020 0.187
0.252 0.018 0.186
0.252 0.016 0.186
0.252 0.014 0.185
0.252 0.012 0.185
0.251 0.010 0.184
0.251 0.008 0.184
0.251 0.006 0.183
0.252 0.003 0.183
0.251 0.001 0.183
0.249 0.000 0.181
0.242 0.000 0.175
0.234 0.000 0.168
0.228 0.000 0.163
0.222 -0.001 0.158
0.218 -0.001 0.153
0.213 -0.001 0.149
0.207 -0.002 0.144
0.202 -0.002 0.140
0.197 -0.002 0.135
0.189 -0.001 0.129
0.167 0.005 0.111
0.161 0.006 0.105
0.156 0.006 0.101
0.153 0.005 0.099
0.151 0.005 0.097
0.149 0.004 0.095
0.147 0.003 0.093
0.144 0.003 0.091
0.142 0.002 0.089
0.140 0.002 0.087
0.138 0.001 0.085
0.136 0.001 0.083
0.134 0.000 0.081
0.132 -0.001 0.080
0.131 -0.002 0.078
0.129 -0.002 0.076
0.126 -0.002 0.074
0.123 -0.002 0.071
0.120 -0.002 0.069
0.117 -0.002 0.066
0.114 -0.002 0.064
0.111 -0.002 0.061
0.108 -0.002 0.059
0.105 -0.002 0.056
0.103 -0.002 0.054
0.100 -0.001 0.052
0.098 -0.001 0.050
0.096 -0.001 0.048
0.094 -0.002 0.046
0.092 -0.002 0.044
0.089 -0.002 0.043
0.087 -0.002 0.041
0.085 -0.001 0.039
0.084 -0.002 0.037
0.082 -0.002 0.036
0.081 -0.002 0.035
0.079 -0.003 0.034
0.078 -0.003 0.032
0.076 -0.003 0.031
0.075 -0.003 0.030
0.074 -0.004 0.029
0.072 -0.004 0.028
0.071 -0.004 0.027
0.070 -0.004 0.025
0.069 -0.005 0.024
0.067 -0.005 0.023
0.066 -0.005 0.022
0.064 -0.005 0.020
0.063 -0.005 0.019
0.062 -0.005 0.018
0.060 -0.005 0.017
0.058 -0.005 0.015
0.057 -0.005 0.014
0.055 -0.004 0.013
0.054 -0.004 0.011
0.052 -0.004 0.010
0.051 -0.004 0.009
0.050 -0.004 0.008
0.048 -0.004 0.006
0.047 -0.004 0.005
0.045 -0.003 0.004
0.044 -0.004 0.003
0.043 -0.003 0.002
0.042 -0.003 0.001
0.041 -0.003 0.000
0.039 -0.003 -0.001
0.038 -0.003 -0.002
0.037 -0.003 -0.003
0.036 -0.003 -0.004
0.035 -0.003 -0.005
0.034 -0.003 -0.005
0.033 -0.003 -0.006
0.032 -0.003 -0.007
0.031 -0.003 -0.008
0.030 -0.003 -0.009
0.029 -0.003 -0.010
0.028 -0.003 -0.011
0.027 -0.003 -0.011
0.026 -0.003 -0.012
0.025 -0.003 -0.013
0.024 -0.003 -0.014
0.023 -0.002 -0.015
0.022 -0.002 -0.016
0.021 -0.002 -0.016
0.020 -0.002 -0.017
0.019 -0.002 -0.018
0.019 -0.002 -0.019
0.018 -0.002 -0.020
0.017 -0.001 -0.020
0.016 -0.001 -0.021
0.015 -0.001 -0.022
0.014 -0.001 -0.022
0.013 -0.001 -0.023
0.013 -0.001 -0.024
0.012 -0.001 -0.024
0.011 -0.001 -0.025
0.011 -0.001 -0.025
0.010 -0.001 -0.026
0.009 -0.001 -0.027
0.008 -0.001 -0.027
0.008 -0.001 -0.028
0.007 -0.001 -0.028
0.006 -0.001 -0.029
0.006 -0.001 -0.030
0.005 -0.001 -0.030
0.005 -0.001 -0.031
0.004 -0.001 -0.031
0.003 -0.001 -0.032
0.003 -0.001 -0.032
0.002 -0.001 -0.033
0.002 -0.001 -0.033
0.001 0.000 -0.034
0.000 0.000 -0.034
-0.001 0.000 -0.035
-0.001 0.001 -0.036
-0.002 0.001 -0.036
-0.003 0.001 -0.037
-0.004 0.002 -0.038
-0.005 0.002 -0.038
-0.006 0.003 -0.039
-0.006 0.003 -0.039
-0.007 0.003 -0.040
-0.007 0.003 -0.040
-0.007 0.002 -0.040
-0.008 0.002 -0.041
-0.008 0.002 -0.041
-0.008 0.002 -0.041
-0.009 0.002 -0.042
-0.010 0.002 -0.042
-0.010 0.003 -0.043
-0.011 0.004 -0.044
-0.012 0.004 -0.044
-0.012 0.004 -0.044
-0.012 0.003 -0.045
-0.012 0.003 -0.045
-0.012 0.002 -0.045
-0.013 0.003 -0.045
-0.014 0.004 -0.046
-0.016 0.005 -0.047
-0.015 0.004 -0.047
-0.010 -0.004 -0.044
0.333 0.223 0.292
0.332 0.221 0.291
0.332 0.219 0.290
0.331 0.216 0.289
0.331 0.214 0.289
0.331 0.212 0.289
0.330 0.210 0.287
0.329 0.207 0.286
0.330 0.205 0.286
0.336 0.205 0.291
0.345 0.205 0.299
0.348 0.204 0.302
0.348 0.202 0.301
0.348 0.199 0.301
0.348 0.197 0.300
0.347 0.195 0.300
0.346 0.192 0.298
0.342 0.189 0.295
0.335 0.185 0.287
0.325 0.180 0.278
0.319 0.177 0.272
0.316 0.174 0.270
0.314 0.172 0.267
0.312 0.169 0.265
0.309 0.166 0.262
0.307 0.164 0.260
0.305 0.161 0.258
0.303 0.159 0.255
0.300 0.156 0.253
0.297 0.154 0.250
0.293 0.151 0.246
0.289 0.148 0.242
0.287 0.146 0.239
0.285 0.144 0.238
0.285 0.142 0.237
0.284 0.140 0.236
0.284 0.138 0.235
0.284 0.135 0.235
0.283 0.133 0.234
0.283 0.131 0.233
0.282 0.129 0.233
0.282 0.127 0.232
0.282 0.125 0.232
0.282 0.123 0.231
0.282 0.121 0.231
0.282 0.119 0.230
0.281 0.117 0.230
0.281 0.115 0.229
0.281 0.113 0.229
0.281 0.111 0.228
0.281 0.109 0.228
0.281 0.107 0.227
0.280 0.105 0.227
0.280 0.103 0.226
0.280 0.100 0.226
0.280 0.098 0.225
0.280 0.096 0.225
0.279 0.094 0.224
0.279 0.092 0.224
0.279 0.090 0.223
0.279 0.088 0.223
0.279 0.086 0.222
0.278 0.084 0.222
0.278 0.082 0.221
0.277 0.080 0.220
0.277 0.077 0.220
0.277 0.075 0.219
0.277 0.073 0.219
0.276 0.071 0.218
0.276 0.069 0.217
0.276 0.067 0.217
0.275 0.065 0.216
0.275 0.063 0.215
0.274 0.061 0.215
0.274 0.059 0.214
0.274 0.056 0.214
0.274 0.054 0.213
0.273 0.052 0.212
0.273 0.050 0.211
0.273 0.048 0.211
0.272 0.046 0.210
0.272 0.044 0.210
0.271 0.042 0.208
0.268 0.040 0.206
0.266 0.038 0.203
0.263 0.037 0.201
0.261 0.035 0.199
0.259 0.033 0.197
0.257 0.031 0.195
0.256 0.029 0.194
0.255 0.027 0.193
0.255 0.025 0.192
0.254 0.023 0.191
0.253 0.022 0.190
0.253 0.020 0.189
0.252 0.018 0.188
0.252 0.016 0.188
0.252 0.013 0.187
0.252 0.011 0.187
0.251 0.009 0.186
0.251 0.007 0.186
0.252 0.005 0.186
0.252 0.003 0.185
0.252 0.001 0.185
0.249 -0.001 0.183
0.243 -0.001 0.177
0.234 0.000 0.169
0.227 -0.001 0.164
0.222 -0.001 0.159
0.217 -0.001 0.154
0.212 -0.001 0.150
0.206 -0.002 0.145
0.201 -0.002 0.141
0.196 -0.002 0.136
0.188 -0.001 0.129
0.167 0.005 0.112
0.161 0.005 0.107
0.156 0.006 0.102
0.153 0.005 0.100
0.151 0.004 0.098
0.149 0.004 0.096
0.147 0.003 0.094
0.145 0.002 0.092
0.143 0.002 0.090
0.140 0.001 0.088
0.138 0.001 0.086
0.136 0.000 0.084
0.134 -0.001 0.083
0.132 -0.001 0.081
0.130 -0.002 0.079
0.127 -0.002 0.076
0.124 -0.002 0.074
0.121 -0.002 0.071
0.118 -0.002 0.069
0.116 -0.002 0.066
0.113 -0.002 0.064
0.110 -0.002 0.061
0.107 -0.002 0.059
0.105 -0.002 0.057
0.102 -0.002 0.055
0.100 -0.002 0.053
0.097 -0.002 0.050
0.095 -0.002 0.048
0.093 -0.002 0.047
0.091 -0.002 0.045
0.089 -0.002 0.043
0.087 -0.002 0.041
0.085 -0.002 0.039
0.083 -0.002 0.038
0.082 -0.002 0.037
0.080 -0.002 0.035
0.079 -0.003 0.034
0.077 -0.003 0.033
0.076 -0.003 0.031
0.075 -0.003 0.030
0.073 -0.004 0.029
0.072 -0.004 0.028
0.071 -0.004 0.027
0.070 -0.005 0.026
0.068 -0.005 0.024
0.067 -0.005 0.023
0.065 -0.005 0.022
0.064 -0.005 0.021
0.062 -0.005 0.019
0.061 -0.005 0.018
0.059 -0.005 0.017
0.058 -0.005 0.015
0.056 -0.004 0.014
0.055 -0.004 0.013
0.053 -0.004 0.012
0.052 -0.004 0.010
0.050 -0.004 0.009
0.049 -0.004 0.008
0.047 -0.004 0.007
0.046 -0.004 0.006
0.045 -0.004 0.005
0.044 -0.004 0.004
0.043 -0.004 0.002
0.042 -0.004 0.002
0.040 -0.004 0.000
0.039 -0.004 -0.001
0.038 -0.003 -0.002
0.037 -0.003 -0.003
0.036 -0.003 -0.003
0.035 -0.003 -0.004
0.034 -0.003 -0.005
0.033 -0.003 -0.006
0.032 -0.003 -0.007
0.031 -0.003 -0.008
0.030 -0.003 -0.009
0.029 -0.003 -0.009
0.028 -0.003 -0.010
0.027 -0.003 -0.011
0.026 -0.003 -0.012
0.025 -0.003 -0.013
0.024 -0.003 -0.014
0.023 -0.003 -0.015
0.022 -0.002 -0.015
0.021 -0.002 -0.016
0.020 -0.002 -0.017
0.019 -0.002 -0.018
0.018 -0.002 -0.019
0.017 -0.002 -0.019
0.016 -0.001 -0.020
0.015 -0.001 -0.021
0.015 -0.001 -0.021
0.014 -0.001 -0.022
0.013 -0.001 -0.023
0.012 -0.001 -0.023
0.012 -0.001 -0.024
0.011 -0.001 -0.025
0.010 -0.001 -0.025
0.010 -0.001 -0.026
0.009 -0.001 -0.026
0.008 -0.001 -0.027
0.007 -0.001 -0.028
0.007 -0.001 -0.028
0.006 -0.001 -0.029
0.006 -0.001 -0.029
0.005 -0.001 -0.030
0.004 -0.001 -0.030
0.004 -0.001 -0.031
0.003 -0.001 -0.031
0.002 0.000 -0.032
0.002 -0.001 -0.032
0.001 0.000 -0.033
0.001 0.000 -0.034
0.000 0.000 -0.034
-0.001 0.000 -0.035
-0.002 0.001 -0.035
-0.003 0.001 -0.036
-0.003 0.001 -0.037
-0.004 0.002 -0.037
-0.005 0.002 -0.038
-0.006 0.003 -0.039
-0.007 0.003 -0.039
-0.007 0.003 -0.040
-0.008 0.003 -0.040
-0.008 0.003 -0.040
-0.008 0.003 -0.041
-0.008 0.002 -0.041
-0.009 0.002 -0.041
-0.009 0.002 -0.042
-0.010 0.003 -0.042
-0.011 0.003 -0.043
-0.012 0.004 -0.043
-0.012 0.004 -0.044
-0.012 0.004 -0.044
-0.013 0.003 -0.044
-0.012 0.002 -0.044
-0.012 0.002 -0.044
-0.013 0.002 -0.045
-0.014 0.002 -0.045
-0.015 0.004 -0.046
-0.015 0.003 -0.046
-0.010 -0.004 -0.044
0.332 0.224 0.293
0.332 0.221 0.293
0.331 0.219 0.292
0.331 0.217 0.291
0.330 0.214 0.290
0.331 0.212 0.290
0.330 0.210 0.289
0.330 0.208 0.289
0.332 0.206 0.290
0.338 0.206 0.296
0.346 0.206 0.302
0.347 0.204 0.303
0.347 0.202 0.303
0.347 0.199 0.302
0.346 0.197 0.302
0.346 0.195 0.301
0.345 0.192 0.300
0.344 0.190 0.298
0.340 0.186 0.294
0.328 0.181 0.283
0.320 0.177 0.276
0.317 0.175 0.272
0.315 0.172 0.270
0.312 0.169 0.267
0.310 0.167 0.265
0.308 0.164 0.262
0.306 0.162 0.260
0.303 0.159 0.258
0.301 0.157 0.255
0.298 0.154 0.252
0.294 0.151 0.248
0.290 0.149 0.245
0.288 0.146 0.242
0.286 0.144 0.240
0.285 0.142 0.239
0.285 0.140 0.238
0.285 0.138 0.238
0.284 0.136 0.237
0.284 0.134 0.236
0.283 0.131 0.235
0.283 0.129 0.235
0.283 0.127 0.234
0.282 0.125 0.234
0.282 0.123 0.233
0.282 0.121 0.233
0.282 0.119 0.233
0.282 0.117 0.232
0.282 0.115 0.231
0.281 0.113 0.231
0.281 0.111 0.230
0.281 0.109 0.230
0.281 0.107 0.230
0.281 0.105 0.229
0.280 0.103 0.228
0.280 0.100 0.228
0.280 0.098 0.227
0.280 0.096 0.227
0.279 0.094 0.226
0.279 0.092 0.226
0.279 0.090 0.225
0.279 0.088 0.224
0.279 0.086 0.224
0.278 0.084 0.223
0.278 0.082 0.223
0.277 0.079 0.222
0.277 0.077 0.221
0.277 0.075 0.221
0.277 0.073 0.220
0.276 0.071 0.219
0.276 0.069 0.219
0.275 0.067 0.218
0.275 0.065 0.217
0.275 0.063 0.217
0.274 0.061 0.216
0.274 0.058 0.216
0.274 0.056 0.215
0.273 0.054 0.214
0.273 0.052 0.213
0.273 0.050 0.213
0.272 0.048 0.212
0.272 0.046 0.212
0.272 0.044 0.211
0.270 0.042 0.210
0.268 0.040 0.208
0.266 0.038 0.205
0.262 0.036 0.202
0.260 0.035 0.200
0.259 0.033 0.198
0.257 0.031 0.196
0.256 0.029 0.195
0.255 0.027 0.194
0.255 0.025 0.193
0.254 0.023 0.192
0.253 0.021 0.191
0.253 0.019 0.190
0.252 0.017 0.190
0.252 0.015 0.189
0.252 0.013 0.189
0.252 0.011 0.188
0.251 0.009 0.188
0.252 0.007 0.188
0.252 0.005 0.188
0.252 0.002 0.188
0.252 0.000 0.187
0.250 -0.001 0.184
0.243 -0.001 0.179
0.233 -0.001 0.170
0.227 -0.001 0.165
0.221 -0.001 0.159
0.216 -0.001 0.155
0.211 -0.002 0.151
0.206 -0.002 0.146
0.200 -0.002 0.141
0.194 -0.002 0.136
0.187 -0.001 0.130
0.168 0.004 0.114
0.161 0.005 0.108
0.156 0.005 0.104
0.153 0.005 0.101
0.151 0.004 0.099
0.149 0.003 0.097
0.147 0.003 0.095
0.145 0.002 0.094
0.143 0.001 0.092
0.141 0.001 0.090
0.139 0.000 0.088
0.136 0.000 0.086
0.134 -0.001 0.084
0.132 -0.001 0.082
0.129 -0.002 0.079
0.126 -0.001 0.076
0.123 -0.002 0.074
0.120 -0.002 0.071
0.117 -0.002 0.069
0.114 -0.002 0.066
0.111 -0.001 0.064
0.109 -0.002 0.061
0.107 -0.002 0.059
0.104 -0.002 0.057
0.102 -0.002 0.055
0.099 -0.002 0.053
0.097 -0.002 0.051
0.095 -0.002 0.049
0.092 -0.002 0.047
0.090 -0.002 0.045
0.088 -0.002 0.043
0.086 -0.002 0.041
0.084 -0.002 0.040
0.083 -0.002 0.038
0.082 -0.002 0.037
0.080 -0.003 0.036
0.078 -0.003 0.035
0.077 -0.003 0.033
0.075 -0.003 0.032
0.074 -0.003 0.031
0.073 -0.004 0.030
0.072 -0.004 0.029
0.071 -0.004 0.027
0.069 -0.005 0.026
0.068 -0.005 0.025
0.066 -0.005 0.024
0.065 -0.005 0.022
0.063 -0.005 0.021
0.062 -0.005 0.020
0.060 -0.005 0.018
0.059 -0.005 0.017
0.057 -0.005 0.016
0.056 -0.005 0.014
0.054 -0.004 0.013
0.053 -0.004 0.012
0.051 -0.004 0.010
0.050 -0.004 0.009
0.048 -0.004 0.008
0.047 -0.004 0.007
0.046 -0.004 0.006
0.045 -0.004 0.005
0.044 -0.004 0.004
0.042 -0.004 0.003
0.041 -0.004 0.002
0.040 -0.004 0.001
0.039 -0.004 0.000
0.038 -0.003 -0.001
0.036 -0.003 -0.002
0.035 -0.003 -0.003
0.034 -0.004 -0.004
0.033 -0.003 -0.005
0.032 -0.003 -0.006
0.031 -0.003 -0.007
0.030 -0.003 -0.008
0.029 -0.003 -0.008
0.028 -0.003 -0.009
0.027 -0.003 -0.010
0.027 -0.003 -0.011
0.026 -0.003 -0.012
0.025 -0.003 -0.013
0.024 -0.003 -0.013
0.023 -0.003 -0.014
0.022 -0.003 -0.015
0.021 -0.002 -0.016
0.020 -0.002 -0.017
0.019 -0.002 -0.017
0.018 -0.002 -0.018
0.017 -0.002 -0.019
0.016 -0.002 -0.020
0.015 -0.002 -0.020
0.014 -0.001 -0.021
0.014 -0.001 -0.022
0.013 -0.001 -0.023
0.012 -0.001 -0.023
0.011 -0.001 -0.024
0.011 -0.001 -0.024
0.010 -0.001 -0.025
0.009 -0.001 -0.026
0.009 -0.001 -0.026
0.008 -0.001 -0.027
0.007 -0.001 -0.027
0.007 -0.001 -0.028
0.006 -0.001 -0.028
0.005 -0.001 -0.029
0.005 -0.001 -0.029
0.004 -0.001 -0.030
0.003 -0.001 -0.031
0.003 -0.001 -0.031
0.002 0.000 -0.032
0.001 0.000 -0.032
0.001 0.000 -0.033
0.000 0.000 -0.033
-0.001 0.000 -0.034
-0.002 0.001 -0.035
-0.002 0.001 -0.035
-0.003 0.001 -0.036
-0.004 0.001 -0.037
-0.005 0.002 -0.037
-0.005 0.002 -0.038
-0.006 0.003 -0.038
-0.007 0.003 -0.039
-0.007 0.003 -0.040
-0.008 0.003 -0.040
-0.008 0.003 -0.040
-0.009 0.003 -0.041
-0.009 0.003 -0.041
-0.009 0.003 -0.041
-0.010 0.003 -0.042
-0.010 0.003 -0.042
-0.011 0.003 -0.043
-0.012 0.003 -0.043
-0.012 0.003 -0.044
-0.012 0.003 -0.044
-0.013 0.003 -0.044
-0.012 0.002 -0.044
-0.012 0.001 -0.044
-0.013 0.002 -0.045
-0.014 0.002 -0.045
-0.015 0.003 -0.046
-0.015 0.003 -0.046
-0.011 -0.004 -0.044
0.332 0.224 0.295
0.331 0.221 0.294
0.330 0.219 0.293
0.330 0.217 0.292
0.330 0.215 0.292
0.330 0.213 0.292
0.330 0.210 0.291
0.331 0.208 0.291
0.335 0.208 0.295
0.344 0.208 0.303
0.346 0.206 0.305
0.347 0.204 0.305
0.346 0.202 0.304
0.346 0.199 0.303
0.345 0.197 0.302
0.345 0.195 0.302
0.344 0.192 0.301
0.343 0.190 0.300
0.342 0.187 0.298
0.335 0.183 0.291
0.324 0.179 0.281
0.317 0.175 0.274
0.316 0.172 0.272
0.313 0.170 0.270
0.311 0.167 0.267
0.308 0.165 0.265
0.307 0.162 0.263
0.304 0.160 0.260
0.301 0.157 0.257
0.298 0.154 0.254
0.295 0.152 0.251
0.292 0.149 0.248
0.289 0.147 0.245
0.287 0.144 0.243
0.286 0.142 0.242
0.285 0.140 0.241
0.285 0.138 0.240
0.285 0.136 0.239
0.284 0.134 0.239
0.284 0.132 0.238
0.283 0.130 0.237
0.283 0.127 0.237
0.283 0.125 0.236
0.283 0.123 0.236
0.283 0.121 0.235
0.283 0.119 0.235
0.282 0.117 0.234
0.282 0.115 0.234
0.282 0.113 0.233
0.282 0.111 0.233
0.282 0.109 0.232
0.281 0.107 0.232
0.281 0.105 0.231
0.281 0.103 0.230
0.280 0.100 0.230
0.280 0.098 0.229
0.280 0.096 0.229
0.279 0.094 0.228
0.279 0.092 0.227
0.279 0.090 0.226
0.278 0.088 0.226
0.278 0.086 0.225
0.278 0.084 0.225
0.277 0.082 0.224
0.277 0.079 0.224
0.277 0.077 0.223
0.277 0.075 0.222
0.276 0.073 0.222
0.276 0.071 0.221
0.275 0.069 0.220
0.275 0.067 0.220
0.275 0.065 0.219
0.274 0.063 0.218
0.274 0.060 0.218
0.274 0.058 0.217
0.274 0.056 0.217
0.273 0.054 0.216
0.273 0.052 0.215
0.272 0.050 0.215
0.272 0.048 0.214
0.272 0.046 0.213
0.271 0.044 0.212
0.270 0.041 0.211
0.268 0.040 0.209
0.265 0.038 0.206
0.262 0.036 0.203
0.260 0.035 0.201
0.258 0.033 0.199
0.257 0.031 0.198
0.256 0.029 0.197
0.256 0.027 0.196
0.255 0.025 0.195
0.254 0.023 0.194
0.253 0.021 0.193
0.253 0.019 0.192
0.252 0.017 0.192
0.252 0.015 0.191
0.252 0.013 0.191
0.252 0.011 0.190
0.251 0.009 0.189
0.252 0.007 0.189
0.252 0.004 0.190
0.253 0.002 0.190
0.252 0.000 0.189
0.250 -0.002 0.186
0.243 -0.002 0.180
0.233 -0.001 0.171
0.226 -0.001 0.166
0.220 -0.001 0.160
0.215 -0.001 0.156
0.210 -0.002 0.151
0.205 -0.002 0.147
0.199 -0.002 0.142
0.193 -0.002 0.137
0.185 -0.001 0.130
0.167 0.004 0.115
0.162 0.004 0.110
0.156 0.005 0.105
0.153 0.005 0.102
0.151 0.004 0.100
0.149 0.003 0.098
0.147 0.002 0.096
0.145 0.001 0.095
0.144 0.001 0.093
0.141 0.000 0.091
0.139 0.000 0.089
0.136 -0.001 0.087
0.134 -0.001 0.085
0.131 -0.001 0.082
0.128 -0.001 0.079
0.124 -0.001 0.076
0.122 -0.001 0.074
0.119 -0.001 0.071
0.116 -0.001 0.069
0.113 -0.001 0.066
0.110 -0.001 0.064
0.108 -0.001 0.062
0.106 -0.001 0.060
0.103 -0.002 0.057
0.101 -0.002 0.055
0.099 -0.002 0.053
0.096 -0.002 0.051
0.094 -0.001 0.049
0.092 -0.002 0.047
0.090 -0.002 0.046
0.088 -0.002 0.044
0.086 -0.002 0.042
0.084 -0.002 0.040
0.082 -0.002 0.039
0.081 -0.002 0.038
0.080 -0.003 0.036
0.078 -0.003 0.035
0.077 -0.003 0.034
0.075 -0.003 0.032
0.074 -0.004 0.031
0.073 -0.004 0.030
0.072 -0.004 0.029
0.070 -0.004 0.028
0.069 -0.005 0.027
0.067 -0.005 0.025
0.066 -0.005 0.024
0.064 -0.005 0.023
0.063 -0.005 0.021
0.061 -0.005 0.020
0.060 -0.005 0.019
0.058 -0.005 0.018
0.057 -0.005 0.016
0.055 -0.004 0.015
0.054 -0.004 0.013
0.052 -0.004 0.012
0.051 -0.004 0.011
0.049 -0.004 0.009
0.048 -0.004 0.008
0.046 -0.004 0.007
0.045 -0.004 0.006
0.044 -0.004 0.005
0.043 -0.004 0.004
0.042 -0.004 0.003
0.041 -0.004 0.002
0.039 -0.004 0.001
0.038 -0.004 0.000
0.037 -0.003 -0.001
0.036 -0.003 -0.002
0.035 -0.003 -0.003
0.034 -0.003 -0.004
0.033 -0.004 -0.005
0.032 -0.003 -0.005
0.031 -0.003 -0.006
0.030 -0.003 -0.007
0.029 -0.003 -0.008
0.028 -0.003 -0.009
0.027 -0.003 -0.010
0.026 -0.003 -0.011
0.025 -0.003 -0.011
0.024 -0.003 -0.012
0.023 -0.003 -0.013
0.022 -0.003 -0.014
0.021 -0.003 -0.015
0.020 -0.003 -0.015
0.019 -0.002 -0.016
0.018 -0.002 -0.017
0.017 -0.002 -0.018
0.017 -0.002 -0.019
0.016 -0.002 -0.019
0.015 -0.002 -0.020
0.014 -0.002 -0.021
0.013 -0.002 -0.022
0.013 -0.001 -0.022
0.012 -0.001 -0.023
0.011 -0.001 -0.023
0.011 -0.001 -0.024
0.010 -0.001 -0.025
0.009 -0.001 -0.025
0.008 -0.001 -0.026
0.008 -0.001 -0.026
0.007 -0.001 -0.027
0.007 -0.001 -0.028
0.006 -0.001 -0.028
0.005 -0.001 -0.029
0.005 -0.001 -0.029
0.004 -0.001 -0.030
0.003 -0.001 -0.030
0.002 -0.001 -0.031
0.002 -0.001 -0.031
0.001 0.000 -0.032
0.001 0.000 -0.033
0.000 0.000 -0.033
-0.001 0.000 -0.034
-0.002 0.000 -0.034
-0.003 0.001 -0.035
-0.003 0.001 -0.036
-0.004 0.001 -0.036
-0.005 0.002 -0.037
-0.005 0.002 -0.038
-0.006 0.002 -0.038
-0.007 0.003 -0.039
-0.007 0.003 -0.039
-0.008 0.003 -0.040
-0.008 0.003 -0.040
-0.009 0.003 -0.040
-0.009 0.003 -0.041
-0.010 0.003 -0.041
-0.010 0.003 -0.042
-0.011 0.003 -0.042
-0.011 0.003 -0.042
-0.012 0.003 -0.043
-0.012 0.003 -0.043
-0.013 0.003 -0.044
-0.013 0.003 -0.044
-0.013 0.003 -0.044
-0.013 0.002 -0.044
-0.013 0.002 -0.045
-0.014 0.002 -0.045
-0.015 0.004 -0.046
-0.016 0.004 -0.046
-0.011 -0.003 -0.044
0.331 0.224 0.296
0.330 0.221 0.295
0.330 0.219 0.294
0.329 0.217 0.294
0.329 0.215 0.293
0.330 0.213 0.293
0.330 0.211 0.293
0.333 0.209 0.295
0.339 0.209 0.300
0.344 0.208 0.306
0.346 0.206 0.307
0.345 0.204 0.306
0.345 0.202 0.305
0.345 0.199 0.304
0.344 0.197 0.303
0.343 0.194 0.303
0.343 0.192 0.302
0.343 0.190 0.301
0.342 0.187 0.300
0.339 0.184 0.297
0.327 0.179 0.285
0.319 0.176 0.278
0.316 0.173 0.275
0.314 0.170 0.273
0.312 0.168 0.270
0.309 0.165 0.267
0.307 0.162 0.266
0.305 0.160 0.263
0.302 0.157 0.260
0.299 0.155 0.257
0.296 0.152 0.254
0.293 0.149 0.250
0.290 0.147 0.247
0.288 0.145 0.245
0.287 0.142 0.244
0.286 0.140 0.243
0.286 0.138 0.242
0.285 0.136 0.242
0.285 0.134 0.241
0.284 0.132 0.240
0.284 0.130 0.239
0.284 0.128 0.239
0.284 0.126 0.238
0.283 0.123 0.238
0.283 0.121 0.237
0.283 0.119 0.237
0.283 0.117 0.236
0.283 0.115 0.236
0.282 0.113 0.235
0.282 0.111 0.235
0.282 0.109 0.234
0.282 0.107 0.234
0.281 0.105 0.233
0.281 0.103 0.232
0.281 0.100 0.232
0.280 0.098 0.231
0.280 0.096 0.231
0.280 0.094 0.230
0.279 0.092 0.229
0.279 0.090 0.229
0.278 0.088 0.228
0.278 0.086 0.227
0.278 0.084 0.226
0.277 0.081 0.226
0.277 0.079 0.225
0.277 0.077 0.225
0.276 0.075 0.224
0.276 0.073 0.223
0.276 0.071 0.223
0.275 0.069 0.222
0.275 0.067 0.221
0.274 0.065 0.221
0.274 0.062 0.220
0.274 0.060 0.219
0.274 0.058 0.219
0.273 0.056 0.218
0.273 0.054 0.218
0.273 0.052 0.217
0.272 0.050 0.216
0.272 0.048 0.216
0.272 0.045 0.215
0.271 0.043 0.214
0.270 0.041 0.213
0.268 0.039 0.211
0.265 0.038 0.208
0.262 0.036 0.205
0.259 0.034 0.202
0.258 0.032 0.201
0.257 0.030 0.200
0.257 0.029 0.199
0.256 0.027 0.198
0.255 0.025 0.197
0.254 0.023 0.196
0.253 0.021 0.195
0.253 0.019 0.194
0.252 0.017 0.193
0.252 0.015 0.193
0.252 0.012 0.193
0.252 0.010 0.192
0.252 0.008 0.191
0.252 0.006 0.191
0.253 0.004 0.192
0.253 0.001 0.192
0.252 0.000 0.190
0.250 -0.002 0.188
0.242 -0.002 0.181
0.233 -0.001 0.173
0.226 -0.001 0.167
0.219 -0.001 0.161
0.214 -0.001 0.157
0.209 -0.002 0.152
0.204 -0.002 0.148
0.198 -0.002 0.142
0.192 -0.001 0.137
0.184 0.000 0.130
0.167 0.004 0.116
0.161 0.004 0.111
0.156 0.004 0.106
0.153 0.004 0.104
0.151 0.003 0.101
0.149 0.003 0.099
0.147 0.002 0.098
0.146 0.001 0.096
0.144 0.000 0.095
0.142 -0.001 0.093
0.140 -0.001 0.091
0.136 -0.001 0.088
0.133 -0.001 0.085
0.130 -0.001 0.082
0.126 -0.001 0.079
0.123 -0.001 0.076
0.120 -0.001 0.074
0.117 -0.001 0.071
0.115 -0.001 0.069
0.112 -0.001 0.066
0.109 -0.001 0.064
0.107 -0.001 0.062
0.105 -0.001 0.060
0.102 -0.001 0.058
0.100 -0.002 0.056
0.098 -0.002 0.054
0.095 -0.001 0.052
0.093 -0.001 0.049
0.091 -0.001 0.048
0.089 -0.002 0.046
0.087 -0.002 0.044
0.085 -0.002 0.042
0.084 -0.002 0.041
0.082 -0.002 0.040
0.081 -0.003 0.038
0.079 -0.003 0.037
0.078 -0.003 0.036
0.076 -0.003 0.034
0.075 -0.004 0.033
0.074 -0.004 0.032
0.072 -0.004 0.031
0.071 -0.004 0.030
0.070 -0.004 0.028
0.068 -0.005 0.027
0.067 -0.005 0.026
0.065 -0.005 0.024
0.064 -0.005 0.023
0.062 -0.005 0.022
0.061 -0.005 0.020
0.059 -0.005 0.019
0.058 -0.005 0.018
0.056 -0.004 0.016
0.054 -0.004 0.015
0.053 -0.004 0.013
0.051 -0.004 0.012
0.050 -0.004 0.011
0.049 -0.004 0.010
0.047 -0.004 0.009
0.046 -0.004 0.007
0.045 -0.004 0.006
0.044 -0.004 0.005
0.043 -0.004 0.004
0.041 -0.004 0.003
0.040 -0.004 0.002
0.039 -0.004 0.001
0.038 -0.004 0.000
0.037 -0.003 -0.001
0.036 -0.004 -0.002
0.035 -0.003 -0.003
0.034 -0.004 -0.003
0.033 -0.004 -0.004
0.032 -0.004 -0.005
0.031 -0.003 -0.006
0.030 -0.003 -0.007
0.029 -0.003 -0.008
0.028 -0.003 -0.009
0.027 -0.003 -0.009
0.026 -0.003 -0.010
0.025 -0.003 -0.011
0.024 -0.003 -0.012
0.023 -0.003 -0.013
0.022 -0.003 -0.014
0.021 -0.003 -0.014
0.020 -0.003 -0.015
0.019 -0.002 -0.016
0.018 -0.002 -0.017
0.017 -0.002 -0.018
0.016 -0.002 -0.018
0.016 -0.002 -0.019
0.015 -0.002 -0.020
0.014 -0.002 -0.020
0.013 -0.002 -0.021
0.013 -0.002 -0.022
0.012 -0.002 -0.022
0.011 -0.002 -0.023
0.010 -0.002 -0.024
0.010 -0.001 -0.024
0.009 -0.002 -0.025
0.008 -0.001 -0.025
0.008 -0.001 -0.026
0.007 -0.001 -0.027
0.006 -0.001 -0.027
0.006 -0.001 -0.028
0.005 -0.001 -0.028
0.004 -0.001 -0.029
0.004 -0.001 -0.029
0.003 -0.001 -0.030
0.002 -0.001 -0.031
0.002 -0.001 -0.031
0.001 -0.001 -0.032
0.000 -0.001 -0.032
0.000 0.000 -0.033
-0.001 0.000 -0.034
-0.002 0.000 -0.034
-0.003 0.001 -0.035
-0.003 0.001 -0.036
-0.004 0.001 -0.036
-0.005 0.002 -0.037
-0.006 0.002 -0.037
-0.006 0.002 -0.038
-0.007 0.002 -0.038
-0.008 0.002 -0.039
-0.008 0.002 -0.039
-0.009 0.003 -0.040
-0.009 0.002 -0.040
-0.009 0.003 -0.041
-0.010 0.003 -0.041
-0.011 0.003 -0.041
-0.011 0.003 -0.042
-0.012 0.003 -0.042
-0.012 0.003 -0.043
-0.012 0.003 -0.043
-0.013 0.003 -0.043
-0.013 0.003 -0.044
-0.014 0.003 -0.044
-0.014 0.003 -0.044
-0.014 0.002 -0.045
-0.014 0.003 -0.045
-0.016 0.004 -0.046
-0.016 0.004 -0.046
-0.012 -0.003 -0.044
0.331 0.224 0.298
0.330 0.222 0.297
0.329 0.219 0.296
0.329 0.217 0.295
0.329 0.215 0.295
0.329 0.213 0.295
0.331 0.211 0.296
0.335 0.210 0.300
0.342 0.210 0.306
0.345 0.209 0.308
0.345 0.206 0.308
0.344 0.204 0.306
0.344 0.202 0.306
0.343 0.199 0.305
0.343 0.197 0.304
0.342 0.194 0.303
0.342 0.192 0.303
0.342 0.190 0.302
0.341 0.187 0.302
0.340 0.185 0.300
0.334 0.181 0.294
0.322 0.176 0.283
0.316 0.173 0.277
0.315 0.170 0.275
0.313 0.168 0.273
0.310 0.165 0.270
0.308 0.163 0.268
0.306 0.160 0.266
0.303 0.158 0.263
0.300 0.155 0.260
0.297 0.152 0.257
0.294 0.150 0.253
0.291 0.147 0.250
0.289 0.145 0.248
0.288 0.143 0.247
0.287 0.140 0.246
0.287 0.138 0.245
0.286 0.136 0.244
0.285 0.134 0.243
0.285 0.132 0.242
0.284 0.130 0.242
0.284 0.128 0.241
0.284 0.126 0.241
0.284 0.124 0.240
0.284 0.122 0.240
0.283 0.119 0.239
0.283 0.117 0.239
0.283 0.115 0.238
0.283 0.113 0.238
0.283 0.111 0.237
0.282 0.109 0.236
0.282 0.107 0.236
0.282 0.105 0.235
0.281 0.103 0.234
0.281 0.100 0.234
0.281 0.098 0.233
0.280 0.096 0.233
0.280 0.094 0.232
0.280 0.092 0.231
0.279 0.090 0.231
0.279 0.088 0.230
0.278 0.086 0.229
0.278 0.083 0.228
0.277 0.081 0.228
0.277 0.079 0.227
0.277 0.077 0.227
0.276 0.075 0.226
0.276 0.073 0.225
0.276 0.071 0.224
0.275 0.069 0.224
0.275 0.067 0.223
0.274 0.064 0.222
0.274 0.062 0.222
0.274 0.060 0.221
0.273 0.058 0.220
0.273 0.056 0.220
0.273 0.054 0.219
0.273 0.052 0.219
0.272 0.050 0.218
0.272 0.047 0.217
0.272 0.045 0.217
0.271 0.043 0.216
0.270 0.041 0.215
0.268 0.039 0.213
0.264 0.038 0.209
0.261 0.036 0.206
0.259 0.034 0.204
0.258 0.032 0.203
0.257 0.030 0.202
0.256 0.028 0.201
0.256 0.026 0.200
0.255 0.024 0.198
0.254 0.022 0.197
0.253 0.020 0.196
0.253 0.018 0.196
0.253 0.016 0.195
0.253 0.014 0.195
0.253 0.012 0.194
0.252 0.010 0.194
0.252 0.008 0.193
0.252 0.006 0.193
0.253 0.003 0.194
0.254 0.001 0.194
0.252 -0.001 0.192
0.249 -0.002 0.189
0.242 -0.002 0.183
0.232 -0.001 0.174
0.225 -0.001 0.168
0.219 -0.001 0.162
0.213 -0.001 0.157
0.208 -0.002 0.153
0.203 -0.002 0.148
0.197 -0.002 0.143
0.190 -0.001 0.137
0.182 0.000 0.130
0.167 0.003 0.117
0.162 0.004 0.112
0.157 0.004 0.108
0.153 0.004 0.105
0.151 0.003 0.103
0.149 0.002 0.101
0.147 0.001 0.099
0.146 0.000 0.098
0.144 0.000 0.096
0.142 -0.001 0.094
0.139 -0.001 0.092
0.136 -0.001 0.088
0.132 -0.001 0.085
0.128 -0.001 0.082
0.125 -0.001 0.079
0.122 -0.001 0.076
0.119 -0.001 0.074
0.116 -0.001 0.071
0.114 -0.001 0.069
0.111 -0.001 0.066
0.109 -0.001 0.064
0.106 -0.001 0.062
0.104 -0.001 0.060
0.102 -0.001 0.058
0.099 -0.001 0.056
0.097 -0.001 0.054
0.094 -0.001 0.052
0.092 -0.001 0.050
0.090 -0.001 0.048
0.088 -0.002 0.046
0.087 -0.002 0.045
0.085 -0.002 0.043
0.083 -0.002 0.042
0.082 -0.002 0.040
0.080 -0.003 0.039
0.079 -0.003 0.037
0.077 -0.003 0.036
0.076 -0.003 0.035
0.075 -0.004 0.034
0.074 -0.004 0.033
0.072 -0.004 0.031
0.071 -0.005 0.030
0.069 -0.005 0.029
0.068 -0.005 0.027
0.066 -0.005 0.026
0.065 -0.005 0.025
0.063 -0.005 0.023
0.062 -0.005 0.022
0.060 -0.005 0.020
0.059 -0.005 0.019
0.057 -0.005 0.018
0.055 -0.004 0.016
0.054 -0.004 0.015
0.052 -0.004 0.014
0.051 -0.004 0.012
0.049 -0.004 0.011
0.048 -0.004 0.010
0.047 -0.004 0.009
0.046 -0.004 0.008
0.044 -0.004 0.007
0.043 -0.004 0.006
0.042 -0.004 0.005
0.041 -0.004 0.004
0.040 -0.004 0.003
0.039 -0.004 0.002
0.037 -0.004 0.001
0.036 -0.004 0.000
0.035 -0.004 -0.001
0.034 -0.004 -0.002
0.033 -0.004 -0.003
0.032 -0.004 -0.004
0.031 -0.004 -0.005
0.030 -0.004 -0.006
0.030 -0.004 -0.006
0.029 -0.004 -0.007
0.028 -0.004 -0.008
0.027 -0.004 -0.009
0.026 -0.003 -0.010
0.025 -0.003 -0.011
0.024 -0.003 -0.012
0.023 -0.003 -0.012
0.022 -0.003 -0.013
0.021 -0.003 -0.014
0.020 -0.003 -0.015
0.019 -0.003 -0.016
0.018 -0.003 -0.016
0.017 -0.002 -0.017
0.016 -0.002 -0.018
0.016 -0.002 -0.019
0.015 -0.002 -0.019
0.014 -0.002 -0.020
0.013 -0.002 -0.021
0.013 -0.002 -0.021
0.012 -0.002 -0.022
0.011 -0.002 -0.023
0.010 -0.002 -0.023
0.009 -0.002 -0.024
0.009 -0.002 -0.025
0.008 -0.002 -0.025
0.008 -0.002 -0.026
0.007 -0.002 -0.026
0.006 -0.002 -0.027
0.006 -0.002 -0.027
0.005 -0.002 -0.028
0.004 -0.002 -0.028
0.004 -0.002 -0.029
0.003 -0.001 -0.030
0.002 -0.001 -0.030
0.002 -0.001 -0.031
0.001 -0.001 -0.031
0.000 -0.001 -0.032
0.000 -0.001 -0.033
-0.001 -0.001 -0.033
-0.002 0.000 -0.034
-0.003 0.000 -0.035
-0.004 0.001 -0.035
-0.005 0.001 -0.036
-0.005 0.002 -0.037
-0.006 0.001 -0.037
-0.006 0.001 -0.037
-0.007 0.002 -0.038
-0.007 0.002 -0.038
-0.008 0.002 -0.039
-0.008 0.002 -0.039
-0.009 0.002 -0.040
-0.009 0.002 -0.040
-0.010 0.002 -0.041
-0.011 0.003 -0.041
-0.011 0.003 -0.042
-0.012 0.003 -0.042
-0.012 0.003 -0.043
-0.013 0.003 -0.043
-0.013 0.003 -0.043
-0.014 0.003 -0.044
-0.014 0.003 -0.044
-0.014 0.003 -0.044
-0.015 0.003 -0.045
-0.015 0.003 -0.045
-0.016 0.004 -0.046
-0.017 0.005 -0.047
-0.013 -0.002 -0.044
0.330 0.224 0.299
0.330 0.222 0.299
0.329 0.220 0.298
0.329 0.217 0.297
0.329 0.215 0.297
0.330 0.213 0.297
0.333 0.212 0.300
0.339 0.212 0.305
0.342 0.210 0.308
0.344 0.209 0.309
0.343 0.206 0.308
0.342 0.204 0.307
0.342 0.202 0.307
0.342 0.199 0.306
0.341 0.197 0.305
0.341 0.194 0.304
0.340 0.192 0.304
0.340 0.190 0.303
0.340 0.187 0.303
0.339 0.185 0.302
0.337 0.182 0.299
0.325 0.177 0.288
0.319 0.174 0.281
0.315 0.171 0.277
0.313 0.168 0.275
0.311 0.166 0.273
0.309 0.163 0.271
0.307 0.161 0.268
0.304 0.158 0.266
0.301 0.155 0.263
0.298 0.153 0.259
0.295 0.150 0.256
0.292 0.148 0.253
0.290 0.145 0.251
0.289 0.143 0.250
0.288 0.141 0.249
0.288 0.139 0.248
0.287 0.136 0.247
0.286 0.134 0.246
0.286 0.132 0.245
0.285 0.130 0.244
0.285 0.128 0.244
0.285 0.126 0.243
0.285 0.124 0.243
0.284 0.122 0.242
0.284 0.119 0.241
0.284 0.117 0.241
0.284 0.115 0.240
0.283 0.113 0.240
0.283 0.111 0.239
0.283 0.109 0.239
0.282 0.107 0.238
0.282 0.105 0.237
0.281 0.103 0.236
0.281 0.100 0.236
0.281 0.098 0.235
0.281 0.096 0.235
0.280 0.094 0.234
0.280 0.092 0.233
0.279 0.090 0.232
0.279 0.088 0.232
0.279 0.086 0.231
0.278 0.083 0.230
0.278 0.081 0.230
0.278 0.079 0.229
0.277 0.077 0.229
0.277 0.075 0.228
0.276 0.073 0.227
0.276 0.071 0.226
0.276 0.069 0.226
0.275 0.066 0.225
0.275 0.064 0.224
0.275 0.062 0.224
0.274 0.060 0.223
0.274 0.058 0.222
0.273 0.056 0.222
0.273 0.054 0.221
0.273 0.051 0.221
0.272 0.049 0.220
0.272 0.047 0.219
0.272 0.045 0.219
0.271 0.043 0.218
0.270 0.041 0.217
0.268 0.039 0.214
0.264 0.037 0.211
0.261 0.036 0.208
0.259 0.034 0.206
0.258 0.032 0.204
0.257 0.030 0.203
0.256 0.028 0.202
0.256 0.026 0.201
0.255 0.024 0.200
0.254 0.022 0.199
0.254 0.020 0.198
0.253 0.018 0.198
0.253 0.016 0.197
0.253 0.014 0.197
0.253 0.012 0.197
0.253 0.010 0.196
0.252 0.008 0.195
0.253 0.005 0.195
0.254 0.003 0.196
0.254 0.001 0.195
0.252 -0.001 0.194
0.249 -0.002 0.191
0.242 -0.002 0.184
0.232 -0.001 0.175
0.224 -0.001 0.169
0.218 -0.001 0.163
0.212 -0.001 0.158
0.207 -0.002 0.153
0.201 -0.002 0.148
0.195 -0.001 0.143
0.188 -0.001 0.136
0.180 0.000 0.130
0.169 0.003 0.120
0.162 0.003 0.114
0.157 0.004 0.109
0.154 0.003 0.106
0.151 0.003 0.104
0.150 0.002 0.103
0.148 0.001 0.101
0.146 0.000 0.099
0.144 -0.001 0.097
0.142 -0.001 0.095
0.138 -0.001 0.092
0.134 -0.001 0.088
0.130 -0.001 0.085
0.127 -0.001 0.082
0.124 -0.001 0.079
0.121 -0.001 0.076
0.118 -0.001 0.074
0.115 -0.001 0.071
0.113 -0.001 0.069
0.110 -0.001 0.067
0.108 -0.001 0.065
0.105 -0.001 0.062
0.103 -0.001 0.060
0.101 -0.001 0.058
0.098 -0.001 0.056
0.096 -0.001 0.054
0.094 -0.001 0.052
0.092 -0.001 0.050
0.090 -0.001 0.048
0.088 -0.002 0.047
0.086 -0.002 0.045
0.084 -0.002 0.043
0.083 -0.002 0.042
0.081 -0.002 0.041
0.080 -0.003 0.039
0.078 -0.003 0.038
0.077 -0.003 0.037
0.076 -0.004 0.035
0.074 -0.004 0.034
0.073 -0.004 0.033
0.072 -0.005 0.032
0.070 -0.005 0.030
0.069 -0.005 0.029
0.067 -0.005 0.028
0.066 -0.005 0.026
0.064 -0.005 0.025
0.063 -0.005 0.024
0.061 -0.005 0.022
0.059 -0.005 0.021
0.058 -0.005 0.019
0.056 -0.004 0.018
0.055 -0.004 0.017
0.053 -0.004 0.015
0.052 -0.004 0.014
0.050 -0.004 0.013
0.049 -0.004 0.012
0.048 -0.004 0.011
0.047 -0.004 0.009
0.045 -0.004 0.008
0.044 -0.004 0.007
0.043 -0.004 0.006
0.042 -0.004 0.005
0.041 -0.004 0.004
0.039 -0.004 0.003
0.038 -0.004 0.002
0.037 -0.004 0.001
0.036 -0.004 0.000
0.035 -0.004 -0.001
0.034 -0.004 -0.002
0.033 -0.004 -0.003
0.032 -0.004 -0.003
0.031 -0.004 -0.004
0.030 -0.004 -0.005
0.029 -0.004 -0.006
0.028 -0.004 -0.007
0.027 -0.004 -0.008
0.026 -0.004 -0.009
0.025 -0.004 -0.009
0.024 -0.004 -0.010
0.024 -0.003 -0.011
0.023 -0.003 -0.012
0.022 -0.003 -0.013
0.021 -0.003 -0.014
0.020 -0.003 -0.014
0.019 -0.003 -0.015
0.018 -0.003 -0.016
0.017 -0.003 -0.017
0.016 -0.003 -0.017
0.016 -0.003 -0.018
0.015 -0.002 -0.019
0.014 -0.002 -0.020
0.013 -0.002 -0.020
0.012 -0.002 -0.021
0.012 -0.002 -0.022
0.011 -0.002 -0.022
0.010 -0.002 -0.023
0.009 -0.002 -0.024
0.009 -0.002 -0.024
0.008 -0.002 -0.025
0.007 -0.002 -0.025
0.007 -0.002 -0.026
0.006 -0.002 -0.026
0.006 -0.002 -0.027
0.005 -0.002 -0.028
0.004 -0.002 -0.028
0.004 -0.002 -0.029
0.003 -0.002 -0.029
0.002 -0.002 -0.030
0.002 -0.001 -0.030
0.001 -0.001 -0.031
0.000 -0.001 -0.032
0.000 -0.001 -0.032
-0.001 -0.001 -0.033
-0.002 -0.001 -0.033
-0.003 0.000 -0.034
-0.004 0.000 -0.035
-0.005 0.001 -0.036
-0.005 0.001 -0.036
-0.006 0.001 -0.037
-0.006 0.001 -0.037
-0.007 0.001 -0.038
-0.007 0.001 -0.038
-0.008 0.002 -0.039
-0.008 0.002 -0.039
-0.009 0.002 -0.039
-0.010 0.002 -0.040
-0.010 0.002 -0.040
-0.011 0.002 -0.041
-0.011 0.003 -0.041
-0.012 0.003 -0.042
-0.012 0.003 -0.042
-0.013 0.003 -0.043
-0.013 0.003 -0.043
-0.014 0.003 -0.043
-0.014 0.003 -0.044
-0.014 0.003 -0.044
-0.015 0.003 -0.045
-0.016 0.003 -0.045
-0.017 0.005 -0.046
-0.018 0.005 -0.047
-0.013 -0.002 -0.044
0.329 0.224 0.301
0.329 0.222 0.300
0.329 0.220 0.300
0.329 0.218 0.299
0.329 0.216 0.299
0.331 0.214 0.301
0.336 0.214 0.305
0.340 0.212 0.309
0.342 0.211 0.310
0.342 0.208 0.309
0.341 0.206 0.308
0.341 0.204 0.308
0.341 0.201 0.307
0.340 0.199 0.306
0.339 0.197 0.305
0.339 0.194 0.305
0.339 0.192 0.304
0.339 0.190 0.304
0.339 0.187 0.303
0.338 0.185 0.303
0.337 0.182 0.301
0.335 0.180 0.298
0.324 0.175 0.288
0.319 0.172 0.283
0.315 0.169 0.279
0.312 0.166 0.276
0.310 0.163 0.273
0.307 0.161 0.271
0.305 0.158 0.268
0.302 0.156 0.266
0.299 0.153 0.262
0.296 0.150 0.259
0.294 0.148 0.257
0.292 0.145 0.254
0.291 0.143 0.253
0.290 0.141 0.252
0.289 0.139 0.251
0.288 0.137 0.250
0.287 0.134 0.248
0.286 0.132 0.248
0.286 0.130 0.247
0.286 0.128 0.246
0.286 0.126 0.246
0.285 0.124 0.245
0.285 0.122 0.245
0.285 0.120 0.244
0.285 0.117 0.244
0.284 0.115 0.243
0.284 0.113 0.242
0.284 0.111 0.242
0.283 0.109 0.241
0.283 0.107 0.240
0.282 0.105 0.240
0.282 0.103 0.239
0.282 0.100 0.238
0.281 0.098 0.238
0.281 0.096 0.237
0.281 0.094 0.236
0.280 0.092 0.236
0.280 0.090 0.235
0.279 0.088 0.234
0.279 0.085 0.234
0.279 0.083 0.233
0.279 0.081 0.232
0.278 0.079 0.232
0.278 0.077 0.231
0.277 0.075 0.230
0.277 0.073 0.230
0.277 0.071 0.229
0.276 0.068 0.228
0.276 0.066 0.227
0.275 0.064 0.227
0.275 0.062 0.226
0.275 0.060 0.225
0.274 0.058 0.225
0.274 0.056 0.224
0.274 0.053 0.223
0.273 0.051 0.223
0.273 0.049 0.222
0.272 0.047 0.221
0.272 0.045 0.221
0.271 0.043 0.220
0.270 0.041 0.219
0.268 0.039 0.216
0.264 0.037 0.213
0.262 0.035 0.210
0.260 0.034 0.208
0.258 0.032 0.206
0.258 0.030 0.205
0.257 0.028 0.204
0.256 0.026 0.203
0.255 0.024 0.202
0.255 0.022 0.202
0.254 0.020 0.201
0.254 0.018 0.200
0.254 0.015 0.200
0.254 0.013 0.199
0.253 0.011 0.199
0.253 0.009 0.198
0.253 0.007 0.198
0.253 0.005 0.197
0.254 0.002 0.198
0.254 0.000 0.197
0.252 -0.001 0.196
0.248 -0.003 0.192
0.241 -0.003 0.185
0.231 -0.002 0.176
0.223 -0.001 0.169
0.217 -0.001 0.164
0.211 -0.001 0.159
0.206 -0.002 0.154
0.200 -0.002 0.149
0.194 -0.001 0.143
0.186 -0.001 0.137
0.179 0.000 0.130
0.171 0.001 0.123
0.163 0.003 0.116
0.158 0.003 0.111
0.154 0.003 0.108
0.152 0.002 0.106
0.150 0.001 0.104
0.149 0.000 0.103
0.147 -0.001 0.101
0.144 -0.001 0.098
0.141 -0.001 0.095
0.137 -0.001 0.092
0.133 -0.001 0.088
0.129 0.000 0.085
0.126 0.000 0.082
0.123 0.000 0.079
0.120 -0.001 0.077
0.117 -0.001 0.074
0.115 -0.001 0.072
0.112 -0.001 0.069
0.109 -0.001 0.067
0.107 -0.001 0.065
0.104 -0.001 0.063
0.102 -0.001 0.061
0.100 -0.001 0.059
0.097 -0.001 0.056
0.095 -0.001 0.054
0.093 -0.001 0.052
0.091 -0.001 0.050
0.089 -0.001 0.049
0.087 -0.002 0.047
0.086 -0.002 0.046
0.084 -0.002 0.044
0.082 -0.002 0.043
0.081 -0.003 0.041
0.079 -0.003 0.040
0.078 -0.003 0.038
0.076 -0.003 0.037
0.075 -0.004 0.036
0.074 -0.004 0.035
0.073 -0.004 0.033
0.071 -0.005 0.032
0.070 -0.005 0.031
0.068 -0.005 0.029
0.067 -0.005 0.028
0.065 -0.005 0.027
0.064 -0.005 0.025
0.062 -0.005 0.024
0.060 -0.005 0.022
0.059 -0.005 0.021
0.057 -0.004 0.020
0.056 -0.004 0.018
0.054 -0.004 0.017
0.053 -0.004 0.016
0.051 -0.004 0.014
0.050 -0.004 0.013
0.049 -0.004 0.012
0.047 -0.004 0.011
0.046 -0.004 0.010
0.045 -0.004 0.009
0.044 -0.004 0.008
0.043 -0.004 0.007
0.041 -0.004 0.005
0.040 -0.004 0.004
0.039 -0.004 0.003
0.038 -0.004 0.002
0.037 -0.004 0.001
0.036 -0.004 0.000
0.035 -0.004 0.000
0.034 -0.004 -0.001
0.033 -0.004 -0.002
0.032 -0.004 -0.003
0.031 -0.004 -0.004
0.030 -0.004 -0.005
0.029 -0.004 -0.006
0.028 -0.004 -0.007
0.027 -0.004 -0.007
0.026 -0.004 -0.008
0.025 -0.004 -0.009
0.024 -0.004 -0.010
0.023 -0.004 -0.011
0.022 -0.004 -0.012
0.021 -0.003 -0.012
0.020 -0.003 -0.013
0.020 -0.003 -0.014
0.019 -0.003 -0.015
0.018 -0.003 -0.016
0.017 -0.003 -0.016
0.016 -0.003 -0.017
0.015 -0.003 -0.018
0.014 -0.003 -0.019
0.014 -0.003 -0.019
0.013 -0.002 -0.020
0.012 -0.002 -0.021
0.011 -0.002 -0.021
0.011 -0.002 -0.022
0.010 -0.002 -0.023
0.009 -0.002 -0.023
0.008 -0.002 -0.024
0.008 -0.002 -0.025
0.007 -0.002 -0.025
0.007 -0.002 -0.026
0.006 -0.002 -0.026
0.005 -0.002 -0.027
0.005 -0.002 -0.027
0.004 -0.002 -0.028
0.003 -0.002 -0.028
0.003 -0.002 -0.029
0.002 -0.002 -0.030
0.001 -0.002 -0.030
0.001 -0.001 -0.031
0.000 -0.001 -0.031
-0.001 -0.001 -0.032
-0.001 -0.001 -0.033
-0.002 -0.001 -0.033
-0.003 0.000 -0.034
-0.004 0.000 -0.034
-0.005 0.001 -0.035
-0.005 0.001 -0.036
-0.006 0.001 -0.036
-0.006 0.001 -0.037
-0.007 0.001 -0.037
-0.007 0.001 -0.038
-0.008 0.001 -0.038
-0.008 0.001 -0.039
-0.009 0.001 -0.039
-0.010 0.002 -0.040
-0.010 0.002 -0.040
-0.011 0.002 -0.041
-0.011 0.002 -0.041
-0.012 0.003 -0.042
-0.013 0.003 -0.042
-0.013 0.003 -0.043
-0.013 0.003 -0.043
-0.014 0.003 -0.043
-0.014 0.003 -0.044
-0.015 0.003 -0.044
-0.015 0.003 -0.045
-0.016 0.004 -0.045
-0.017 0.005 -0.046
-0.018 0.006 -0.046
-0.013 -0.002 -0.044
0.328 0.224 0.302
0.329 0.222 0.302
0.329 0.220 0.301
0.329 0.218 0.302
0.330 0.216 0.302
0.334 0.215 0.305
0.338 0.214 0.309
0.340 0.213 0.311
0.340 0.211 0.311
0.340 0.208 0.310
0.340 0.206 0.309
0.339 0.204 0.308
0.339 0.201 0.308
0.339 0.199 0.307
0.338 0.197 0.306
0.338 0.194 0.306
0.338 0.192 0.305
0.337 0.190 0.305
0.337 0.187 0.304
0.337 0.185 0.304
0.337 0.183 0.303
0.336 0.180 0.301
0.333 0.177 0.299
0.330 0.174 0.296
0.322 0.171 0.288
0.317 0.167 0.282
0.314 0.164 0.279
0.312 0.162 0.277
0.310 0.159 0.275
0.308 0.157 0.273
0.304 0.154 0.268
0.300 0.151 0.264
0.296 0.148 0.260
0.294 0.146 0.258
0.292 0.144 0.256
0.291 0.141 0.255
0.290 0.139 0.253
0.289 0.137 0.253
0.288 0.135 0.251
0.288 0.133 0.251
0.287 0.130 0.250
0.287 0.128 0.249
0.287 0.126 0.249
0.287 0.124 0.248
0.286 0.122 0.248
0.286 0.120 0.247
0.286 0.118 0.246
0.286 0.115 0.246
0.285 0.113 0.245
0.285 0.111 0.244
0.284 0.109 0.244
0.284 0.107 0.243
0.283 0.105 0.242
0.283 0.103 0.241
0.282 0.100 0.241
0.282 0.098 0.240
0.282 0.096 0.240
0.282 0.094 0.239
0.281 0.092 0.238
0.281 0.090 0.238
0.280 0.088 0.237
0.280 0.085 0.236
0.280 0.083 0.236
0.279 0.081 0.235
0.279 0.079 0.234
0.279 0.077 0.234
0.278 0.075 0.233
0.278 0.073 0.232
0.277 0.070 0.231
0.277 0.068 0.231
0.277 0.066 0.230
0.276 0.064 0.229
0.276 0.062 0.229
0.276 0.060 0.228
0.275 0.057 0.227
0.274 0.055 0.226
0.274 0.053 0.226
0.274 0.051 0.225
0.273 0.049 0.224
0.273 0.047 0.224
0.273 0.045 0.223
0.272 0.042 0.222
0.270 0.040 0.220
0.268 0.039 0.218
0.264 0.037 0.214
0.262 0.035 0.212
0.260 0.033 0.210
0.259 0.031 0.209
0.258 0.029 0.208
0.257 0.027 0.206
0.257 0.025 0.205
0.256 0.023 0.204
0.255 0.021 0.204
0.255 0.019 0.203
0.254 0.017 0.202
0.254 0.015 0.202
0.254 0.013 0.201
0.254 0.011 0.201
0.254 0.009 0.200
0.254 0.007 0.200
0.254 0.004 0.200
0.255 0.002 0.200
0.254 0.000 0.199
0.252 -0.002 0.197
0.248 -0.003 0.193
0.240 -0.003 0.186
0.231 -0.002 0.178
0.223 -0.002 0.171
0.216 -0.001 0.165
0.211 -0.002 0.160
0.205 -0.002 0.155
0.199 -0.002 0.149
0.193 -0.001 0.143
0.186 -0.001 0.137
0.178 0.000 0.131
0.172 0.001 0.125
0.164 0.002 0.118
0.159 0.002 0.114
0.155 0.002 0.110
0.153 0.001 0.108
0.151 0.001 0.106
0.149 0.000 0.104
0.146 -0.001 0.102
0.143 -0.001 0.099
0.140 -0.001 0.096
0.136 -0.001 0.092
0.132 -0.001 0.088
0.128 0.000 0.085
0.125 0.000 0.082
0.122 0.000 0.079
0.119 -0.001 0.077
0.117 -0.001 0.075
0.114 -0.001 0.072
0.111 -0.001 0.070
0.109 -0.001 0.067
0.106 -0.001 0.065
0.104 -0.001 0.063
0.101 -0.001 0.061
0.099 -0.001 0.059
0.097 -0.001 0.057
0.094 -0.001 0.055
0.093 -0.001 0.053
0.091 -0.002 0.051
0.089 -0.002 0.049
0.087 -0.002 0.048
0.085 -0.002 0.046
0.084 -0.002 0.045
0.082 -0.003 0.043
0.081 -0.003 0.042
0.079 -0.003 0.041
0.078 -0.003 0.039
0.076 -0.004 0.038
0.075 -0.004 0.036
0.074 -0.004 0.035
0.072 -0.004 0.034
0.071 -0.004 0.032
0.069 -0.004 0.031
0.067 -0.004 0.029
0.066 -0.005 0.028
0.064 -0.005 0.027
0.063 -0.005 0.025
0.061 -0.005 0.024
0.060 -0.005 0.023
0.058 -0.004 0.021
0.057 -0.004 0.020
0.055 -0.004 0.018
0.054 -0.004 0.017
0.052 -0.004 0.016
0.051 -0.004 0.015
0.050 -0.004 0.014
0.048 -0.004 0.012
0.047 -0.004 0.011
0.046 -0.004 0.010
0.045 -0.004 0.009
0.043 -0.004 0.008
0.042 -0.004 0.007
0.041 -0.004 0.006
0.040 -0.004 0.005
0.039 -0.004 0.004
0.038 -0.004 0.003
0.037 -0.004 0.002
0.035 -0.004 0.001
0.034 -0.004 0.000
0.033 -0.004 -0.001
0.033 -0.004 -0.002
0.032 -0.004 -0.003
0.031 -0.004 -0.004
0.030 -0.004 -0.005
0.029 -0.004 -0.005
0.028 -0.004 -0.006
0.027 -0.004 -0.007
0.026 -0.004 -0.008
0.025 -0.004 -0.009
0.024 -0.004 -0.010
0.023 -0.004 -0.010
0.022 -0.004 -0.011
0.021 -0.003 -0.012
0.020 -0.003 -0.013
0.019 -0.003 -0.014
0.018 -0.003 -0.015
0.018 -0.003 -0.015
0.017 -0.003 -0.016
0.016 -0.003 -0.017
0.015 -0.003 -0.018
0.014 -0.003 -0.018
0.013 -0.003 -0.019
0.012 -0.002 -0.020
0.012 -0.002 -0.021
0.011 -0.002 -0.021
0.010 -0.002 -0.022
0.009 -0.002 -0.022
0.009 -0.002 -0.023
0.008 -0.002 -0.024
0.007 -0.002 -0.024
0.007 -0.002 -0.025
0.006 -0.002 -0.025
0.006 -0.002 -0.026
0.005 -0.002 -0.027
0.004 -0.002 -0.027
0.004 -0.002 -0.028
0.003 -0.002 -0.028
0.002 -0.002 -0.029
0.002 -0.002 -0.029
0.001 -0.002 -0.030
0.000 -0.002 -0.031
0.000 -0.001 -0.031
-0.001 -0.001 -0.032
-0.002 -0.001 -0.032
-0.002 -0.001 -0.033
-0.003 -0.001 -0.033
-0.004 0.000 -0.034
-0.005 0.000 -0.035
-0.005 0.001 -0.035
-0.006 0.001 -0.036
-0.007 0.001 -0.036
-0.007 0.001 -0.037
-0.008 0.001 -0.037
-0.008 0.001 -0.038
-0.009 0.001 -0.038
-0.009 0.001 -0.039
-0.010 0.001 -0.039
-0.010 0.002 -0.040
-0.011 0.002 -0.040
-0.012 0.003 -0.041
-0.012 0.003 -0.041
-0.013 0.003 -0.042
-0.013 0.003 -0.042
-0.014 0.003 -0.043
-0.014 0.003 -0.043
-0.015 0.003 -0.044
-0.015 0.003 -0.044
-0.016 0.004 -0.045
-0.016 0.004 -0.045
-0.017 0.005 -0.046
-0.018 0.006 -0.046
-0.013 -0.003 -0.043
0.327 0.224 0.303
0.328 0.223 0.303
0.329 0.221 0.303
0.330 0.219 0.304
0.331 0.217 0.305
0.336 0.216 0.310
0.338 0.215 0.311
0.340 0.213 0.312
0.339 0.211 0.311
0.339 0.208 0.311
0.338 0.206 0.310
0.338 0.204 0.309
0.338 0.201 0.309
0.337 0.199 0.308
0.337 0.196 0.307
0.336 0.194 0.306
0.336 0.192 0.306
0.336 0.189 0.305
0.336 0.187 0.305
0.336 0.185 0.305
0.336 0.183 0.304
0.336 0.180 0.304
0.336 0.178 0.303
0.335 0.175 0.302
0.333 0.173 0.300
0.331 0.170 0.298
0.331 0.168 0.297
0.330 0.165 0.296
0.326 0.162 0.292
0.319 0.159 0.285
0.313 0.156 0.279
0.306 0.152 0.272
0.300 0.149 0.267
0.297 0.147 0.263
0.296 0.144 0.262
0.293 0.142 0.259
0.292 0.140 0.257
0.291 0.137 0.256
0.290 0.135 0.255
0.290 0.133 0.254
0.289 0.131 0.253
0.288 0.129 0.252
0.288 0.126 0.252
0.288 0.124 0.251
0.288 0.122 0.251
0.287 0.120 0.250
0.287 0.118 0.250
0.287 0.116 0.249
0.287 0.113 0.248
0.286 0.111 0.248
0.286 0.109 0.247
0.285 0.107 0.246
0.284 0.105 0.245
0.284 0.103 0.244
0.284 0.100 0.244
0.283 0.098 0.243
0.283 0.096 0.243
0.283 0.094 0.242
0.282 0.092 0.241
0.282 0.090 0.241
0.281 0.088 0.240
0.281 0.085 0.239
0.281 0.083 0.238
0.280 0.081 0.238
0.280 0.079 0.237
0.280 0.077 0.236
0.279 0.075 0.236
0.279 0.072 0.235
0.278 0.070 0.234
0.278 0.068 0.233
0.278 0.066 0.233
0.277 0.064 0.232
0.277 0.062 0.231
0.276 0.059 0.231
0.276 0.057 0.230
0.276 0.055 0.229
0.275 0.053 0.228
0.275 0.051 0.228
0.274 0.049 0.227
0.274 0.046 0.227
0.273 0.044 0.226
0.272 0.042 0.224
0.271 0.040 0.222
0.268 0.038 0.220
0.265 0.037 0.216
0.262 0.035 0.214
0.261 0.033 0.212
0.260 0.031 0.211
0.259 0.029 0.210
0.258 0.027 0.209
0.257 0.025 0.208
0.257 0.023 0.207
0.256 0.021 0.206
0.256 0.019 0.205
0.255 0.017 0.205
0.255 0.015 0.204
0.255 0.012 0.204
0.255 0.010 0.203
0.254 0.008 0.202
0.254 0.006 0.202
0.254 0.004 0.202
0.255 0.002 0.202
0.254 0.000 0.201
0.251 -0.002 0.198
0.246 -0.003 0.193
0.238 -0.002 0.186
0.230 -0.002 0.179
0.222 -0.002 0.172
0.216 -0.002 0.166
0.210 -0.002 0.161
0.204 -0.002 0.156
0.198 -0.002 0.150
0.192 -0.001 0.144
0.185 -0.001 0.138
0.178 0.000 0.132
0.172 0.000 0.126
0.165 0.001 0.121
0.160 0.001 0.116
0.157 0.001 0.112
0.154 0.001 0.110
0.151 0.000 0.108
0.149 -0.001 0.105
0.146 -0.001 0.102
0.143 -0.001 0.099
0.139 -0.001 0.096
0.135 -0.001 0.092
0.131 -0.001 0.089
0.127 0.000 0.086
0.124 0.000 0.083
0.121 0.000 0.080
0.118 -0.001 0.078
0.116 -0.001 0.075
0.113 -0.001 0.073
0.111 -0.001 0.070
0.108 -0.001 0.068
0.105 -0.001 0.065
0.103 -0.001 0.063
0.101 -0.001 0.061
0.098 -0.001 0.059
0.096 -0.001 0.057
0.094 -0.001 0.055
0.092 -0.001 0.053
0.090 -0.002 0.052
0.088 -0.002 0.050
0.087 -0.002 0.048
0.085 -0.002 0.047
0.084 -0.003 0.045
0.082 -0.003 0.044
0.080 -0.003 0.043
0.079 -0.003 0.041
0.077 -0.003 0.040
0.076 -0.004 0.038
0.074 -0.004 0.037
0.073 -0.004 0.036
0.071 -0.004 0.034
0.070 -0.004 0.033
0.068 -0.004 0.031
0.067 -0.004 0.030
0.065 -0.004 0.028
0.064 -0.005 0.027
0.062 -0.005 0.026
0.061 -0.005 0.024
0.059 -0.004 0.023
0.058 -0.004 0.021
0.056 -0.004 0.020
0.055 -0.004 0.019
0.053 -0.004 0.017
0.052 -0.004 0.016
0.050 -0.004 0.015
0.049 -0.004 0.014
0.048 -0.004 0.013
0.047 -0.004 0.012
0.045 -0.004 0.010
0.044 -0.004 0.009
0.043 -0.004 0.008
0.042 -0.004 0.007
0.041 -0.004 0.006
0.040 -0.004 0.005
0.038 -0.004 0.004
0.037 -0.004 0.003
0.036 -0.004 0.002
0.035 -0.004 0.001
0.034 -0.004 0.000
0.033 -0.004 -0.001
0.032 -0.004 -0.002
0.031 -0.004 -0.002
0.030 -0.004 -0.003
0.029 -0.004 -0.004
0.028 -0.004 -0.005
0.027 -0.004 -0.006
0.026 -0.004 -0.007
0.025 -0.004 -0.008
0.024 -0.004 -0.009
0.023 -0.004 -0.009
0.023 -0.004 -0.010
0.022 -0.004 -0.011
0.021 -0.004 -0.012
0.020 -0.003 -0.013
0.019 -0.003 -0.013
0.018 -0.003 -0.014
0.017 -0.003 -0.015
0.016 -0.003 -0.016
0.015 -0.003 -0.017
0.015 -0.003 -0.017
0.014 -0.003 -0.018
0.013 -0.002 -0.019
0.012 -0.002 -0.020
0.011 -0.002 -0.020
0.011 -0.002 -0.021
0.010 -0.002 -0.022
0.009 -0.002 -0.022
0.008 -0.002 -0.023
0.008 -0.002 -0.023
0.007 -0.002 -0.024
0.007 -0.002 -0.025
0.006 -0.002 -0.025
0.005 -0.002 -0.026
0.005 -0.002 -0.026
0.004 -0.002 -0.027
0.003 -0.002 -0.028
0.003 -0.002 -0.028
0.002 -0.002 -0.029
0.001 -0.002 -0.029
0.001 -0.002 -0.030
0.000 -0.001 -0.030
0.000 -0.001 -0.031
-0.001 -0.001 -0.031
-0.002 -0.001 -0.032
-0.003 -0.001 -0.033
-0.003 -0.001 -0.033
-0.004 0.000 -0.034
-0.005 0.000 -0.035
-0.005 0.000 -0.035
-0.006 0.000 -0.036
-0.007 0.001 -0.036
-0.007 0.001 -0.037
-0.008 0.001 -0.037
-0.008 0.001 -0.038
-0.009 0.001 -0.038
-0.009 0.001 -0.038
-0.010 0.001 -0.039
-0.011 0.002 -0.040
-0.011 0.002 -0.040
-0.012 0.002 -0.041
-0.012 0.002 -0.041
-0.013 0.003 -0.042
-0.013 0.003 -0.042
-0.014 0.003 -0.042
-0.014 0.003 -0.043
-0.015 0.003 -0.043
-0.016 0.004 -0.044
-0.016 0.004 -0.044
-0.017 0.004 -0.045
-0.018 0.005 -0.046
-0.018 0.006 -0.046
-0.013 -0.003 -0.043
0.326 0.224 0.304
0.328 0.223 0.305
0.328 0.221 0.305
0.330 0.219 0.307
0.333 0.218 0.309
0.336 0.217 0.312
0.338 0.215 0.313
0.338 0.213 0.312
0.338 0.210 0.312
0.337 0.208 0.312
0.337 0.206 0.311
0.337 0.203 0.310
0.336 0.201 0.309
0.336 0.199 0.309
0.335 0.196 0.308
0.335 0.194 0.307
0.335 0.192 0.307
0.335 0.189 0.306
0.335 0.187 0.306
0.335 0.185 0.306
0.335 0.183 0.305
0.335 0.180 0.305
0.335 0.178 0.305
0.335 0.176 0.304
0.335 0.173 0.304
0.335 0.171 0.303
0.334 0.169 0.303
0.334 0.166 0.302
0.334 0.164 0.301
0.332 0.161 0.299
0.332 0.159 0.299
0.332 0.157 0.299
0.332 0.154 0.298
0.329 0.152 0.295
0.313 0.147 0.279
0.300 0.143 0.268
0.297 0.140 0.264
0.296 0.138 0.263
0.295 0.136 0.262
0.294 0.134 0.261
0.294 0.131 0.260
0.294 0.129 0.260
0.292 0.127 0.257
0.290 0.124 0.255
0.289 0.122 0.254
0.289 0.120 0.254
0.289 0.118 0.253
0.289 0.116 0.252
0.288 0.114 0.252
0.288 0.111 0.251
0.288 0.109 0.251
0.287 0.107 0.250
0.287 0.105 0.249
0.286 0.103 0.248
0.285 0.101 0.247
0.285 0.098 0.247
0.285 0.096 0.246
0.284 0.094 0.245
0.284 0.092 0.244
0.283 0.090 0.244
0.283 0.087 0.243
0.282 0.085 0.242
0.282 0.083 0.241
0.281 0.081 0.240
0.281 0.079 0.240
0.281 0.077 0.239
0.280 0.074 0.238
0.280 0.072 0.238
0.280 0.070 0.237
0.279 0.068 0.236
0.279 0.066 0.236
0.278 0.063 0.235
0.278 0.061 0.234
0.277 0.059 0.233
0.277 0.057 0.233
0.277 0.055 0.232
0.276 0.053 0.232
0.276 0.050 0.231
0.276 0.048 0.230
0.276 0.046 0.230
0.275 0.044 0.228
0.273 0.042 0.227
0.271 0.040 0.224
0.268 0.038 0.221
0.265 0.036 0.218
0.263 0.035 0.216
0.261 0.033 0.215
0.260 0.031 0.213
0.259 0.029 0.212
0.258 0.027 0.211
0.258 0.025 0.210
0.257 0.023 0.209
0.257 0.021 0.208
0.256 0.018 0.208
0.256 0.016 0.207
0.256 0.014 0.207
0.256 0.012 0.206
0.255 0.010 0.205
0.255 0.008 0.205
0.255 0.006 0.205
0.255 0.003 0.204
0.255 0.001 0.204
0.253 -0.001 0.202
0.250 -0.002 0.199
0.244 -0.002 0.193
0.237 -0.003 0.187
0.230 -0.002 0.180
0.222 -0.002 0.173
0.215 -0.002 0.167
0.210 -0.002 0.162
0.204 -0.002 0.157
0.197 -0.002 0.151
0.191 -0.001 0.145
0.184 -0.001 0.139
0.178 0.000 0.133
0.172 0.000 0.128
0.166 0.000 0.122
0.161 0.001 0.118
0.157 0.001 0.114
0.154 0.000 0.111
0.151 0.000 0.109
0.148 -0.001 0.106
0.145 -0.001 0.103
0.141 -0.001 0.100
0.138 -0.001 0.096
0.134 -0.001 0.093
0.130 -0.001 0.089
0.127 0.000 0.086
0.123 0.000 0.083
0.121 0.000 0.081
0.118 0.000 0.078
0.115 -0.001 0.075
0.112 -0.001 0.073
0.110 -0.001 0.071
0.107 -0.001 0.068
0.105 -0.001 0.066
0.102 -0.001 0.064
0.100 -0.001 0.061
0.097 -0.001 0.059
0.095 -0.001 0.057
0.093 -0.001 0.056
0.092 -0.002 0.054
0.090 -0.002 0.052
0.088 -0.002 0.051
0.086 -0.002 0.049
0.085 -0.003 0.048
0.083 -0.003 0.046
0.082 -0.003 0.045
0.080 -0.003 0.043
0.079 -0.003 0.042
0.077 -0.004 0.040
0.076 -0.004 0.039
0.074 -0.004 0.038
0.073 -0.004 0.036
0.071 -0.004 0.035
0.069 -0.004 0.033
0.068 -0.004 0.031
0.066 -0.004 0.030
0.064 -0.004 0.029
0.063 -0.004 0.027
0.062 -0.005 0.026
0.060 -0.004 0.025
0.059 -0.004 0.023
0.057 -0.004 0.022
0.056 -0.004 0.020
0.054 -0.004 0.019
0.053 -0.004 0.018
0.051 -0.004 0.017
0.050 -0.004 0.015
0.049 -0.004 0.014
0.047 -0.004 0.013
0.046 -0.004 0.012
0.045 -0.004 0.011
0.044 -0.004 0.010
0.043 -0.004 0.009
0.041 -0.004 0.008
0.040 -0.004 0.007
0.039 -0.004 0.005
0.038 -0.004 0.004
0.037 -0.004 0.003
0.036 -0.004 0.002
0.035 -0.004 0.001
0.034 -0.004 0.000
0.033 -0.004 0.000
0.032 -0.004 -0.001
0.031 -0.004 -0.002
0.030 -0.004 -0.003
0.029 -0.004 -0.004
0.028 -0.004 -0.005
0.027 -0.004 -0.006
0.026 -0.004 -0.007
0.025 -0.004 -0.008
0.024 -0.004 -0.008
0.023 -0.004 -0.009
0.022 -0.004 -0.010
0.021 -0.004 -0.011
0.020 -0.004 -0.012
0.019 -0.003 -0.012
0.019 -0.003 -0.013
0.018 -0.003 -0.014
0.017 -0.003 -0.015
0.016 -0.003 -0.016
0.015 -0.003 -0.016
0.014 -0.003 -0.017
0.014 -0.003 -0.018
0.013 -0.003 -0.019
0.012 -0.002 -0.019
0.011 -0.002 -0.020
0.010 -0.002 -0.021
0.010 -0.002 -0.021
0.009 -0.002 -0.022
0.008 -0.002 -0.022
0.008 -0.002 -0.023
0.007 -0.002 -0.024
0.006 -0.002 -0.024
0.006 -0.002 -0.025
0.005 -0.002 -0.026
0.004 -0.002 -0.026
0.004 -0.002 -0.027
0.003 -0.002 -0.027
0.003 -0.002 -0.028
0.002 -0.002 -0.028
0.001 -0.002 -0.029
0.001 -0.002 -0.029
0.000 -0.002 -0.030
-0.001 -0.002 -0.031
-0.001 -0.001 -0.031
-0.002 -0.001 -0.032
-0.003 -0.001 -0.032
-0.003 -0.001 -0.033
-0.004 0.000 -0.034
-0.005 0.000 -0.034
-0.006 0.000 -0.035
-0.006 0.000 -0.035
-0.007 0.000 -0.036
-0.007 0.000 -0.036
-0.008 0.000 -0.037
-0.008 0.000 -0.037
-0.009 0.000 -0.038
-0.009 0.000 -0.038
-0.010 0.000 -0.038
-0.010 0.001 -0.039
-0.011 0.001 -0.040
-0.012 0.002 -0.040
-0.013 0.002 -0.041
-0.013 0.002 -0.041
-0.013 0.002 -0.042
-0.014 0.002 -0.042
-0.015 0.003 -0.043
-0.015 0.003 -0.043
-0.016 0.004 -0.044
-0.016 0.004 -0.044
-0.017 0.004 -0.045
-0.018 0.005 -0.046
-0.019 0.006 -0.046
-0.013 -0.003 -0.043
0.326 0.225 0.306
0.328 0.223 0.307
0.329 0.221 0.308
0.331 0.220 0.310
0.334 0.218 0.312
0.336 0.217 0.314
0.337 0.215 0.314
0.336 0.213 0.313
0.336 0.210 0.313
0.336 0.208 0.312
0.336 0.206 0.312
0.335 0.203 0.311
0.335 0.201 0.310
0.335 0.199 0.309
0.334 0.196 0.309
0.334 0.194 0.308
0.334 0.192 0.308
0.334 0.189 0.307
0.334 0.187 0.307
0.334 0.185 0.307
0.334 0.183 0.306
0.334 0.180 0.306
0.333 0.178 0.305
0.333 0.176 0.305
0.333 0.173 0.305
0.333 0.171 0.304
0.334 0.169 0.304
0.334 0.166 0.304
0.334 0.164 0.303
0.334 0.162 0.303
0.333 0.159 0.302
0.334 0.157 0.302
0.333 0.155 0.301
0.333 0.152 0.301
0.332 0.150 0.300
0.330 0.147 0.297
0.328 0.145 0.295
0.327 0.142 0.293
0.324 0.139 0.291
0.319 0.137 0.286
0.314 0.134 0.281
0.309 0.131 0.276
0.301 0.128 0.268
0.297 0.125 0.263
0.294 0.123 0.261
0.294 0.121 0.260
0.294 0.118 0.260
0.294 0.116 0.259
0.294 0.114 0.259
0.294 0.112 0.259
0.293 0.110 0.258
0.291 0.107 0.256
0.290 0.105 0.254
0.289 0.103 0.252
0.288 0.101 0.252
0.287 0.098 0.251
0.287 0.096 0.250
0.287 0.094 0.249
0.286 0.092 0.248
0.285 0.090 0.247
0.285 0.087 0.246
0.284 0.085 0.246
0.284 0.083 0.245
0.283 0.081 0.244
0.283 0.079 0.243
0.282 0.076 0.243
0.282 0.074 0.242
0.281 0.072 0.241
0.281 0.070 0.241
0.281 0.068 0.240
0.280 0.065 0.239
0.280 0.063 0.238
0.280 0.061 0.238
0.279 0.059 0.237
0.279 0.057 0.236
0.278 0.054 0.235
0.278 0.052 0.235
0.278 0.050 0.234
0.278 0.048 0.234
0.277 0.046 0.233
0.276 0.044 0.231
0.274 0.042 0.229
0.271 0.040 0.227
0.268 0.038 0.223
0.265 0.036 0.220
0.264 0.034 0.219
0.262 0.032 0.217
0.261 0.030 0.216
0.260 0.028 0.215
0.259 0.026 0.214
0.258 0.024 0.213
0.258 0.022 0.212
0.257 0.020 0.211
0.257 0.018 0.210
0.256 0.016 0.209
0.256 0.014 0.209
0.256 0.011 0.209
0.256 0.009 0.208
0.255 0.007 0.207
0.255 0.005 0.207
0.255 0.003 0.206
0.255 0.001 0.206
0.253 -0.001 0.203
0.249 -0.002 0.199
0.243 -0.002 0.194
0.236 -0.003 0.188
0.229 -0.003 0.181
0.221 -0.002 0.174
0.215 -0.002 0.168
0.209 -0.002 0.163
0.203 -0.002 0.157
0.197 -0.002 0.151
0.190 -0.001 0.145
0.183 -0.001 0.139
0.177 -0.001 0.134
0.172 0.000 0.129
0.166 0.000 0.124
0.162 0.000 0.120
0.157 0.000 0.116
0.154 0.000 0.113
0.151 -0.001 0.110
0.148 -0.001 0.107
0.144 -0.001 0.103
0.140 -0.001 0.100
0.137 -0.001 0.097
0.133 -0.001 0.093
0.129 -0.001 0.090
0.126 0.000 0.087
0.123 0.000 0.084
0.120 0.000 0.081
0.117 0.000 0.078
0.114 0.000 0.076
0.111 -0.001 0.073
0.109 -0.001 0.071
0.106 -0.001 0.069
0.104 -0.001 0.066
0.101 -0.001 0.064
0.099 -0.001 0.062
0.097 -0.001 0.060
0.095 -0.001 0.058
0.093 -0.001 0.056
0.091 -0.002 0.055
0.090 -0.002 0.053
0.088 -0.002 0.051
0.086 -0.002 0.050
0.085 -0.003 0.048
0.083 -0.003 0.047
0.081 -0.003 0.045
0.080 -0.003 0.044
0.078 -0.004 0.042
0.077 -0.004 0.041
0.075 -0.004 0.039
0.074 -0.004 0.038
0.072 -0.004 0.036
0.070 -0.004 0.035
0.069 -0.004 0.033
0.067 -0.004 0.032
0.066 -0.004 0.030
0.064 -0.004 0.029
0.063 -0.005 0.028
0.061 -0.005 0.026
0.060 -0.004 0.025
0.058 -0.004 0.024
0.057 -0.004 0.022
0.055 -0.005 0.021
0.054 -0.005 0.020
0.052 -0.004 0.018
0.051 -0.004 0.017
0.050 -0.004 0.016
0.048 -0.004 0.015
0.047 -0.004 0.013
0.046 -0.004 0.012
0.045 -0.004 0.011
0.043 -0.004 0.010
0.042 -0.004 0.009
0.041 -0.004 0.008
0.040 -0.004 0.007
0.039 -0.004 0.006
0.038 -0.004 0.005
0.037 -0.004 0.004
0.035 -0.004 0.003
0.034 -0.004 0.002
0.033 -0.004 0.001
0.032 -0.004 0.000
0.032 -0.004 -0.001
0.031 -0.004 -0.002
0.030 -0.004 -0.003
0.028 -0.004 -0.004
0.028 -0.004 -0.005
0.027 -0.004 -0.005
0.026 -0.004 -0.006
0.025 -0.004 -0.007
0.024 -0.004 -0.008
0.023 -0.004 -0.009
0.022 -0.004 -0.010
0.021 -0.004 -0.010
0.020 -0.004 -0.011
0.019 -0.003 -0.012
0.018 -0.003 -0.013
0.018 -0.003 -0.014
0.017 -0.003 -0.014
0.016 -0.003 -0.015
0.015 -0.003 -0.016
0.014 -0.003 -0.017
0.013 -0.003 -0.017
0.012 -0.003 -0.018
0.012 -0.003 -0.019
0.011 -0.003 -0.020
0.010 -0.003 -0.020
0.010 -0.003 -0.021
0.009 -0.003 -0.022
0.008 -0.002 -0.022
0.007 -0.002 -0.023
0.007 -0.002 -0.023
0.006 -0.002 -0.024
0.005 -0.002 -0.025
0.005 -0.002 -0.025
0.004 -0.002 -0.026
0.004 -0.002 -0.026
0.003 -0.002 -0.027
0.002 -0.002 -0.028
0.002 -0.002 -0.028
0.001 -0.002 -0.029
0.000 -0.002 -0.029
0.000 -0.002 -0.030
-0.001 -0.002 -0.030
-0.001 -0.002 -0.031
-0.002 -0.001 -0.032
-0.003 -0.001 -0.032
-0.004 -0.001 -0.033
-0.004 -0.001 -0.033
-0.005 0.000 -0.034
-0.006 0.000 -0.034
-0.006 0.000 -0.035
-0.007 0.000 -0.036
-0.007 0.000 -0.036
-0.008 0.000 -0.036
-0.008 0.000 -0.037
-0.009 0.000 -0.037
-0.009 0.000 -0.038
-0.010 0.000 -0.038
-0.010 0.000 -0.039
-0.011 0.001 -0.039
-0.012 0.001 -0.040
-0.012 0.002 -0.040
-0.013 0.002 -0.041
-0.013 0.002 -0.041
-0.014 0.002 -0.042
-0.015 0.002 -0.042
-0.015 0.003 -0.043
-0.016 0.003 -0.043
-0.016 0.003 -0.044
-0.017 0.004 -0.045
-0.018 0.005 -0.045
-0.019 0.006 -0.046
-0.014 -0.003 -0.042
0.326 0.225 0.307
0.327 0.223 0.309
0.329 0.222 0.310
0.332 0.220 0.312
0.333 0.219 0.314
0.335 0.217 0.315
0.335 0.215 0.315
0.335 0.213 0.314
0.335 0.210 0.313
0.335 0.208 0.313
0.334 0.206 0.312
0.334 0.203 0.312
0.333 0.201 0.311
0.333 0.199 0.310
0.333 0.196 0.310
0.333 0.194 0.309
0.333 0.192 0.309
0.333 0.189 0.308
0.333 0.187 0.308
0.333 0.185 0.308
0.333 0.183 0.307
0.332 0.180 0.307
0.332 0.178 0.306
0.332 0.176 0.306
0.332 0.173 0.306
0.333 0.171 0.305
0.333 0.169 0.305
0.333 0.167 0.305
0.333 0.164 0.305
0.333 0.162 0.304
0.333 0.160 0.304
0.333 0.157 0.303
0.333 0.155 0.303
0.333 0.153 0.303
0.333 0.150 0.303
0.333 0.148 0.302
0.332 0.145 0.301
0.331 0.143 0.300
0.331 0.140 0.300
0.331 0.138 0.299
0.331 0.136 0.299
0.331 0.133 0.299
0.331 0.131 0.298
0.330 0.128 0.297
0.329 0.126 0.296
0.330 0.124 0.295
0.329 0.121 0.294
0.327 0.119 0.292
0.323 0.116 0.288
0.314 0.113 0.279
0.303 0.110 0.269
0.298 0.108 0.264
0.295 0.105 0.261
0.294 0.103 0.259
0.293 0.101 0.258
0.293 0.098 0.258
0.293 0.096 0.258
0.292 0.094 0.256
0.290 0.092 0.254
0.289 0.090 0.253
0.288 0.087 0.251
0.287 0.085 0.250
0.286 0.083 0.249
0.286 0.081 0.249
0.286 0.078 0.248
0.285 0.076 0.247
0.285 0.074 0.246
0.284 0.072 0.245
0.284 0.070 0.245
0.283 0.067 0.244
0.283 0.065 0.243
0.282 0.063 0.242
0.282 0.061 0.241
0.281 0.059 0.241
0.281 0.056 0.240
0.280 0.054 0.239
0.280 0.052 0.239
0.280 0.050 0.238
0.280 0.047 0.238
0.279 0.045 0.236
0.277 0.043 0.234
0.275 0.041 0.232
0.272 0.039 0.229
0.267 0.038 0.225
0.265 0.036 0.222
0.264 0.034 0.221
0.263 0.032 0.220
0.262 0.030 0.218
0.261 0.028 0.217
0.260 0.026 0.216
0.259 0.024 0.215
0.259 0.022 0.214
0.258 0.020 0.213
0.258 0.017 0.213
0.257 0.015 0.212
0.257 0.013 0.212
0.257 0.011 0.211
0.256 0.009 0.210
0.256 0.007 0.209
0.256 0.005 0.209
0.256 0.002 0.209
0.255 0.000 0.207
0.252 -0.001 0.204
0.247 -0.002 0.200
0.242 -0.002 0.195
0.235 -0.003 0.189
0.228 -0.003 0.182
0.221 -0.002 0.175
0.214 -0.002 0.169
0.208 -0.002 0.163
0.202 -0.002 0.158
0.196 -0.002 0.152
0.190 -0.002 0.147
0.183 -0.001 0.141
0.177 -0.001 0.135
0.172 -0.001 0.130
0.166 0.000 0.125
0.162 0.000 0.121
0.157 0.000 0.117
0.154 0.000 0.114
0.150 -0.001 0.110
0.147 -0.001 0.107
0.143 -0.001 0.104
0.139 -0.001 0.100
0.136 -0.001 0.097
0.132 -0.001 0.093
0.129 -0.001 0.090
0.125 0.000 0.087
0.122 0.000 0.084
0.119 0.000 0.081
0.116 0.000 0.079
0.114 -0.001 0.076
0.111 -0.001 0.074
0.108 -0.001 0.071
0.105 -0.001 0.069
0.103 -0.001 0.066
0.100 -0.001 0.064
0.098 -0.001 0.062
0.096 -0.001 0.060
0.094 -0.001 0.059
0.093 -0.002 0.057
0.091 -0.002 0.055
0.089 -0.002 0.054
0.088 -0.002 0.052
0.086 -0.003 0.050
0.084 -0.003 0.049
0.083 -0.003 0.047
0.081 -0.003 0.046
0.079 -0.004 0.044
0.078 -0.004 0.043
0.076 -0.004 0.041
0.075 -0.004 0.040
0.073 -0.004 0.038
0.071 -0.004 0.037
0.070 -0.004 0.035
0.068 -0.004 0.034
0.067 -0.004 0.032
0.065 -0.004 0.031
0.063 -0.004 0.029
0.062 -0.004 0.028
0.061 -0.005 0.027
0.059 -0.005 0.025
0.058 -0.005 0.024
0.056 -0.005 0.023
0.055 -0.005 0.021
0.053 -0.005 0.020
0.052 -0.005 0.019
0.051 -0.005 0.018
0.049 -0.004 0.016
0.048 -0.004 0.015
0.047 -0.004 0.014
0.045 -0.004 0.013
0.044 -0.004 0.011
0.043 -0.004 0.010
0.042 -0.004 0.009
0.041 -0.004 0.008
0.039 -0.004 0.007
0.038 -0.004 0.006
0.037 -0.004 0.005
0.036 -0.004 0.004
0.035 -0.004 0.003
0.034 -0.004 0.002
0.033 -0.004 0.001
0.032 -0.004 0.000
0.031 -0.004 -0.001
0.030 -0.004 -0.002
0.029 -0.004 -0.002
0.028 -0.004 -0.003
0.027 -0.004 -0.004
0.026 -0.004 -0.005
0.025 -0.004 -0.006
0.024 -0.004 -0.007
0.023 -0.004 -0.008
0.023 -0.004 -0.008
0.022 -0.004 -0.009
0.021 -0.004 -0.010
0.020 -0.004 -0.011
0.019 -0.004 -0.012
0.018 -0.003 -0.013
0.017 -0.003 -0.013
0.016 -0.003 -0.014
0.016 -0.003 -0.015
0.015 -0.003 -0.016
0.014 -0.003 -0.016
0.013 -0.003 -0.017
0.012 -0.003 -0.018
0.012 -0.003 -0.019
0.011 -0.003 -0.019
0.010 -0.003 -0.020
0.009 -0.003 -0.021
0.009 -0.003 -0.021
0.008 -0.003 -0.022
0.007 -0.003 -0.022
0.007 -0.003 -0.023
0.006 -0.002 -0.024
0.005 -0.002 -0.024
0.005 -0.002 -0.025
0.004 -0.002 -0.025
0.003 -0.002 -0.026
0.003 -0.002 -0.027
0.002 -0.002 -0.027
0.002 -0.002 -0.028
0.001 -0.002 -0.028
0.000 -0.002 -0.029
0.000 -0.002 -0.029
-0.001 -0.002 -0.030
-0.002 -0.002 -0.031
-0.002 -0.001 -0.031
-0.003 -0.001 -0.032
-0.004 -0.001 -0.032
-0.004 -0.001 -0.033
-0.005 -0.001 -0.034
-0.006 -0.001 -0.034
-0.006 0.000 -0.035
-0.007 0.000 -0.035
-0.007 0.000 -0.036
-0.008 0.000 -0.036
-0.008 0.000 -0.037
-0.008 -0.001 -0.037
-0.009 -0.001 -0.037
-0.009 -0.001 -0.038
-0.010 0.000 -0.038
-0.011 0.000 -0.039
-0.012 0.001 -0.039
-0.012 0.001 -0.040
-0.013 0.001 -0.040
-0.013 0.001 -0.041
-0.014 0.001 -0.041
-0.014 0.002 -0.042
-0.015 0.002 -0.042
-0.016 0.002 -0.043
-0.016 0.003 -0.044
-0.017 0.003 -0.044
-0.018 0.005 -0.045
-0.019 0.006 -0.046
-0.014 -0.003 -0.042
0.326 0.225 0.310
0.328 0.224 0.311
0.329 0.222 0.312
0.331 0.221 0.314
0.333 0.219 0.315
0.334 0.217 0.316
0.334 0.215 0.316
0.333 0.212 0.315
0.333 0.210 0.314
0.333 0.208 0.314
0.333 0.206 0.313
0.332 0.203 0.312
0.332 0.201 0.312
0.332 0.199 0.311
0.332 0.196 0.311
0.332 0.194 0.311
0.332 0.192 0.310
0.332 0.189 0.310
0.332 0.187 0.309
0.331 0.185 0.309
0.331 0.183 0.308
0.331 0.180 0.308
0.331 0.178 0.307
0.331 0.176 0.307
0.331 0.173 0.307
0.331 0.171 0.306
0.331 0.169 0.306
0.332 0.166 0.306
0.331 0.164 0.306
0.331 0.162 0.305
0.332 0.159 0.305
0.332 0.157 0.305
0.332 0.155 0.304
0.332 0.152 0.304
0.332 0.150 0.304
0.331 0.148 0.303
0.332 0.145 0.303
0.332 0.143 0.302
0.332 0.141 0.302
0.332 0.138 0.302
0.332 0.136 0.302
0.332 0.134 0.302
0.332 0.131 0.301
0.332 0.129 0.300
0.332 0.126 0.300
0.332 0.124 0.300
0.331 0.121 0.299
0.330 0.119 0.298
0.329 0.116 0.296
0.328 0.114 0.295
0.328 0.111 0.294
0.327 0.109 0.293
0.326 0.107 0.292
0.324 0.104 0.289
0.320 0.101 0.286
0.314 0.099 0.279
0.307 0.096 0.273
0.301 0.094 0.267
0.297 0.092 0.262
0.295 0.089 0.260
0.294 0.087 0.259
0.293 0.085 0.258
0.292 0.083 0.257
0.292 0.080 0.256
0.293 0.078 0.256
0.292 0.076 0.256
0.291 0.074 0.254
0.289 0.071 0.252
0.288 0.069 0.250
0.287 0.067 0.249
0.286 0.065 0.248
0.286 0.063 0.247
0.285 0.060 0.247
0.284 0.058 0.245
0.283 0.056 0.244
0.283 0.054 0.243
0.282 0.051 0.243
0.282 0.049 0.242
0.282 0.047 0.242
0.281 0.045 0.240
0.279 0.043 0.239
0.276 0.041 0.236
0.272 0.039 0.231
0.268 0.038 0.227
0.265 0.036 0.224
0.265 0.034 0.223
0.263 0.032 0.222
0.262 0.030 0.221
0.262 0.027 0.220
0.261 0.025 0.219
0.261 0.023 0.218
0.260 0.021 0.217
0.259 0.019 0.216
0.259 0.017 0.215
0.258 0.015 0.215
0.258 0.013 0.214
0.258 0.010 0.214
0.257 0.008 0.213
0.257 0.006 0.212
0.257 0.004 0.212
0.256 0.002 0.211
0.254 0.000 0.209
0.251 -0.001 0.205
0.246 -0.002 0.201
0.240 -0.002 0.195
0.234 -0.003 0.189
0.227 -0.003 0.183
0.220 -0.003 0.177
0.213 -0.002 0.170
0.207 -0.002 0.164
0.202 -0.002 0.159
0.195 -0.002 0.153
0.189 -0.002 0.148
0.183 -0.001 0.142
0.177 -0.001 0.136
0.171 -0.001 0.131
0.166 -0.001 0.127
0.162 -0.001 0.122
0.157 -0.001 0.118
0.153 -0.001 0.115
0.150 -0.001 0.111
0.146 -0.001 0.108
0.142 -0.001 0.104
0.138 -0.001 0.100
0.134 -0.001 0.097
0.131 0.000 0.094
0.128 -0.001 0.091
0.124 0.000 0.088
0.121 0.000 0.085
0.118 0.000 0.082
0.115 0.000 0.079
0.113 -0.001 0.077
0.110 -0.001 0.074
0.107 -0.001 0.072
0.104 0.000 0.069
0.102 -0.001 0.067
0.100 -0.001 0.065
0.098 -0.001 0.063
0.096 -0.001 0.061
0.094 -0.001 0.059
0.092 -0.002 0.058
0.091 -0.002 0.056
0.089 -0.002 0.054
0.087 -0.003 0.053
0.086 -0.003 0.051
0.084 -0.003 0.049
0.082 -0.003 0.048
0.081 -0.003 0.046
0.079 -0.004 0.045
0.078 -0.004 0.043
0.076 -0.004 0.042
0.074 -0.004 0.040
0.072 -0.004 0.039
0.071 -0.004 0.037
0.069 -0.004 0.035
0.068 -0.004 0.034
0.066 -0.005 0.033
0.065 -0.004 0.031
0.063 -0.005 0.030
0.062 -0.005 0.028
0.060 -0.005 0.027
0.059 -0.005 0.026
0.057 -0.005 0.024
0.056 -0.005 0.023
0.054 -0.005 0.022
0.053 -0.005 0.020
0.052 -0.005 0.019
0.050 -0.005 0.018
0.049 -0.005 0.017
0.048 -0.004 0.015
0.046 -0.004 0.014
0.045 -0.004 0.013
0.044 -0.004 0.012
0.043 -0.004 0.011
0.041 -0.004 0.009
0.040 -0.004 0.008
0.039 -0.004 0.007
0.038 -0.004 0.006
0.037 -0.004 0.005
0.036 -0.004 0.004
0.035 -0.004 0.003
0.034 -0.004 0.002
0.033 -0.004 0.001
0.032 -0.004 0.000
0.031 -0.004 0.000
0.030 -0.004 -0.001
0.029 -0.004 -0.002
0.028 -0.004 -0.003
0.027 -0.004 -0.004
0.026 -0.004 -0.005
0.025 -0.004 -0.006
0.024 -0.004 -0.006
0.023 -0.004 -0.007
0.022 -0.004 -0.008
0.021 -0.004 -0.009
0.020 -0.004 -0.010
0.019 -0.004 -0.011
0.019 -0.004 -0.012
0.018 -0.004 -0.012
0.017 -0.004 -0.013
0.016 -0.003 -0.014
0.015 -0.003 -0.015
0.015 -0.003 -0.015
0.014 -0.003 -0.016
0.013 -0.003 -0.017
0.012 -0.003 -0.018
0.011 -0.003 -0.018
0.011 -0.003 -0.019
0.010 -0.003 -0.019
0.009 -0.003 -0.020
0.009 -0.003 -0.021
0.008 -0.003 -0.021
0.007 -0.003 -0.022
0.006 -0.003 -0.023
0.006 -0.003 -0.023
0.005 -0.003 -0.024
0.005 -0.003 -0.024
0.004 -0.003 -0.025
0.003 -0.003 -0.026
0.003 -0.003 -0.026
0.002 -0.003 -0.027
0.001 -0.003 -0.027
0.001 -0.003 -0.028
0.000 -0.002 -0.029
0.000 -0.002 -0.029
-0.001 -0.002 -0.030
-0.002 -0.002 -0.030
-0.002 -0.002 -0.031
-0.003 -0.002 -0.031
-0.004 -0.001 -0.032
-0.004 -0.001 -0.033
-0.005 -0.001 -0.033
-0.006 -0.001 -0.034
-0.006 -0.001 -0.034
-0.007 -0.001 -0.035
-0.007 0.000 -0.035
-0.008 0.000 -0.036
-0.008 -0.001 -0.036
-0.009 -0.001 -0.036
-0.009 -0.001 -0.037
-0.009 -0.001 -0.037
-0.010 -0.001 -0.038
-0.011 0.000 -0.038
-0.012 0.000 -0.039
-0.012 0.000 -0.040
-0.013 0.001 -0.040
-0.013 0.000 -0.040
-0.014 0.001 -0.041
-0.014 0.001 -0.041
-0.015 0.001 -0.042
-0.015 0.002 -0.042
-0.016 0.002 -0.043
-0.017 0.003 -0.044
-0.018 0.004 -0.045
-0.020 0.006 -0.046
-0.014 -0.003 -0.042
0.327 0.226 0.313
0.328 0.224 0.314
0.329 0.222 0.314
0.331 0.221 0.316
0.332 0.219 0.316
0.332 0.217 0.317
0.332 0.215 0.316
0.332 0.212 0.315
0.332 0.210 0.315
0.332 0.208 0.314
0.331 0.205 0.314
0.331 0.203 0.313
0.331 0.201 0.313
0.331 0.199 0.312
0.331 0.196 0.312
0.331 0.194 0.311
0.330 0.192 0.311
0.330 0.189 0.310
0.330 0.187 0.310
0.330 0.185 0.310
0.330 0.183 0.309
0.330 0.180 0.309
0.330 0.178 0.308
0.330 0.176 0.308
0.330 0.173 0.307
0.330 0.171 0.307
0.330 0.169 0.307
0.330 0.166 0.307
0.330 0.164 0.306
0.330 0.162 0.306
0.330 0.159 0.306
0.330 0.157 0.306
0.330 0.155 0.305
0.330 0.152 0.305
0.331 0.150 0.305
0.331 0.148 0.304
0.331 0.145 0.304
0.331 0.143 0.304
0.331 0.141 0.303
0.331 0.138 0.303
0.331 0.136 0.303
0.331 0.133 0.302
0.330 0.131 0.302
0.330 0.129 0.301
0.330 0.126 0.301
0.330 0.124 0.300
0.330 0.121 0.300
0.330 0.119 0.299
0.330 0.116 0.299
0.329 0.114 0.298
0.329 0.112 0.297
0.328 0.109 0.297
0.328 0.107 0.296
0.328 0.104 0.295
0.327 0.102 0.294
0.327 0.099 0.293
0.326 0.097 0.293
0.326 0.094 0.292
0.326 0.092 0.291
0.325 0.089 0.290
0.324 0.087 0.289
0.322 0.084 0.287
0.319 0.082 0.284
0.315 0.080 0.279
0.308 0.078 0.273
0.302 0.075 0.267
0.298 0.073 0.263
0.295 0.071 0.260
0.293 0.069 0.258
0.293 0.066 0.257
0.292 0.064 0.256
0.292 0.062 0.255
0.291 0.060 0.254
0.289 0.057 0.252
0.288 0.055 0.250
0.286 0.053 0.248
0.285 0.051 0.247
0.285 0.049 0.247
0.285 0.046 0.246
0.284 0.044 0.245
0.283 0.042 0.244
0.279 0.040 0.240
0.272 0.039 0.233
0.267 0.037 0.229
0.266 0.035 0.227
0.265 0.033 0.226
0.264 0.031 0.224
0.263 0.029 0.223
0.263 0.027 0.223
0.262 0.025 0.222
0.262 0.023 0.221
0.261 0.021 0.220
0.260 0.019 0.219
0.260 0.016 0.218
0.260 0.014 0.218
0.259 0.012 0.217
0.259 0.010 0.217
0.259 0.008 0.216
0.258 0.006 0.215
0.258 0.003 0.214
0.257 0.001 0.213
0.254 0.000 0.210
0.250 -0.001 0.206
0.245 -0.002 0.201
0.239 -0.002 0.196
0.233 -0.003 0.190
0.226 -0.003 0.184
0.220 -0.003 0.178
0.213 -0.003 0.171
0.207 -0.003 0.166
0.201 -0.003 0.160
0.195 -0.002 0.155
0.189 -0.002 0.149
0.182 -0.002 0.143
0.176 -0.001 0.137
0.171 -0.001 0.132
0.166 -0.001 0.128
0.162 -0.001 0.124
0.157 -0.001 0.119
0.153 -0.001 0.116
0.149 -0.001 0.112
0.145 -0.001 0.108
0.141 -0.001 0.104
0.137 -0.001 0.101
0.133 0.000 0.097
0.130 0.000 0.094
0.127 0.000 0.091
0.124 0.000 0.088
0.121 0.000 0.085
0.117 0.000 0.082
0.115 -0.001 0.080
0.112 -0.001 0.077
0.109 -0.001 0.075
0.107 -0.001 0.072
0.104 -0.001 0.069
0.102 -0.001 0.067
0.099 -0.001 0.065
0.097 -0.001 0.063
0.095 -0.001 0.061
0.094 -0.002 0.060
0.092 -0.002 0.058
0.090 -0.002 0.056
0.089 -0.002 0.055
0.087 -0.003 0.053
0.085 -0.003 0.052
0.083 -0.003 0.050
0.082 -0.003 0.048
0.080 -0.004 0.047
0.079 -0.004 0.045
0.077 -0.004 0.044
0.075 -0.004 0.042
0.074 -0.004 0.041
0.072 -0.004 0.039
0.070 -0.004 0.037
0.069 -0.004 0.036
0.067 -0.004 0.034
0.066 -0.005 0.033
0.064 -0.005 0.032
0.063 -0.005 0.030
0.061 -0.005 0.029
0.060 -0.005 0.027
0.058 -0.005 0.026
0.057 -0.005 0.025
0.055 -0.005 0.023
0.054 -0.005 0.022
0.052 -0.004 0.021
0.051 -0.005 0.019
0.050 -0.004 0.018
0.048 -0.004 0.017
0.047 -0.004 0.016
0.046 -0.004 0.014
0.044 -0.004 0.013
0.043 -0.004 0.012
0.042 -0.004 0.011
0.041 -0.004 0.010
0.040 -0.004 0.009
0.038 -0.004 0.008
0.037 -0.004 0.006
0.036 -0.004 0.005
0.035 -0.004 0.004
0.034 -0.004 0.004
0.033 -0.004 0.003
0.032 -0.004 0.001
0.031 -0.004 0.001
0.030 -0.004 0.000
0.029 -0.004 -0.001
0.028 -0.004 -0.002
0.027 -0.004 -0.003
0.026 -0.004 -0.004
0.025 -0.004 -0.005
0.025 -0.004 -0.005
0.024 -0.004 -0.006
0.023 -0.004 -0.007
0.022 -0.004 -0.008
0.021 -0.004 -0.009
0.020 -0.004 -0.010
0.019 -0.004 -0.010
0.018 -0.004 -0.011
0.017 -0.004 -0.012
0.017 -0.004 -0.013
0.016 -0.004 -0.014
0.015 -0.003 -0.014
0.014 -0.004 -0.015
0.013 -0.003 -0.016
0.013 -0.003 -0.016
0.012 -0.003 -0.017
0.011 -0.003 -0.018
0.011 -0.003 -0.018
0.010 -0.003 -0.019
0.009 -0.003 -0.020
0.008 -0.003 -0.020
0.008 -0.003 -0.021
0.007 -0.003 -0.022
0.006 -0.003 -0.022
0.006 -0.003 -0.023
0.005 -0.003 -0.024
0.004 -0.003 -0.024
0.004 -0.003 -0.025
0.003 -0.003 -0.025
0.003 -0.003 -0.026
0.002 -0.003 -0.026
0.001 -0.003 -0.027
0.001 -0.003 -0.028
0.000 -0.003 -0.028
0.000 -0.003 -0.029
-0.001 -0.003 -0.029
-0.002 -0.003 -0.030
-0.002 -0.002 -0.030
-0.003 -0.002 -0.031
-0.004 -0.002 -0.032
-0.004 -0.002 -0.032
-0.005 -0.001 -0.033
-0.006 -0.001 -0.033
-0.006 -0.001 -0.034
-0.007 -0.001 -0.034
-0.007 -0.001 -0.035
-0.008 -0.001 -0.035
-0.008 -0.001 -0.036
-0.009 -0.001 -0.036
-0.009 -0.002 -0.036
-0.009 -0.002 -0.037
-0.010 -0.001 -0.037
-0.011 0.000 -0.038
-0.012 0.000 -0.039
-0.012 0.000 -0.039
-0.013 0.000 -0.040
-0.013 0.000 -0.040
-0.013 0.000 -0.040
-0.014 0.001 -0.041
-0.015 0.001 -0.041
-0.015 0.001 -0.042
-0.016 0.002 -0.043
-0.017 0.003 -0.043
-0.018 0.004 -0.044
-0.020 0.006 -0.045
-0.015 -0.003 -0.042
0.327 0.227 0.315
0.328 0.225 0.316
0.329 0.223 0.316
0.330 0.221 0.317
0.330 0.219 0.317
0.331 0.217 0.317
0.331 0.215 0.317
0.330 0.212 0.316
0.330 0.210 0.316
0.330 0.208 0.315
0.330 0.205 0.315
0.330 0.203 0.314
0.330 0.201 0.314
0.330 0.199 0.313
0.330 0.196 0.313
0.329 0.194 0.312
0.329 0.192 0.312
0.329 0.189 0.312
0.329 0.187 0.311
0.329 0.185 0.311
0.329 0.182 0.310
0.329 0.180 0.310
0.329 0.178 0.309
0.329 0.176 0.309
0.329 0.173 0.309
0.329 0.171 0.308
0.329 0.169 0.308
0.329 0.166 0.308
0.329 0.164 0.307
0.329 0.162 0.307
0.329 0.159 0.307
0.329 0.157 0.306
0.329 0.155 0.306
0.329 0.152 0.306
0.329 0.150 0.306
0.329 0.148 0.305
0.329 0.145 0.305
0.329 0.143 0.305
0.329 0.141 0.304
0.329 0.138 0.304
0.329 0.136 0.304
0.329 0.133 0.303
0.329 0.131 0.303
0.329 0.129 0.302
0.329 0.126 0.302
0.329 0.124 0.301
0.329 0.121 0.301
0.329 0.119 0.301
0.329 0.116 0.300
0.328 0.114 0.299
0.328 0.112 0.299
0.328 0.109 0.299
0.328 0.107 0.298
0.328 0.104 0.298
0.328 0.102 0.297
0.328 0.099 0.296
0.328 0.097 0.296
0.327 0.094 0.296
0.327 0.092 0.295
0.327 0.089 0.294
0.326 0.087 0.293
0.325 0.084 0.292
0.324 0.082 0.291
0.323 0.079 0.289
0.322 0.077 0.288
0.321 0.075 0.287
0.320 0.072 0.285
0.318 0.070 0.283
0.317 0.067 0.281
0.314 0.065 0.278
0.310 0.063 0.274
0.305 0.061 0.269
0.300 0.059 0.265
0.297 0.057 0.261
0.294 0.055 0.258
0.292 0.052 0.256
0.290 0.050 0.254
0.290 0.048 0.254
0.291 0.045 0.254
0.292 0.043 0.255
0.292 0.040 0.254
0.284 0.039 0.247
0.273 0.038 0.236
0.268 0.037 0.231
0.266 0.035 0.229
0.265 0.033 0.228
0.265 0.031 0.227
0.264 0.029 0.226
0.264 0.026 0.226
0.264 0.024 0.225
0.263 0.022 0.224
0.262 0.020 0.223
0.262 0.018 0.222
0.261 0.016 0.221
0.261 0.014 0.221
0.260 0.011 0.220
0.260 0.009 0.219
0.260 0.007 0.219
0.259 0.005 0.218
0.258 0.003 0.217
0.256 0.001 0.214
0.253 0.000 0.211
0.249 -0.001 0.207
0.244 -0.002 0.202
0.238 -0.002 0.197
0.232 -0.003 0.191
0.226 -0.003 0.185
0.219 -0.003 0.179
0.213 -0.003 0.173
0.206 -0.003 0.167
0.201 -0.003 0.161
0.195 -0.003 0.156
0.188 -0.002 0.150
0.182 -0.002 0.144
0.176 -0.001 0.138
0.171 -0.001 0.134
0.166 -0.001 0.129
0.161 -0.001 0.125
0.157 -0.001 0.120
0.153 -0.001 0.116
0.148 -0.001 0.112
0.144 -0.001 0.109
0.140 -0.001 0.105
0.136 -0.001 0.101
0.133 0.000 0.098
0.129 0.000 0.095
0.126 0.000 0.091
0.123 0.000 0.089
0.120 0.000 0.086
0.117 0.000 0.083
0.114 0.000 0.080
0.111 0.000 0.077
0.108 -0.001 0.075
0.106 -0.001 0.072
0.103 -0.001 0.070
0.101 -0.001 0.068
0.099 -0.001 0.066
0.097 -0.001 0.064
0.095 -0.001 0.062
0.093 -0.002 0.060
0.092 -0.002 0.059
0.090 -0.002 0.057
0.088 -0.003 0.056
0.086 -0.003 0.054
0.085 -0.003 0.052
0.083 -0.003 0.051
0.082 -0.004 0.049
0.080 -0.004 0.047
0.078 -0.004 0.046
0.076 -0.004 0.044
0.075 -0.004 0.042
0.073 -0.004 0.041
0.071 -0.004 0.039
0.070 -0.004 0.038
0.068 -0.004 0.036
0.066 -0.004 0.035
0.065 -0.004 0.033
0.064 -0.005 0.032
0.062 -0.004 0.030
0.060 -0.005 0.029
0.059 -0.004 0.028
0.057 -0.005 0.026
0.056 -0.004 0.025
0.054 -0.004 0.023
0.053 -0.004 0.022
0.052 -0.004 0.021
0.050 -0.004 0.019
0.049 -0.004 0.018
0.048 -0.004 0.017
0.046 -0.004 0.016
0.045 -0.004 0.014
0.044 -0.004 0.013
0.042 -0.004 0.012
0.041 -0.004 0.011
0.040 -0.004 0.010
0.039 -0.004 0.009
0.038 -0.004 0.008
0.037 -0.004 0.007
0.036 -0.004 0.006
0.035 -0.004 0.005
0.034 -0.004 0.004
0.032 -0.004 0.003
0.031 -0.004 0.002
0.030 -0.004 0.001
0.029 -0.004 0.000
0.029 -0.004 -0.001
0.028 -0.004 -0.002
0.027 -0.004 -0.003
0.026 -0.004 -0.004
0.025 -0.004 -0.004
0.024 -0.004 -0.005
0.023 -0.004 -0.006
0.022 -0.004 -0.007
0.021 -0.004 -0.008
0.020 -0.004 -0.009
0.020 -0.004 -0.009
0.019 -0.004 -0.010
0.018 -0.004 -0.011
0.017 -0.004 -0.012
0.016 -0.004 -0.013
0.015 -0.003 -0.013
0.014 -0.003 -0.014
0.014 -0.003 -0.015
0.013 -0.003 -0.016
0.012 -0.003 -0.016
0.012 -0.003 -0.017
0.011 -0.003 -0.018
0.010 -0.003 -0.018
0.009 -0.003 -0.019
0.009 -0.003 -0.020
0.008 -0.003 -0.020
0.007 -0.003 -0.021
0.007 -0.003 -0.021
0.006 -0.003 -0.022
0.005 -0.003 -0.023
0.005 -0.003 -0.023
0.004 -0.003 -0.024
0.004 -0.003 -0.024
0.003 -0.003 -0.025
0.002 -0.003 -0.026
0.002 -0.003 -0.026
0.001 -0.003 -0.027
0.001 -0.003 -0.027
0.000 -0.003 -0.028
-0.001 -0.003 -0.028
-0.001 -0.003 -0.029
-0.002 -0.003 -0.029
-0.002 -0.003 -0.030
-0.003 -0.002 -0.031
-0.004 -0.002 -0.031
-0.005 -0.002 -0.032
-0.005 -0.002 -0.033
-0.006 -0.001 -0.033
-0.006 -0.001 -0.034
-0.007 -0.001 -0.034
-0.008 -0.001 -0.035
-0.008 -0.001 -0.035
-0.008 -0.001 -0.035
-0.009 -0.002 -0.036
-0.009 -0.002 -0.036
-0.009 -0.002 -0.036
-0.010 -0.001 -0.037
-0.011 -0.001 -0.038
-0.012 0.000 -0.038
-0.012 0.000 -0.039
-0.013 0.000 -0.039
-0.013 0.000 -0.040
-0.013 0.000 -0.040
-0.014 0.000 -0.041
-0.015 0.000 -0.041
-0.015 0.001 -0.042
-0.016 0.001 -0.042
-0.017 0.002 -0.043
-0.019 0.004 -0.044
-0.020 0.006 -0.045
-0.015 -0.003 -0.042
0.326 0.227 0.317
0.328 0.225 0.318
0.328 0.223 0.318
0.329 0.221 0.318
0.329 0.219 0.318
0.330 0.217 0.318
0.330 0.215 0.318
0.329 0.212 0.317
0.329 0.210 0.317
0.329 0.208 0.316
0.329 0.205 0.316
0.329 0.203 0.315
0.329 0.201 0.315
0.328 0.199 0.314
0.328 0.196 0.314
0.328 0.194 0.313
0.328 0.192 0.313
0.328 0.189 0.313
0.328 0.187 0.312
0.328 0.185 0.312
0.328 0.183 0.311
0.328 0.180 0.311
0.328 0.178 0.310
0.328 0.176 0.310
0.328 0.173 0.310
0.328 0.171 0.309
0.328 0.169 0.309
0.328 0.166 0.309
0.328 0.164 0.308
0.328 0.162 0.308
0.328 0.159 0.308
0.328 0.157 0.307
0.328 0.155 0.307
0.328 0.152 0.307
0.328 0.150 0.306
0.328 0.148 0.306
0.328 0.145 0.306
0.328 0.143 0.306
0.328 0.141 0.305
0.328 0.138 0.305
0.328 0.136 0.305
0.328 0.133 0.304
0.328 0.131 0.304
0.328 0.129 0.303
0.328 0.126 0.303
0.328 0.124 0.303
0.328 0.121 0.302
0.328 0.119 0.302
0.328 0.116 0.302
0.328 0.114 0.301
0.328 0.112 0.301
0.327 0.109 0.300
0.327 0.107 0.299
0.327 0.104 0.299
0.327 0.102 0.299
0.327 0.099 0.298
0.327 0.097 0.298
0.327 0.094 0.297
0.326 0.092 0.296
0.326 0.089 0.296
0.326 0.087 0.295
0.326 0.084 0.295
0.325 0.082 0.294
0.324 0.079 0.293
0.324 0.077 0.292
0.323 0.074 0.291
0.322 0.072 0.289
0.322 0.069 0.289
0.321 0.067 0.288
0.321 0.064 0.287
0.320 0.062 0.286
0.320 0.059 0.285
0.319 0.057 0.284
0.318 0.055 0.283
0.317 0.052 0.282
0.316 0.050 0.280
0.314 0.047 0.278
0.312 0.045 0.275
0.309 0.043 0.273
0.308 0.041 0.271
0.308 0.038 0.271
0.298 0.037 0.261
0.274 0.038 0.239
0.268 0.037 0.233
0.266 0.035 0.231
0.266 0.033 0.230
0.266 0.030 0.230
0.266 0.028 0.230
0.266 0.026 0.229
0.265 0.024 0.228
0.264 0.022 0.227
0.264 0.019 0.226
0.263 0.017 0.225
0.263 0.015 0.225
0.262 0.013 0.224
0.261 0.011 0.223
0.261 0.009 0.222
0.261 0.006 0.222
0.260 0.004 0.221
0.259 0.003 0.219
0.256 0.001 0.216
0.252 0.000 0.212
0.247 -0.001 0.208
0.242 -0.002 0.203
0.237 -0.002 0.197
0.231 -0.003 0.192
0.225 -0.003 0.186
0.218 -0.003 0.180
0.212 -0.003 0.174
0.206 -0.003 0.168
0.200 -0.003 0.162
0.194 -0.003 0.157
0.188 -0.002 0.151
0.181 -0.002 0.145
0.175 -0.002 0.139
0.171 -0.002 0.135
0.166 -0.002 0.130
0.161 -0.001 0.126
0.157 -0.001 0.122
0.152 -0.001 0.117
0.148 -0.001 0.113
0.144 -0.001 0.109
0.140 -0.001 0.105
0.136 -0.001 0.102
0.132 0.000 0.098
0.128 0.000 0.095
0.125 0.000 0.092
0.122 0.000 0.089
0.119 0.000 0.086
0.116 0.000 0.083
0.113 0.000 0.080
0.110 -0.001 0.078
0.108 -0.001 0.075
0.105 -0.001 0.073
0.103 -0.001 0.071
0.101 -0.001 0.069
0.099 -0.001 0.067
0.097 -0.001 0.065
0.095 -0.002 0.063
0.093 -0.002 0.061
0.091 -0.002 0.059
0.089 -0.003 0.058
0.088 -0.003 0.056
0.086 -0.003 0.054
0.084 -0.003 0.053
0.083 -0.003 0.051
0.081 -0.004 0.050
0.079 -0.004 0.048
0.078 -0.004 0.046
0.076 -0.004 0.044
0.074 -0.004 0.043
0.072 -0.004 0.041
0.071 -0.004 0.040
0.069 -0.004 0.038
0.067 -0.004 0.036
0.066 -0.004 0.035
0.064 -0.004 0.033
0.063 -0.004 0.032
0.061 -0.004 0.031
0.060 -0.004 0.029
0.058 -0.004 0.028
0.057 -0.004 0.026
0.055 -0.004 0.025
0.054 -0.004 0.023
0.052 -0.004 0.022
0.051 -0.004 0.021
0.049 -0.004 0.019
0.048 -0.004 0.018
0.047 -0.004 0.017
0.045 -0.004 0.016
0.044 -0.004 0.015
0.043 -0.004 0.013
0.042 -0.004 0.012
0.041 -0.004 0.011
0.039 -0.004 0.010
0.038 -0.004 0.009
0.037 -0.004 0.008
0.036 -0.004 0.007
0.035 -0.004 0.006
0.034 -0.004 0.005
0.033 -0.004 0.004
0.032 -0.004 0.003
0.031 -0.004 0.002
0.030 -0.004 0.001
0.029 -0.004 0.000
0.028 -0.004 -0.001
0.027 -0.004 -0.002
0.026 -0.004 -0.003
0.025 -0.004 -0.004
0.024 -0.004 -0.004
0.023 -0.004 -0.005
0.022 -0.004 -0.006
0.022 -0.004 -0.007
0.021 -0.004 -0.008
0.020 -0.004 -0.009
0.019 -0.004 -0.009
0.018 -0.004 -0.010
0.017 -0.003 -0.011
0.017 -0.003 -0.012
0.016 -0.003 -0.012
0.015 -0.003 -0.013
0.014 -0.003 -0.014
0.013 -0.003 -0.015
0.013 -0.003 -0.015
0.012 -0.003 -0.016
0.011 -0.003 -0.017
0.010 -0.003 -0.017
0.010 -0.003 -0.018
0.009 -0.003 -0.019
0.008 -0.003 -0.019
0.008 -0.003 -0.020
0.007 -0.003 -0.021
0.006 -0.003 -0.021
0.006 -0.003 -0.022
0.005 -0.003 -0.023
0.004 -0.003 -0.023
0.004 -0.003 -0.024
0.003 -0.003 -0.024
0.002 -0.003 -0.025
0.002 -0.003 -0.025
0.001 -0.003 -0.026
0.001 -0.003 -0.027
0.000 -0.003 -0.027
0.000 -0.003 -0.028
-0.001 -0.003 -0.028
-0.001 -0.003 -0.029
-0.002 -0.003 -0.029
-0.003 -0.003 -0.030
-0.003 -0.003 -0.030
-0.004 -0.002 -0.031
-0.005 -0.002 -0.032
-0.005 -0.002 -0.032
-0.006 -0.002 -0.033
-0.007 -0.002 -0.033
-0.007 -0.002 -0.034
-0.008 -0.001 -0.034
-0.008 -0.001 -0.035
-0.009 -0.001 -0.035
-0.009 -0.002 -0.035
-0.009 -0.002 -0.036
-0.009 -0.002 -0.036
-0.010 -0.002 -0.037
-0.011 -0.001 -0.037
-0.012 -0.001 -0.038
-0.012 0.000 -0.039
-0.013 0.000 -0.039
-0.013 0.000 -0.039
-0.014 0.000 -0.040
-0.014 0.000 -0.040
-0.015 0.000 -0.041
-0.015 0.000 -0.041
-0.016 0.001 -0.042
-0.017 0.002 -0.043
-0.018 0.004 -0.044
-0.020 0.005 -0.045
-0.015 -0.004 -0.041
0.326 0.227 0.318
0.327 0.225 0.319
0.327 0.223 0.319
0.328 0.221 0.319
0.328 0.219 0.319
0.329 0.217 0.319
0.328 0.214 0.319
0.328 0.212 0.318
0.328 0.210 0.317
0.328 0.208 0.317
0.328 0.205 0.317
0.327 0.203 0.316
0.327 0.201 0.316
0.327 0.199 0.315
0.327 0.196 0.315
0.327 0.194 0.314
0.327 0.192 0.314
0.327 0.189 0.313
0.327 0.187 0.313
0.327 0.185 0.313
0.326 0.182 0.312
0.327 0.180 0.312
0.327 0.178 0.312
0.327 0.176 0.311
0.326 0.173 0.311
0.326 0.171 0.310
0.327 0.169 0.310
0.327 0.166 0.310
0.326 0.164 0.309
0.326 0.162 0.309
0.326 0.159 0.309
0.326 0.157 0.308
0.326 0.155 0.308
0.326 0.152 0.308
0.326 0.150 0.307
0.327 0.148 0.307
0.327 0.145 0.307
0.327 0.143 0.307
0.327 0.140 0.306
0.327 0.138 0.306
0.327 0.136 0.306
0.327 0.133 0.305
0.327 0.131 0.305
0.327 0.128 0.304
0.327 0.126 0.304
0.327 0.124 0.304
0.326 0.121 0.303
0.327 0.119 0.303
0.327 0.116 0.303
0.327 0.114 0.302
0.327 0.111 0.302
0.326 0.109 0.301
0.326 0.107 0.300
0.326 0.104 0.300
0.326 0.102 0.300
0.326 0.099 0.299
0.326 0.097 0.299
0.326 0.094 0.298
0.325 0.092 0.298
0.325 0.089 0.297
0.325 0.087 0.296
0.325 0.084 0.296
0.324 0.082 0.295
0.323 0.079 0.294
0.323 0.077 0.293
0.322 0.074 0.292
0.321 0.072 0.291
0.321 0.069 0.290
0.321 0.067 0.290
0.321 0.064 0.289
0.321 0.062 0.289
0.320 0.059 0.288
0.320 0.057 0.287
0.320 0.054 0.286
0.319 0.052 0.286
0.318 0.049 0.284
0.317 0.047 0.283
0.316 0.044 0.281
0.315 0.042 0.281
0.316 0.039 0.281
0.316 0.037 0.281
0.312 0.035 0.277
0.273 0.038 0.240
0.270 0.036 0.237
0.267 0.034 0.234
0.268 0.032 0.234
0.269 0.030 0.235
0.269 0.027 0.235
0.269 0.025 0.234
0.268 0.023 0.233
0.267 0.021 0.231
0.266 0.019 0.230
0.265 0.017 0.229
0.264 0.014 0.228
0.264 0.012 0.227
0.263 0.010 0.226
0.262 0.008 0.225
0.262 0.006 0.225
0.261 0.004 0.223
0.259 0.002 0.221
0.255 0.001 0.217
0.251 0.000 0.213
0.246 -0.001 0.208
0.241 -0.002 0.203
0.236 -0.002 0.198
0.230 -0.003 0.193
0.224 -0.003 0.187
0.218 -0.003 0.181
0.211 -0.003 0.175
0.205 -0.003 0.169
0.199 -0.003 0.163
0.193 -0.003 0.157
0.187 -0.003 0.151
0.181 -0.002 0.146
0.175 -0.002 0.141
0.170 -0.002 0.136
0.166 -0.002 0.131
0.161 -0.002 0.127
0.156 -0.002 0.122
0.152 -0.001 0.118
0.147 -0.001 0.114
0.143 -0.001 0.110
0.139 -0.001 0.106
0.135 -0.001 0.102
0.131 0.000 0.099
0.128 0.000 0.095
0.124 0.000 0.092
0.121 0.000 0.089
0.118 0.000 0.086
0.115 0.000 0.084
0.112 0.000 0.081
0.110 -0.001 0.078
0.107 -0.001 0.076
0.105 -0.001 0.073
0.102 -0.001 0.071
0.100 -0.001 0.069
0.098 -0.001 0.067
0.096 -0.002 0.065
0.095 -0.002 0.064
0.093 -0.002 0.062
0.091 -0.002 0.060
0.089 -0.003 0.058
0.087 -0.003 0.057
0.086 -0.003 0.055
0.084 -0.003 0.053
0.082 -0.004 0.052
0.081 -0.004 0.050
0.079 -0.004 0.048
0.077 -0.004 0.047
0.075 -0.004 0.045
0.074 -0.004 0.043
0.072 -0.004 0.042
0.070 -0.004 0.040
0.068 -0.004 0.038
0.067 -0.004 0.037
0.065 -0.004 0.035
0.063 -0.004 0.034
0.062 -0.004 0.032
0.061 -0.004 0.031
0.059 -0.004 0.029
0.057 -0.004 0.028
0.056 -0.004 0.026
0.055 -0.004 0.025
0.053 -0.004 0.024
0.052 -0.004 0.022
0.050 -0.004 0.021
0.049 -0.004 0.020
0.047 -0.004 0.018
0.046 -0.004 0.017
0.045 -0.004 0.016
0.044 -0.004 0.015
0.042 -0.004 0.013
0.041 -0.004 0.012
0.040 -0.004 0.011
0.039 -0.004 0.010
0.038 -0.004 0.009
0.037 -0.004 0.008
0.035 -0.004 0.007
0.034 -0.004 0.006
0.033 -0.004 0.005
0.032 -0.004 0.004
0.031 -0.004 0.003
0.030 -0.004 0.002
0.029 -0.004 0.001
0.028 -0.004 0.000
0.027 -0.004 -0.001
0.026 -0.004 -0.002
0.025 -0.003 -0.003
0.024 -0.003 -0.004
0.023 -0.003 -0.004
0.023 -0.003 -0.005
0.022 -0.003 -0.006
0.021 -0.003 -0.007
0.020 -0.003 -0.008
0.019 -0.003 -0.008
0.018 -0.003 -0.009
0.018 -0.003 -0.010
0.017 -0.003 -0.011
0.016 -0.003 -0.011
0.015 -0.003 -0.012
0.015 -0.003 -0.013
0.014 -0.003 -0.014
0.013 -0.003 -0.014
0.012 -0.003 -0.015
0.012 -0.003 -0.016
0.011 -0.003 -0.017
0.010 -0.003 -0.017
0.009 -0.003 -0.018
0.008 -0.003 -0.019
0.008 -0.003 -0.019
0.007 -0.003 -0.020
0.007 -0.003 -0.021
0.006 -0.003 -0.021
0.005 -0.003 -0.022
0.005 -0.003 -0.022
0.004 -0.003 -0.023
0.003 -0.003 -0.024
0.003 -0.003 -0.024
0.002 -0.003 -0.025
0.002 -0.003 -0.025
0.001 -0.003 -0.026
0.000 -0.003 -0.026
0.000 -0.003 -0.027
-0.001 -0.003 -0.027
-0.001 -0.003 -0.028
-0.002 -0.003 -0.028
-0.002 -0.003 -0.029
-0.003 -0.003 -0.030
-0.004 -0.003 -0.030
-0.004 -0.002 -0.031
-0.005 -0.002 -0.031
-0.006 -0.002 -0.032
-0.006 -0.002 -0.032
-0.007 -0.002 -0.033
-0.007 -0.002 -0.033
-0.008 -0.002 -0.034
-0.008 -0.001 -0.034
-0.009 -0.001 -0.035
-0.009 -0.002 -0.035
-0.009 -0.002 -0.035
-0.010 -0.002 -0.036
-0.010 -0.002 -0.036
-0.011 -0.001 -0.037
-0.012 -0.001 -0.038
-0.012 -0.001 -0.038
-0.013 -0.001 -0.039
-0.013 -0.001 -0.039
-0.014 -0.001 -0.039
-0.014 -0.001 -0.040
-0.015 0.000 -0.040
-0.015 0.000 -0.041
-0.016 0.000 -0.041
-0.017 0.001 -0.042
-0.018 0.003 -0.043
-0.020 0.005 -0.045
-0.015 -0.004 -0.041
0.325 0.227 0.320
0.326 0.225 0.321
0.326 0.223 0.320
0.327 0.221 0.321
0.327 0.219 0.320
0.327 0.217 0.320
0.327 0.215 0.320
0.327 0.212 0.319
0.327 0.210 0.319
0.327 0.208 0.318
0.326 0.205 0.318
0.326 0.203 0.317
0.326 0.201 0.317
0.326 0.199 0.316
0.326 0.196 0.316
0.326 0.194 0.315
0.326 0.192 0.315
0.326 0.189 0.314
0.325 0.187 0.314
0.325 0.185 0.314
0.325 0.182 0.313
0.325 0.180 0.313
0.325 0.178 0.312
0.325 0.176 0.312
0.325 0.173 0.312
0.325 0.171 0.311
0.325 0.169 0.311
0.325 0.166 0.311
0.325 0.164 0.310
0.325 0.162 0.310
0.325 0.159 0.310
0.325 0.157 0.309
0.325 0.155 0.309
0.325 0.152 0.308
0.325 0.150 0.308
0.325 0.148 0.308
0.325 0.145 0.308
0.325 0.143 0.307
0.325 0.140 0.307
0.326 0.138 0.307
0.326 0.136 0.306
0.325 0.133 0.306
0.325 0.131 0.306
0.325 0.128 0.305
0.325 0.126 0.305
0.325 0.124 0.304
0.325 0.121 0.304
0.325 0.119 0.304
0.325 0.116 0.303
0.325 0.114 0.303
0.325 0.111 0.302
0.325 0.109 0.302
0.324 0.106 0.301
0.325 0.104 0.301
0.324 0.102 0.300
0.324 0.099 0.300
0.324 0.097 0.300
0.324 0.094 0.299
0.324 0.092 0.299
0.324 0.089 0.298
0.324 0.087 0.298
0.324 0.084 0.297
0.323 0.082 0.296
0.323 0.079 0.296
0.322 0.077 0.294
0.322 0.074 0.294
0.321 0.072 0.292
0.320 0.069 0.292
0.320 0.067 0.291
0.320 0.064 0.291
0.320 0.062 0.290
0.319 0.059 0.289
0.319 0.057 0.288
0.319 0.054 0.288
0.318 0.052 0.287
0.318 0.049 0.286
0.317 0.047 0.285
0.316 0.044 0.284
0.316 0.042 0.284
0.316 0.039 0.283
0.317 0.036 0.284
0.313 0.034 0.280
0.284 0.036 0.252
0.270 0.036 0.239
0.268 0.034 0.236
0.271 0.031 0.239
0.275 0.028 0.242
0.274 0.026 0.241
0.273 0.024 0.240
0.272 0.022 0.238
0.270 0.020 0.237
0.269 0.018 0.235
0.268 0.016 0.234
0.267 0.014 0.232
0.266 0.012 0.231
0.265 0.009 0.230
0.264 0.007 0.229
0.264 0.005 0.228
0.262 0.003 0.226
0.259 0.002 0.223
0.255 0.001 0.219
0.250 0.000 0.214
0.245 -0.001 0.209
0.240 -0.002 0.204
0.235 -0.003 0.199
0.229 -0.003 0.194
0.223 -0.003 0.188
0.217 -0.003 0.182
0.211 -0.003 0.176
0.204 -0.003 0.169
0.198 -0.003 0.164
0.192 -0.003 0.158
0.186 -0.003 0.152
0.180 -0.002 0.147
0.175 -0.002 0.142
0.170 -0.002 0.137
0.165 -0.002 0.133
0.161 -0.002 0.128
0.156 -0.002 0.123
0.151 -0.002 0.119
0.147 -0.001 0.115
0.142 -0.001 0.110
0.138 -0.001 0.106
0.134 -0.001 0.103
0.130 0.000 0.099
0.127 0.000 0.096
0.124 0.000 0.093
0.121 0.000 0.090
0.118 0.000 0.087
0.114 0.000 0.084
0.112 0.000 0.081
0.109 -0.001 0.079
0.107 -0.001 0.076
0.104 -0.001 0.074
0.102 -0.001 0.072
0.100 -0.001 0.070
0.098 -0.001 0.068
0.096 -0.002 0.066
0.094 -0.002 0.064
0.092 -0.002 0.062
0.090 -0.003 0.061
0.089 -0.003 0.059
0.087 -0.003 0.057
0.085 -0.003 0.055
0.083 -0.003 0.054
0.082 -0.004 0.052
0.080 -0.004 0.050
0.078 -0.004 0.049
0.076 -0.004 0.047
0.074 -0.004 0.045
0.073 -0.004 0.044
0.071 -0.004 0.042
0.069 -0.004 0.040
0.068 -0.004 0.039
0.066 -0.004 0.037
0.064 -0.004 0.035
0.063 -0.004 0.034
0.061 -0.004 0.032
0.060 -0.004 0.031
0.058 -0.004 0.030
0.057 -0.004 0.028
0.055 -0.004 0.027
0.054 -0.004 0.025
0.052 -0.004 0.024
0.051 -0.004 0.023
0.050 -0.004 0.021
0.048 -0.004 0.020
0.047 -0.004 0.019
0.046 -0.004 0.017
0.044 -0.004 0.016
0.043 -0.004 0.015
0.042 -0.004 0.014
0.041 -0.004 0.013
0.039 -0.004 0.011
0.038 -0.004 0.010
0.037 -0.004 0.009
0.036 -0.003 0.008
0.035 -0.004 0.007
0.034 -0.004 0.006
0.033 -0.004 0.005
0.032 -0.004 0.004
0.031 -0.003 0.003
0.030 -0.003 0.002
0.029 -0.003 0.001
0.028 -0.003 0.000
0.027 -0.003 -0.001
0.026 -0.003 -0.002
0.025 -0.003 -0.003
0.024 -0.003 -0.003
0.023 -0.003 -0.004
0.022 -0.003 -0.005
0.021 -0.003 -0.006
0.020 -0.003 -0.007
0.019 -0.003 -0.008
0.019 -0.003 -0.008
0.018 -0.003 -0.009
0.017 -0.003 -0.010
0.016 -0.003 -0.011
0.016 -0.003 -0.011
0.015 -0.003 -0.012
0.014 -0.003 -0.013
0.013 -0.003 -0.014
0.013 -0.003 -0.014
0.012 -0.003 -0.015
0.011 -0.003 -0.016
0.010 -0.003 -0.016
0.010 -0.003 -0.017
0.009 -0.003 -0.018
0.008 -0.003 -0.018
0.007 -0.003 -0.019
0.007 -0.003 -0.020
0.006 -0.003 -0.020
0.006 -0.003 -0.021
0.005 -0.003 -0.022
0.004 -0.003 -0.022
0.004 -0.003 -0.023
0.003 -0.003 -0.023
0.002 -0.003 -0.024
0.002 -0.003 -0.024
0.001 -0.003 -0.025
0.001 -0.003 -0.026
0.000 -0.003 -0.026
-0.001 -0.003 -0.027
-0.001 -0.003 -0.027
-0.001 -0.003 -0.028
-0.002 -0.003 -0.028
-0.003 -0.003 -0.029
-0.003 -0.003 -0.029
-0.004 -0.003 -0.030
-0.005 -0.002 -0.031
-0.005 -0.002 -0.031
-0.006 -0.002 -0.032
-0.006 -0.002 -0.032
-0.007 -0.002 -0.033
-0.007 -0.002 -0.033
-0.008 -0.002 -0.034
-0.009 -0.002 -0.034
-0.009 -0.002 -0.035
-0.009 -0.002 -0.035
-0.009 -0.002 -0.035
-0.010 -0.002 -0.036
-0.011 -0.002 -0.036
-0.011 -0.001 -0.037
-0.012 -0.001 -0.037
-0.012 -0.001 -0.038
-0.013 -0.001 -0.038
-0.013 -0.001 -0.039
-0.014 -0.001 -0.039
-0.014 -0.001 -0.040
-0.015 -0.001 -0.040
-0.015 -0.001 -0.040
-0.016 0.000 -0.041
-0.017 0.001 -0.042
-0.018 0.003 -0.043
-0.020 0.004 -0.044
-0.015 -0.004 -0.041
0.325 0.227 0.321
0.326 0.225 0.322
0.326 0.223 0.322
0.326 0.221 0.322
0.326 0.219 0.321
0.326 0.217 0.321
0.326 0.214 0.320
0.326 0.212 0.320
0.325 0.210 0.319
0.325 0.208 0.319
0.325 0.205 0.319
0.325 0.203 0.318
0.325 0.201 0.318
0.325 0.198 0.317
0.325 0.196 0.317
0.325 0.194 0.316
0.324 0.192 0.316
0.324 0.189 0.315
0.324 0.187 0.315
0.324 0.185 0.315
0.324 0.182 0.314
0.324 0.180 0.314
0.324 0.178 0.313
0.324 0.175 0.313
0.324 0.173 0.313
0.324 0.171 0.312
0.324 0.169 0.312
0.324 0.166 0.312
0.324 0.164 0.311
0.324 0.162 0.311
0.324 0.159 0.311
0.324 0.157 0.310
0.324 0.155 0.310
0.324 0.152 0.310
0.324 0.150 0.309
0.324 0.147 0.309
0.324 0.145 0.309
0.324 0.143 0.308
0.324 0.140 0.308
0.324 0.138 0.308
0.324 0.136 0.307
0.324 0.133 0.307
0.324 0.131 0.306
0.324 0.128 0.306
0.324 0.126 0.306
0.324 0.124 0.305
0.324 0.121 0.305
0.324 0.119 0.304
0.324 0.116 0.304
0.324 0.114 0.304
0.323 0.111 0.303
0.323 0.109 0.303
0.323 0.106 0.302
0.323 0.104 0.302
0.323 0.102 0.301
0.323 0.099 0.301
0.323 0.097 0.301
0.323 0.094 0.300
0.323 0.092 0.300
0.323 0.089 0.299
0.323 0.087 0.299
0.322 0.084 0.298
0.322 0.082 0.298
0.322 0.079 0.297
0.321 0.077 0.295
0.320 0.074 0.295
0.319 0.072 0.293
0.319 0.069 0.293
0.319 0.067 0.292
0.318 0.064 0.291
0.318 0.062 0.290
0.318 0.059 0.290
0.318 0.057 0.290
0.317 0.054 0.289
0.317 0.052 0.288
0.317 0.049 0.287
0.317 0.047 0.287
0.316 0.044 0.286
0.316 0.041 0.286
0.316 0.039 0.286
0.317 0.036 0.286
0.314 0.034 0.283
0.286 0.036 0.256
0.270 0.036 0.241
0.269 0.034 0.239
0.274 0.030 0.244
0.279 0.027 0.248
0.279 0.025 0.247
0.277 0.023 0.245
0.275 0.021 0.243
0.274 0.019 0.242
0.273 0.017 0.240
0.271 0.015 0.239
0.270 0.013 0.237
0.269 0.010 0.236
0.268 0.008 0.235
0.267 0.006 0.233
0.265 0.004 0.231
0.262 0.003 0.228
0.258 0.002 0.224
0.254 0.000 0.220
0.249 0.000 0.215
0.244 -0.001 0.210
0.239 -0.002 0.205
0.233 -0.003 0.200
0.228 -0.003 0.195
0.223 -0.004 0.189
0.216 -0.004 0.183
0.210 -0.003 0.177
0.203 -0.003 0.170
0.197 -0.003 0.164
0.191 -0.003 0.158
0.185 -0.003 0.153
0.180 -0.003 0.148
0.175 -0.002 0.143
0.170 -0.003 0.138
0.165 -0.002 0.134
0.160 -0.002 0.129
0.156 -0.002 0.125
0.151 -0.002 0.120
0.146 -0.001 0.115
0.141 -0.001 0.111
0.137 -0.001 0.107
0.133 -0.001 0.103
0.129 0.000 0.100
0.126 0.000 0.096
0.123 0.000 0.093
0.120 -0.001 0.090
0.117 -0.001 0.087
0.114 -0.001 0.085
0.111 0.000 0.082
0.108 -0.001 0.079
0.106 -0.001 0.077
0.104 -0.001 0.075
0.101 -0.001 0.072
0.099 -0.001 0.070
0.097 -0.002 0.068
0.096 -0.002 0.067
0.094 -0.002 0.065
0.092 -0.002 0.063
0.090 -0.003 0.061
0.088 -0.003 0.059
0.087 -0.003 0.058
0.085 -0.003 0.056
0.083 -0.003 0.054
0.081 -0.004 0.052
0.079 -0.004 0.051
0.077 -0.004 0.049
0.076 -0.004 0.047
0.074 -0.004 0.045
0.072 -0.004 0.044
0.070 -0.004 0.042
0.069 -0.004 0.040
0.067 -0.004 0.039
0.066 -0.004 0.037
0.064 -0.004 0.036
0.062 -0.004 0.034
0.061 -0.004 0.033
0.059 -0.004 0.031
0.058 -0.004 0.030
0.056 -0.004 0.028
0.055 -0.004 0.027
0.053 -0.004 0.026
0.052 -0.004 0.024
0.051 -0.004 0.023
0.049 -0.004 0.022
0.048 -0.004 0.020
0.046 -0.004 0.019
0.045 -0.004 0.018
0.044 -0.004 0.016
0.042 -0.004 0.015
0.041 -0.004 0.014
0.040 -0.004 0.013
0.039 -0.004 0.012
0.038 -0.003 0.010
0.036 -0.003 0.009
0.035 -0.003 0.008
0.034 -0.004 0.007
0.033 -0.004 0.006
0.032 -0.003 0.005
0.031 -0.003 0.004
0.030 -0.003 0.003
0.029 -0.003 0.002
0.028 -0.003 0.001
0.027 -0.003 0.000
0.026 -0.003 -0.001
0.025 -0.003 -0.002
0.024 -0.003 -0.002
0.023 -0.003 -0.003
0.022 -0.003 -0.004
0.021 -0.003 -0.005
0.021 -0.003 -0.006
0.020 -0.003 -0.007
0.019 -0.003 -0.007
0.018 -0.003 -0.008
0.017 -0.003 -0.009
0.016 -0.003 -0.010
0.016 -0.003 -0.011
0.015 -0.003 -0.011
0.014 -0.003 -0.012
0.014 -0.003 -0.013
0.013 -0.003 -0.013
0.012 -0.003 -0.014
0.011 -0.003 -0.015
0.011 -0.003 -0.015
0.010 -0.003 -0.016
0.009 -0.003 -0.017
0.008 -0.003 -0.018
0.008 -0.003 -0.018
0.007 -0.003 -0.019
0.006 -0.003 -0.020
0.006 -0.003 -0.020
0.005 -0.003 -0.021
0.005 -0.003 -0.021
0.004 -0.003 -0.022
0.003 -0.003 -0.022
0.003 -0.003 -0.023
0.002 -0.003 -0.024
0.001 -0.003 -0.024
0.001 -0.003 -0.025
0.000 -0.003 -0.025
0.000 -0.003 -0.026
-0.001 -0.003 -0.027
-0.001 -0.003 -0.027
-0.002 -0.003 -0.027
-0.002 -0.003 -0.028
-0.003 -0.003 -0.028
-0.003 -0.003 -0.029
-0.004 -0.003 -0.030
-0.005 -0.002 -0.030
-0.005 -0.002 -0.031
-0.006 -0.002 -0.031
-0.007 -0.002 -0.032
-0.007 -0.002 -0.033
-0.008 -0.002 -0.033
-0.008 -0.002 -0.033
-0.009 -0.002 -0.034
-0.009 -0.002 -0.034
-0.009 -0.002 -0.035
-0.010 -0.002 -0.035
-0.010 -0.002 -0.035
-0.011 -0.002 -0.036
-0.012 -0.001 -0.037
-0.012 -0.001 -0.037
-0.013 -0.001 -0.038
-0.013 -0.001 -0.038
-0.013 -0.001 -0.038
-0.014 -0.001 -0.039
-0.014 -0.001 -0.039
-0.015 -0.001 -0.040
-0.015 -0.001 -0.040
-0.016 0.000 -0.041
-0.017 0.001 -0.042
-0.019 0.003 -0.043
-0.020 0.004 -0.044
-0.015 -0.004 -0.041
0.324 0.227 0.323
0.325 0.225 0.323
0.325 0.223 0.323
0.325 0.221 0.323
0.325 0.219 0.322
0.325 0.217 0.322
0.324 0.214 0.321
0.324 0.212 0.321
0.324 0.210 0.320
0.324 0.208 0.320
0.324 0.205 0.320
0.324 0.203 0.319
0.324 0.201 0.318
0.324 0.198 0.318
0.324 0.196 0.318
0.323 0.194 0.317
0.323 0.192 0.317
0.323 0.189 0.316
0.323 0.187 0.316
0.323 0.185 0.316
0.323 0.182 0.315
0.323 0.180 0.315
0.323 0.178 0.314
0.323 0.175 0.314
0.323 0.173 0.314
0.323 0.171 0.313
0.323 0.169 0.313
0.323 0.166 0.313
0.323 0.164 0.312
0.323 0.162 0.312
0.323 0.159 0.312
0.323 0.157 0.311
0.323 0.155 0.311
0.323 0.152 0.310
0.323 0.150 0.310
0.323 0.147 0.310
0.323 0.145 0.309
0.323 0.143 0.309
0.323 0.140 0.309
0.323 0.138 0.308
0.323 0.136 0.308
0.323 0.133 0.308
0.323 0.131 0.307
0.323 0.128 0.307
0.323 0.126 0.307
0.323 0.124 0.306
0.322 0.121 0.306
0.322 0.119 0.305
0.322 0.116 0.305
0.323 0.114 0.305
0.322 0.111 0.304
0.322 0.109 0.304
0.322 0.106 0.303
0.322 0.104 0.303
0.322 0.101 0.302
0.322 0.099 0.302
0.322 0.097 0.302
0.322 0.094 0.301
0.322 0.092 0.301
0.322 0.089 0.300
0.322 0.087 0.300
0.322 0.084 0.300
0.321 0.082 0.299
0.320 0.079 0.298
0.319 0.077 0.296
0.319 0.074 0.296
0.318 0.072 0.294
0.318 0.069 0.293
0.317 0.067 0.293
0.317 0.064 0.292
0.317 0.062 0.292
0.317 0.059 0.291
0.316 0.057 0.290
0.316 0.054 0.290
0.316 0.052 0.289
0.316 0.049 0.289
0.316 0.046 0.288
0.315 0.044 0.288
0.315 0.041 0.287
0.315 0.039 0.287
0.316 0.036 0.287
0.315 0.034 0.286
0.287 0.035 0.259
0.270 0.036 0.242
0.268 0.034 0.241
0.276 0.030 0.248
0.282 0.027 0.253
0.281 0.024 0.251
0.278 0.022 0.248
0.276 0.020 0.246
0.275 0.018 0.245
0.274 0.016 0.244
0.273 0.014 0.242
0.272 0.012 0.241
0.271 0.010 0.239
0.269 0.008 0.238
0.268 0.006 0.236
0.265 0.004 0.233
0.262 0.003 0.229
0.257 0.001 0.225
0.252 0.000 0.220
0.247 0.000 0.215
0.242 -0.001 0.210
0.237 -0.002 0.205
0.233 -0.003 0.201
0.227 -0.003 0.196
0.222 -0.004 0.190
0.216 -0.004 0.184
0.209 -0.003 0.177
0.202 -0.003 0.171
0.196 -0.003 0.165
0.190 -0.003 0.159
0.184 -0.003 0.154
0.179 -0.003 0.149
0.174 -0.003 0.144
0.170 -0.003 0.139
0.165 -0.003 0.135
0.160 -0.002 0.130
0.155 -0.002 0.125
0.150 -0.002 0.120
0.145 -0.001 0.116
0.140 -0.001 0.111
0.136 -0.001 0.107
0.132 -0.001 0.103
0.129 0.000 0.100
0.125 0.000 0.097
0.122 0.000 0.094
0.119 0.000 0.091
0.116 0.000 0.088
0.113 0.000 0.085
0.110 0.000 0.082
0.108 -0.001 0.080
0.106 -0.001 0.078
0.103 -0.001 0.075
0.101 -0.001 0.073
0.099 -0.001 0.071
0.097 -0.002 0.069
0.095 -0.002 0.067
0.093 -0.002 0.065
0.091 -0.003 0.064
0.090 -0.003 0.062
0.088 -0.003 0.060
0.086 -0.003 0.058
0.084 -0.003 0.056
0.082 -0.003 0.055
0.080 -0.004 0.053
0.079 -0.004 0.051
0.077 -0.004 0.049
0.075 -0.004 0.047
0.073 -0.004 0.046
0.071 -0.004 0.044
0.070 -0.004 0.042
0.068 -0.004 0.041
0.066 -0.004 0.039
0.065 -0.004 0.038
0.063 -0.004 0.036
0.062 -0.004 0.035
0.060 -0.004 0.033
0.059 -0.004 0.032
0.057 -0.004 0.030
0.056 -0.004 0.029
0.054 -0.004 0.027
0.053 -0.004 0.026
0.051 -0.004 0.024
0.050 -0.004 0.023
0.049 -0.004 0.022
0.047 -0.004 0.021
0.046 -0.004 0.019
0.045 -0.004 0.018
0.043 -0.004 0.017
0.042 -0.004 0.015
0.041 -0.004 0.014
0.039 -0.004 0.013
0.038 -0.003 0.012
0.037 -0.003 0.011
0.036 -0.003 0.010
0.035 -0.003 0.009
0.034 -0.003 0.007
0.033 -0.003 0.006
0.032 -0.003 0.005
0.030 -0.003 0.004
0.029 -0.003 0.003
0.028 -0.003 0.002
0.027 -0.003 0.001
0.026 -0.003 0.000
0.026 -0.003 0.000
0.025 -0.003 -0.001
0.024 -0.003 -0.002
0.023 -0.003 -0.003
0.022 -0.003 -0.004
0.021 -0.003 -0.005
0.020 -0.003 -0.006
0.019 -0.003 -0.006
0.019 -0.003 -0.007
0.018 -0.003 -0.008
0.017 -0.003 -0.009
0.016 -0.003 -0.010
0.015 -0.003 -0.010
0.015 -0.003 -0.011
0.014 -0.003 -0.012
0.013 -0.003 -0.012
0.012 -0.003 -0.013
0.012 -0.003 -0.014
0.011 -0.003 -0.015
0.010 -0.003 -0.015
0.010 -0.003 -0.016
0.009 -0.003 -0.017
0.008 -0.003 -0.017
0.007 -0.003 -0.018
0.007 -0.003 -0.019
0.006 -0.003 -0.019
0.005 -0.003 -0.020
0.005 -0.003 -0.021
0.004 -0.003 -0.021
0.004 -0.003 -0.022
0.003 -0.003 -0.022
0.002 -0.003 -0.023
0.002 -0.003 -0.024
0.001 -0.003 -0.024
0.000 -0.003 -0.025
0.000 -0.003 -0.025
-0.001 -0.003 -0.026
-0.001 -0.003 -0.026
-0.002 -0.003 -0.027
-0.002 -0.003 -0.027
-0.003 -0.003 -0.028
-0.003 -0.003 -0.028
-0.004 -0.003 -0.029
-0.005 -0.003 -0.030
-0.005 -0.002 -0.030
-0.006 -0.002 -0.031
-0.006 -0.002 -0.031
-0.007 -0.002 -0.032
-0.007 -0.002 -0.032
-0.008 -0.002 -0.033
-0.008 -0.002 -0.033
-0.009 -0.002 -0.034
-0.009 -0.002 -0.034
-0.009 -0.002 -0.034
-0.010 -0.003 -0.035
-0.010 -0.002 -0.035
-0.011 -0.002 -0.036
-0.012 -0.002 -0.036
-0.012 -0.001 -0.037
-0.013 -0.001 -0.037
-0.013 -0.001 -0.038
-0.014 -0.001 -0.038
-0.014 -0.001 -0.039
-0.015 -0.001 -0.039
-0.015 -0.001 -0.040
-0.016 -0.001 -0.040
-0.016 0.000 -0.041
-0.017 0.001 -0.041
-0.019 0.002 -0.043
-0.020 0.004 -0.044
-0.016 -0.004 -0.040
0.323 0.227 0.324
0.324 0.226 0.324
0.324 0.223 0.324
0.324 0.221 0.324
0.323 0.219 0.323
0.323 0.217 0.323
0.323 0.214 0.322
0.323 0.212 0.322
0.323 0.210 0.321
0.323 0.208 0.321
0.323 0.205 0.320
0.323 0.203 0.320
0.323 0.201 0.320
0.322 0.198 0.319
0.322 0.196 0.319
0.322 0.194 0.318
0.322 0.192 0.318
0.322 0.189 0.317
0.322 0.187 0.317
0.322 0.185 0.317
0.322 0.182 0.316
0.322 0.180 0.316
0.322 0.178 0.315
0.322 0.175 0.315
0.322 0.173 0.315
0.322 0.171 0.314
0.322 0.168 0.314
0.322 0.166 0.314
0.322 0.164 0.313
0.322 0.162 0.313
0.321 0.159 0.313
0.322 0.157 0.312
0.322 0.154 0.312
0.321 0.152 0.312
0.321 0.150 0.311
0.321 0.147 0.311
0.321 0.145 0.311
0.321 0.143 0.310
0.322 0.140 0.310
0.321 0.138 0.309
0.322 0.136 0.309
0.321 0.133 0.309
0.321 0.131 0.308
0.321 0.128 0.308
0.321 0.126 0.308
0.321 0.123 0.307
0.321 0.121 0.307
0.321 0.119 0.306
0.321 0.116 0.306
0.321 0.114 0.306
0.321 0.111 0.305
0.321 0.109 0.305
0.321 0.106 0.304
0.321 0.104 0.304
0.321 0.101 0.304
0.321 0.099 0.303
0.321 0.096 0.303
0.321 0.094 0.302
0.320 0.091 0.302
0.320 0.089 0.301
0.320 0.087 0.301
0.320 0.084 0.300
0.320 0.082 0.300
0.319 0.079 0.298
0.318 0.077 0.297
0.318 0.074 0.296
0.317 0.072 0.295
0.316 0.069 0.294
0.316 0.067 0.294
0.316 0.064 0.293
0.316 0.062 0.293
0.315 0.059 0.292
0.315 0.057 0.291
0.314 0.054 0.291
0.314 0.051 0.290
0.314 0.049 0.290
0.315 0.046 0.290
0.314 0.044 0.289
0.314 0.041 0.288
0.314 0.039 0.288
0.315 0.036 0.288
0.316 0.033 0.289
0.299 0.033 0.272
0.270 0.035 0.244
0.268 0.033 0.242
0.277 0.030 0.250
0.283 0.026 0.256
0.281 0.024 0.254
0.278 0.022 0.250
0.277 0.020 0.249
0.275 0.018 0.247
0.274 0.016 0.246
0.273 0.014 0.244
0.272 0.011 0.243
0.271 0.009 0.241
0.269 0.007 0.240
0.267 0.005 0.238
0.265 0.004 0.235
0.260 0.003 0.230
0.256 0.002 0.225
0.251 0.001 0.221
0.246 0.000 0.216
0.241 -0.001 0.211
0.236 -0.002 0.206
0.231 -0.003 0.201
0.226 -0.003 0.196
0.221 -0.004 0.191
0.214 -0.004 0.184
0.208 -0.003 0.178
0.201 -0.003 0.172
0.195 -0.003 0.166
0.189 -0.003 0.160
0.184 -0.003 0.155
0.178 -0.003 0.150
0.173 -0.003 0.145
0.169 -0.003 0.140
0.164 -0.003 0.136
0.159 -0.002 0.131
0.154 -0.002 0.126
0.149 -0.002 0.121
0.144 -0.001 0.116
0.139 -0.001 0.112
0.135 -0.001 0.108
0.131 0.000 0.104
0.128 0.000 0.100
0.124 0.000 0.097
0.121 0.000 0.093
0.117 0.000 0.090
0.115 0.000 0.088
0.112 0.000 0.085
0.109 0.000 0.082
0.107 -0.001 0.080
0.105 -0.001 0.078
0.103 -0.001 0.076
0.100 -0.001 0.073
0.098 -0.002 0.072
0.096 -0.002 0.070
0.095 -0.002 0.068
0.093 -0.002 0.066
0.091 -0.003 0.064
0.089 -0.003 0.063
0.087 -0.003 0.061
0.085 -0.003 0.059
0.083 -0.003 0.057
0.082 -0.003 0.055
0.080 -0.003 0.053
0.078 -0.003 0.051
0.076 -0.004 0.049
0.074 -0.004 0.048
0.072 -0.004 0.046
0.071 -0.004 0.044
0.069 -0.004 0.043
0.067 -0.004 0.041
0.066 -0.004 0.039
0.064 -0.004 0.038
0.063 -0.004 0.036
0.061 -0.004 0.035
0.060 -0.004 0.033
0.058 -0.004 0.032
0.056 -0.004 0.030
0.055 -0.004 0.029
0.054 -0.004 0.027
0.052 -0.004 0.026
0.051 -0.004 0.025
0.049 -0.004 0.023
0.048 -0.004 0.022
0.047 -0.004 0.021
0.045 -0.004 0.019
0.044 -0.004 0.018
0.043 -0.004 0.017
0.041 -0.004 0.016
0.040 -0.003 0.014
0.039 -0.003 0.013
0.038 -0.003 0.012
0.037 -0.003 0.011
0.035 -0.003 0.010
0.034 -0.003 0.009
0.033 -0.003 0.008
0.032 -0.003 0.007
0.031 -0.003 0.006
0.030 -0.003 0.005
0.029 -0.003 0.004
0.028 -0.003 0.003
0.027 -0.003 0.002
0.026 -0.003 0.001
0.025 -0.003 0.000
0.024 -0.003 -0.001
0.023 -0.003 -0.002
0.022 -0.003 -0.003
0.022 -0.003 -0.004
0.021 -0.003 -0.004
0.020 -0.003 -0.005
0.019 -0.003 -0.006
0.018 -0.003 -0.007
0.017 -0.003 -0.008
0.017 -0.003 -0.008
0.016 -0.003 -0.009
0.015 -0.003 -0.010
0.014 -0.003 -0.011
0.014 -0.003 -0.011
0.013 -0.003 -0.012
0.012 -0.003 -0.013
0.011 -0.003 -0.014
0.010 -0.003 -0.014
0.010 -0.003 -0.015
0.009 -0.003 -0.016
0.008 -0.003 -0.017
0.008 -0.003 -0.017
0.007 -0.003 -0.018
0.006 -0.003 -0.019
0.006 -0.003 -0.019
0.005 -0.003 -0.020
0.004 -0.003 -0.020
0.004 -0.003 -0.021
0.003 -0.003 -0.022
0.003 -0.003 -0.022
0.002 -0.003 -0.023
0.001 -0.003 -0.023
0.001 -0.003 -0.024
0.000 -0.003 -0.024
-0.001 -0.002 -0.025
-0.001 -0.002 -0.026
-0.002 -0.002 -0.026
-0.002 -0.003 -0.027
-0.003 -0.003 -0.027
-0.003 -0.003 -0.028
-0.004 -0.003 -0.028
-0.004 -0.003 -0.029
-0.005 -0.003 -0.029
-0.005 -0.002 -0.030
-0.006 -0.002 -0.030
-0.006 -0.002 -0.031
-0.007 -0.002 -0.031
-0.008 -0.002 -0.032
-0.008 -0.002 -0.032
-0.009 -0.002 -0.033
-0.009 -0.002 -0.033
-0.009 -0.002 -0.034
-0.010 -0.002 -0.034
-0.010 -0.003 -0.034
-0.011 -0.002 -0.035
-0.011 -0.002 -0.036
-0.012 -0.002 -0.036
-0.012 -0.002 -0.037
-0.013 -0.001 -0.037
-0.013 -0.001 -0.038
-0.014 -0.001 -0.038
-0.014 -0.001 -0.038
-0.015 -0.001 -0.039
-0.015 -0.001 -0.039
-0.016 -0.001 -0.040
-0.016 -0.001 -0.040
-0.017 0.001 -0.041
-0.019 0.002 -0.042
-0.020 0.004 -0.044
-0.016 -0.004 -0.040
0.322 0.227 0.325
0.323 0.226 0.325
0.322 0.223 0.325
0.322 0.221 0.325
0.322 0.219 0.324
0.322 0.217 0.324
0.322 0.214 0.323
0.322 0.212 0.323
0.322 0.210 0.322
0.322 0.208 0.322
0.322 0.205 0.321
0.321 0.203 0.321
0.321 0.201 0.321
0.321 0.198 0.320
0.321 0.196 0.320
0.321 0.194 0.319
0.321 0.191 0.319
0.321 0.189 0.318
0.321 0.187 0.318
0.321 0.185 0.318
0.321 0.182 0.317
0.321 0.180 0.317
0.320 0.178 0.316
0.320 0.175 0.316
0.321 0.173 0.316
0.320 0.171 0.315
0.321 0.169 0.315
0.320 0.166 0.315
0.320 0.164 0.314
0.320 0.161 0.314
0.320 0.159 0.314
0.320 0.157 0.313
0.320 0.154 0.313
0.320 0.152 0.313
0.320 0.150 0.312
0.320 0.147 0.312
0.320 0.145 0.312
0.320 0.143 0.311
0.320 0.140 0.311
0.320 0.138 0.311
0.320 0.135 0.310
0.320 0.133 0.310
0.320 0.131 0.310
0.320 0.128 0.309
0.320 0.126 0.309
0.320 0.123 0.308
0.320 0.121 0.308
0.320 0.119 0.308
0.320 0.116 0.307
0.320 0.114 0.307
0.320 0.111 0.306
0.320 0.109 0.306
0.320 0.106 0.305
0.320 0.104 0.305
0.319 0.101 0.305
0.320 0.099 0.304
0.320 0.096 0.304
0.320 0.094 0.304
0.319 0.091 0.303
0.319 0.089 0.303
0.319 0.086 0.302
0.319 0.084 0.301
0.318 0.081 0.301
0.317 0.079 0.299
0.317 0.076 0.299
0.316 0.074 0.297
0.315 0.072 0.296
0.315 0.069 0.295
0.314 0.067 0.295
0.314 0.064 0.294
0.314 0.061 0.294
0.314 0.059 0.293
0.314 0.056 0.293
0.313 0.054 0.292
0.313 0.051 0.291
0.313 0.049 0.291
0.313 0.046 0.290
0.313 0.044 0.290
0.313 0.041 0.289
0.313 0.039 0.289
0.314 0.036 0.290
0.317 0.033 0.292
0.307 0.032 0.283
0.269 0.035 0.245
0.267 0.033 0.243
0.276 0.029 0.251
0.282 0.026 0.257
0.281 0.024 0.256
0.278 0.022 0.252
0.277 0.020 0.251
0.275 0.018 0.249
0.274 0.015 0.248
0.273 0.013 0.246
0.272 0.011 0.245
0.270 0.009 0.243
0.268 0.007 0.241
0.266 0.005 0.239
0.263 0.004 0.235
0.259 0.003 0.231
0.254 0.002 0.226
0.249 0.001 0.221
0.244 0.000 0.216
0.239 -0.001 0.211
0.235 -0.002 0.207
0.230 -0.003 0.202
0.225 -0.003 0.197
0.220 -0.004 0.191
0.213 -0.004 0.185
0.206 -0.003 0.178
0.200 -0.003 0.172
0.194 -0.003 0.166
0.188 -0.003 0.160
0.183 -0.003 0.155
0.178 -0.003 0.150
0.173 -0.003 0.146
0.168 -0.003 0.141
0.164 -0.003 0.137
0.159 -0.003 0.132
0.154 -0.002 0.127
0.148 -0.002 0.122
0.143 -0.001 0.117
0.138 -0.001 0.112
0.134 -0.001 0.108
0.130 0.000 0.104
0.126 0.000 0.100
0.123 0.000 0.097
0.119 0.000 0.094
0.116 0.000 0.091
0.114 0.000 0.088
0.111 0.000 0.086
0.109 0.000 0.083
0.106 -0.001 0.081
0.104 -0.001 0.078
0.102 -0.001 0.076
0.100 -0.001 0.074
0.098 -0.002 0.072
0.096 -0.002 0.070
0.094 -0.002 0.069
0.092 -0.003 0.067
0.090 -0.003 0.065
0.088 -0.003 0.063
0.087 -0.003 0.061
0.085 -0.003 0.059
0.083 -0.003 0.057
0.081 -0.003 0.055
0.079 -0.003 0.053
0.077 -0.003 0.051
0.075 -0.003 0.050
0.073 -0.004 0.048
0.072 -0.004 0.046
0.070 -0.004 0.044
0.068 -0.004 0.043
0.067 -0.004 0.041
0.065 -0.004 0.040
0.064 -0.004 0.038
0.062 -0.004 0.037
0.060 -0.004 0.035
0.059 -0.004 0.034
0.057 -0.004 0.032
0.056 -0.004 0.031
0.054 -0.004 0.029
0.053 -0.004 0.028
0.051 -0.004 0.026
0.050 -0.004 0.025
0.049 -0.004 0.024
0.047 -0.004 0.022
0.046 -0.004 0.021
0.045 -0.004 0.020
0.044 -0.004 0.018
0.042 -0.004 0.017
0.041 -0.004 0.016
0.040 -0.003 0.015
0.038 -0.003 0.013
0.037 -0.003 0.012
0.036 -0.003 0.011
0.035 -0.003 0.010
0.034 -0.003 0.009
0.033 -0.003 0.008
0.032 -0.003 0.007
0.031 -0.003 0.006
0.030 -0.003 0.005
0.029 -0.003 0.004
0.027 -0.003 0.003
0.027 -0.003 0.002
0.026 -0.003 0.001
0.025 -0.003 0.000
0.024 -0.003 -0.001
0.023 -0.003 -0.002
0.022 -0.003 -0.002
0.021 -0.003 -0.003
0.020 -0.003 -0.004
0.020 -0.003 -0.005
0.019 -0.003 -0.006
0.018 -0.003 -0.007
0.017 -0.003 -0.007
0.016 -0.003 -0.008
0.015 -0.003 -0.009
0.015 -0.003 -0.010
0.014 -0.003 -0.010
0.013 -0.003 -0.011
0.012 -0.003 -0.012
0.012 -0.003 -0.013
0.011 -0.003 -0.013
0.010 -0.003 -0.014
0.010 -0.003 -0.015
0.009 -0.003 -0.015
0.008 -0.003 -0.016
0.007 -0.003 -0.017
0.007 -0.003 -0.018
0.006 -0.003 -0.018
0.005 -0.003 -0.019
0.005 -0.003 -0.020
0.004 -0.003 -0.020
0.003 -0.003 -0.021
0.003 -0.003 -0.021
0.002 -0.003 -0.022
0.002 -0.003 -0.023
0.001 -0.003 -0.023
0.000 -0.003 -0.024
0.000 -0.003 -0.024
-0.001 -0.003 -0.025
-0.002 -0.002 -0.026
-0.002 -0.003 -0.026
-0.003 -0.002 -0.027
-0.003 -0.003 -0.027
-0.004 -0.003 -0.028
-0.004 -0.003 -0.028
-0.005 -0.003 -0.029
-0.005 -0.002 -0.029
-0.006 -0.002 -0.030
-0.006 -0.002 -0.030
-0.007 -0.002 -0.031
-0.007 -0.002 -0.031
-0.008 -0.002 -0.032
-0.008 -0.003 -0.032
-0.009 -0.002 -0.033
-0.009 -0.002 -0.033
-0.010 -0.002 -0.033
-0.010 -0.003 -0.034
-0.010 -0.003 -0.034
-0.011 -0.003 -0.035
-0.011 -0.002 -0.035
-0.012 -0.002 -0.036
-0.013 -0.002 -0.036
-0.013 -0.001 -0.037
-0.014 -0.001 -0.037
-0.014 -0.001 -0.038
-0.015 -0.001 -0.038
-0.015 -0.001 -0.039
-0.015 -0.001 -0.039
-0.016 -0.001 -0.040
-0.017 -0.001 -0.040
-0.018 0.000 -0.041
-0.019 0.002 -0.042
-0.021 0.004 -0.043
-0.016 -0.004 -0.040
0.321 0.227 0.326
0.321 0.226 0.326
0.321 0.223 0.326
0.321 0.221 0.325
0.321 0.219 0.325
0.321 0.217 0.324
0.321 0.214 0.324
0.321 0.212 0.324
0.321 0.210 0.323
0.320 0.207 0.323
0.320 0.205 0.322
0.320 0.203 0.322
0.320 0.201 0.322
0.320 0.198 0.321
0.320 0.196 0.321
0.320 0.194 0.320
0.320 0.192 0.320
0.320 0.189 0.319
0.320 0.187 0.319
0.320 0.185 0.319
0.320 0.182 0.318
0.319 0.180 0.318
0.319 0.178 0.317
0.319 0.175 0.317
0.319 0.173 0.317
0.319 0.171 0.316
0.319 0.168 0.316
0.319 0.166 0.316
0.319 0.164 0.315
0.319 0.161 0.315
0.319 0.159 0.315
0.319 0.157 0.314
0.319 0.154 0.314
0.319 0.152 0.314
0.319 0.150 0.313
0.319 0.147 0.313
0.319 0.145 0.313
0.319 0.143 0.312
0.319 0.140 0.312
0.319 0.138 0.312
0.319 0.135 0.311
0.319 0.133 0.311
0.319 0.131 0.311
0.319 0.128 0.310
0.319 0.126 0.310
0.319 0.123 0.309
0.319 0.121 0.309
0.319 0.119 0.308
0.319 0.116 0.308
0.319 0.114 0.308
0.318 0.111 0.307
0.318 0.109 0.307
0.318 0.106 0.306
0.318 0.104 0.306
0.318 0.101 0.306
0.318 0.099 0.305
0.318 0.096 0.305
0.318 0.094 0.304
0.318 0.091 0.304
0.318 0.089 0.304
0.318 0.086 0.303
0.318 0.084 0.303
0.317 0.081 0.301
0.316 0.079 0.300
0.315 0.076 0.299
0.315 0.074 0.298
0.314 0.071 0.297
0.313 0.069 0.296
0.313 0.066 0.296
0.313 0.064 0.295
0.313 0.061 0.295
0.313 0.059 0.294
0.313 0.056 0.294
0.313 0.054 0.293
0.312 0.051 0.292
0.312 0.049 0.292
0.312 0.046 0.291
0.312 0.044 0.291
0.312 0.041 0.290
0.312 0.038 0.291
0.312 0.036 0.291
0.316 0.033 0.294
0.312 0.031 0.290
0.269 0.035 0.247
0.267 0.033 0.245
0.273 0.030 0.251
0.281 0.026 0.258
0.281 0.023 0.257
0.278 0.022 0.254
0.277 0.019 0.253
0.275 0.017 0.251
0.274 0.015 0.250
0.273 0.013 0.248
0.272 0.011 0.247
0.270 0.009 0.245
0.268 0.007 0.242
0.265 0.005 0.240
0.262 0.004 0.236
0.258 0.003 0.232
0.253 0.002 0.227
0.248 0.001 0.222
0.243 0.000 0.217
0.238 -0.001 0.212
0.233 -0.002 0.207
0.229 -0.003 0.202
0.224 -0.003 0.197
0.218 -0.003 0.191
0.211 -0.003 0.185
0.205 -0.003 0.178
0.198 -0.003 0.172
0.192 -0.003 0.166
0.187 -0.003 0.161
0.181 -0.003 0.156
0.177 -0.003 0.151
0.172 -0.003 0.146
0.167 -0.003 0.142
0.163 -0.003 0.137
0.158 -0.003 0.132
0.153 -0.002 0.127
0.148 -0.002 0.122
0.142 -0.001 0.117
0.137 -0.001 0.112
0.133 0.000 0.108
0.129 0.000 0.104
0.125 0.000 0.101
0.122 0.000 0.097
0.118 0.000 0.094
0.115 0.000 0.091
0.113 0.000 0.089
0.111 0.000 0.086
0.108 0.000 0.083
0.106 -0.001 0.081
0.103 -0.001 0.079
0.101 -0.001 0.077
0.099 -0.001 0.075
0.097 -0.002 0.073
0.096 -0.002 0.071
0.094 -0.003 0.069
0.092 -0.003 0.067
0.090 -0.003 0.065
0.088 -0.003 0.063
0.086 -0.003 0.061
0.084 -0.003 0.059
0.082 -0.003 0.057
0.080 -0.003 0.055
0.078 -0.003 0.053
0.076 -0.003 0.052
0.075 -0.003 0.050
0.073 -0.003 0.048
0.071 -0.004 0.047
0.069 -0.004 0.045
0.068 -0.004 0.043
0.066 -0.004 0.042
0.065 -0.004 0.040
0.063 -0.004 0.038
0.061 -0.004 0.037
0.060 -0.004 0.035
0.058 -0.004 0.034
0.057 -0.004 0.032
0.055 -0.004 0.031
0.054 -0.004 0.029
0.052 -0.004 0.028
0.051 -0.004 0.027
0.050 -0.004 0.025
0.048 -0.004 0.024
0.047 -0.004 0.022
0.046 -0.004 0.021
0.044 -0.004 0.020
0.043 -0.004 0.019
0.042 -0.004 0.017
0.040 -0.003 0.016
0.039 -0.004 0.015
0.038 -0.003 0.014
0.037 -0.003 0.013
0.036 -0.003 0.011
0.034 -0.003 0.010
0.033 -0.003 0.009
0.032 -0.003 0.008
0.031 -0.003 0.007
0.030 -0.003 0.006
0.029 -0.003 0.005
0.028 -0.003 0.004
0.027 -0.003 0.003
0.026 -0.003 0.002
0.025 -0.003 0.001
0.024 -0.003 0.000
0.023 -0.003 0.000
0.023 -0.003 -0.001
0.022 -0.003 -0.002
0.021 -0.003 -0.003
0.020 -0.003 -0.004
0.019 -0.003 -0.005
0.018 -0.003 -0.005
0.018 -0.003 -0.006
0.017 -0.003 -0.007
0.016 -0.003 -0.008
0.015 -0.003 -0.009
0.014 -0.003 -0.010
0.014 -0.003 -0.010
0.013 -0.003 -0.011
0.012 -0.003 -0.012
0.011 -0.003 -0.012
0.011 -0.003 -0.013
0.010 -0.003 -0.014
0.009 -0.003 -0.015
0.009 -0.003 -0.015
0.008 -0.003 -0.016
0.007 -0.003 -0.017
0.006 -0.003 -0.017
0.006 -0.003 -0.018
0.005 -0.003 -0.019
0.005 -0.003 -0.019
0.004 -0.003 -0.020
0.003 -0.003 -0.021
0.002 -0.003 -0.021
0.002 -0.003 -0.022
0.001 -0.003 -0.022
0.001 -0.003 -0.023
0.000 -0.003 -0.023
-0.001 -0.003 -0.024
-0.001 -0.003 -0.025
-0.002 -0.003 -0.025
-0.002 -0.003 -0.026
-0.003 -0.003 -0.026
-0.003 -0.003 -0.027
-0.004 -0.003 -0.027
-0.004 -0.003 -0.028
-0.005 -0.003 -0.028
-0.006 -0.002 -0.029
-0.006 -0.002 -0.030
-0.007 -0.002 -0.030
-0.007 -0.002 -0.031
-0.007 -0.002 -0.031
-0.008 -0.002 -0.031
-0.008 -0.003 -0.032
-0.009 -0.003 -0.032
-0.009 -0.003 -0.033
-0.010 -0.003 -0.033
-0.010 -0.003 -0.033
-0.010 -0.003 -0.034
-0.011 -0.003 -0.034
-0.012 -0.003 -0.035
-0.012 -0.002 -0.036
-0.013 -0.002 -0.036
-0.013 -0.002 -0.037
-0.014 -0.002 -0.037
-0.014 -0.002 -0.037
-0.015 -0.001 -0.038
-0.015 -0.001 -0.038
-0.016 -0.001 -0.039
-0.016 -0.001 -0.039
-0.017 -0.001 -0.040
-0.018 0.000 -0.041
-0.019 0.002 -0.042
-0.021 0.003 -0.043
-0.016 -0.005 -0.040
0.320 0.228 0.327
0.321 0.226 0.328
0.320 0.223 0.327
0.320 0.221 0.327
0.320 0.219 0.326
0.320 0.216 0.325
0.319 0.214 0.325
0.319 0.212 0.324
0.319 0.210 0.324
0.319 0.207 0.324
0.319 0.205 0.323
0.319 0.203 0.323
0.319 0.201 0.322
0.319 0.198 0.322
0.319 0.196 0.322
0.319 0.194 0.321
0.319 0.192 0.321
0.319 0.189 0.321
0.319 0.187 0.320
0.318 0.185 0.320
0.318 0.182 0.319
0.318 0.180 0.319
0.318 0.178 0.319
0.318 0.175 0.318
0.318 0.173 0.318
0.318 0.171 0.317
0.318 0.168 0.317
0.318 0.166 0.317
0.318 0.164 0.316
0.318 0.161 0.316
0.318 0.159 0.316
0.318 0.157 0.315
0.318 0.154 0.315
0.318 0.152 0.315
0.318 0.150 0.314
0.318 0.147 0.314
0.318 0.145 0.314
0.318 0.143 0.313
0.318 0.140 0.313
0.318 0.138 0.313
0.318 0.135 0.312
0.318 0.133 0.312
0.318 0.131 0.312
0.318 0.128 0.311
0.318 0.126 0.311
0.318 0.123 0.310
0.317 0.121 0.310
0.317 0.118 0.309
0.317 0.116 0.309
0.317 0.114 0.309
0.317 0.111 0.308
0.317 0.109 0.308
0.317 0.106 0.307
0.317 0.104 0.307
0.317 0.101 0.307
0.317 0.099 0.306
0.317 0.096 0.306
0.317 0.094 0.305
0.317 0.091 0.305
0.317 0.089 0.305
0.317 0.086 0.304
0.316 0.084 0.304
0.316 0.081 0.302
0.315 0.079 0.301
0.314 0.076 0.300
0.313 0.074 0.299
0.313 0.071 0.298
0.313 0.069 0.298
0.312 0.066 0.297
0.312 0.064 0.297
0.312 0.061 0.296
0.312 0.059 0.295
0.312 0.056 0.295
0.311 0.054 0.294
0.311 0.051 0.294
0.311 0.049 0.293
0.310 0.046 0.292
0.311 0.044 0.292
0.311 0.041 0.292
0.311 0.038 0.292
0.311 0.036 0.292
0.314 0.033 0.294
0.313 0.030 0.293
0.269 0.035 0.249
0.266 0.033 0.246
0.271 0.030 0.251
0.279 0.026 0.258
0.279 0.023 0.258
0.277 0.021 0.256
0.276 0.019 0.255
0.275 0.017 0.253
0.274 0.015 0.251
0.272 0.013 0.250
0.271 0.011 0.249
0.270 0.009 0.246
0.267 0.007 0.244
0.265 0.005 0.241
0.261 0.004 0.237
0.256 0.003 0.232
0.251 0.002 0.227
0.247 0.001 0.223
0.242 0.000 0.218
0.237 -0.001 0.213
0.232 -0.002 0.208
0.227 -0.003 0.203
0.221 -0.003 0.197
0.216 -0.003 0.191
0.209 -0.003 0.185
0.203 -0.003 0.179
0.197 -0.003 0.172
0.191 -0.003 0.166
0.185 -0.003 0.161
0.180 -0.003 0.156
0.175 -0.003 0.151
0.171 -0.003 0.147
0.166 -0.003 0.142
0.162 -0.003 0.138
0.157 -0.003 0.133
0.152 -0.003 0.128
0.147 -0.002 0.123
0.142 -0.002 0.118
0.137 -0.001 0.113
0.132 -0.001 0.109
0.128 0.000 0.105
0.124 0.000 0.101
0.121 0.000 0.098
0.118 0.000 0.094
0.115 0.000 0.092
0.112 0.000 0.089
0.110 0.000 0.087
0.107 -0.001 0.084
0.105 -0.001 0.082
0.103 -0.001 0.079
0.101 -0.001 0.077
0.099 -0.002 0.075
0.097 -0.002 0.074
0.095 -0.002 0.072
0.093 -0.002 0.070
0.091 -0.003 0.067
0.089 -0.003 0.065
0.087 -0.003 0.063
0.085 -0.003 0.061
0.083 -0.003 0.059
0.081 -0.003 0.057
0.079 -0.003 0.055
0.077 -0.003 0.054
0.076 -0.003 0.052
0.074 -0.003 0.050
0.072 -0.004 0.049
0.070 -0.004 0.047
0.069 -0.004 0.045
0.067 -0.004 0.044
0.066 -0.004 0.042
0.064 -0.004 0.040
0.062 -0.004 0.039
0.061 -0.004 0.037
0.059 -0.004 0.036
0.058 -0.004 0.034
0.056 -0.004 0.033
0.055 -0.004 0.031
0.053 -0.004 0.030
0.052 -0.004 0.028
0.050 -0.004 0.027
0.049 -0.004 0.026
0.048 -0.004 0.024
0.046 -0.004 0.023
0.045 -0.004 0.021
0.044 -0.004 0.020
0.042 -0.004 0.019
0.041 -0.004 0.018
0.040 -0.003 0.016
0.039 -0.004 0.015
0.037 -0.003 0.014
0.036 -0.003 0.013
0.035 -0.003 0.012
0.034 -0.003 0.011
0.033 -0.003 0.010
0.032 -0.003 0.009
0.031 -0.003 0.008
0.030 -0.003 0.006
0.029 -0.003 0.005
0.028 -0.003 0.004
0.027 -0.003 0.003
0.026 -0.003 0.003
0.025 -0.003 0.002
0.024 -0.003 0.001
0.023 -0.003 0.000
0.022 -0.003 -0.001
0.021 -0.003 -0.002
0.021 -0.003 -0.003
0.020 -0.003 -0.004
0.019 -0.003 -0.004
0.018 -0.003 -0.005
0.017 -0.003 -0.006
0.016 -0.003 -0.007
0.016 -0.003 -0.008
0.015 -0.003 -0.008
0.014 -0.003 -0.009
0.013 -0.003 -0.010
0.013 -0.003 -0.011
0.012 -0.003 -0.011
0.011 -0.003 -0.012
0.010 -0.003 -0.013
0.010 -0.003 -0.013
0.009 -0.003 -0.014
0.008 -0.003 -0.015
0.008 -0.003 -0.016
0.007 -0.003 -0.016
0.006 -0.003 -0.017
0.005 -0.003 -0.018
0.005 -0.003 -0.018
0.004 -0.003 -0.019
0.004 -0.003 -0.020
0.003 -0.003 -0.020
0.002 -0.003 -0.021
0.002 -0.003 -0.022
0.001 -0.003 -0.022
0.000 -0.003 -0.023
0.000 -0.003 -0.023
-0.001 -0.003 -0.024
-0.001 -0.003 -0.024
-0.002 -0.003 -0.025
-0.002 -0.003 -0.025
-0.003 -0.003 -0.026
-0.003 -0.003 -0.026
-0.004 -0.003 -0.027
-0.004 -0.003 -0.028
-0.005 -0.003 -0.028
-0.006 -0.003 -0.029
-0.006 -0.002 -0.029
-0.007 -0.002 -0.030
-0.007 -0.002 -0.030
-0.008 -0.003 -0.031
-0.008 -0.003 -0.031
-0.009 -0.003 -0.032
-0.009 -0.003 -0.032
-0.009 -0.003 -0.032
-0.010 -0.003 -0.033
-0.010 -0.003 -0.033
-0.011 -0.003 -0.034
-0.011 -0.003 -0.034
-0.012 -0.003 -0.035
-0.013 -0.002 -0.035
-0.013 -0.002 -0.036
-0.013 -0.002 -0.036
-0.014 -0.002 -0.037
-0.014 -0.002 -0.037
-0.015 -0.002 -0.038
-0.015 -0.001 -0.038
-0.016 -0.001 -0.039
-0.016 -0.001 -0.039
-0.017 -0.001 -0.040
-0.018 0.000 -0.041
-0.019 0.002 -0.042
-0.021 0.003 -0.043
-0.016 -0.005 -0.039
0.319 0.228 0.328
0.319 0.226 0.329
0.319 0.223 0.328
0.319 0.221 0.327
0.319 0.219 0.327
0.319 0.216 0.326
0.318 0.214 0.326
0.318 0.212 0.326
0.318 0.210 0.325
0.318 0.207 0.325
0.318 0.205 0.324
0.318 0.203 0.324
0.318 0.201 0.323
0.318 0.198 0.323
0.318 0.196 0.323
0.318 0.194 0.322
0.317 0.191 0.322
0.317 0.189 0.322
0.317 0.187 0.321
0.317 0.185 0.321
0.317 0.182 0.320
0.317 0.180 0.320
0.317 0.178 0.320
0.317 0.175 0.319
0.317 0.173 0.319
0.317 0.171 0.319
0.317 0.168 0.318
0.317 0.166 0.318
0.317 0.164 0.317
0.317 0.161 0.317
0.317 0.159 0.317
0.317 0.157 0.316
0.317 0.154 0.316
0.317 0.152 0.316
0.317 0.150 0.315
0.317 0.147 0.315
0.317 0.145 0.315
0.317 0.143 0.314
0.317 0.140 0.314
0.317 0.138 0.314
0.317 0.135 0.313
0.317 0.133 0.313
0.317 0.131 0.313
0.317 0.128 0.312
0.317 0.126 0.312
0.316 0.123 0.311
0.316 0.121 0.311
0.316 0.118 0.311
0.316 0.116 0.310
0.316 0.114 0.309
0.316 0.111 0.309
0.316 0.109 0.309
0.316 0.106 0.309
0.316 0.104 0.308
0.316 0.101 0.308
0.316 0.099 0.307
0.316 0.096 0.307
0.316 0.094 0.306
0.315 0.091 0.306
0.316 0.089 0.306
0.316 0.086 0.305
0.315 0.084 0.305
0.314 0.081 0.303
0.314 0.079 0.303
0.313 0.076 0.301
0.312 0.074 0.301
0.312 0.071 0.300
0.312 0.069 0.299
0.311 0.066 0.298
0.311 0.064 0.298
0.311 0.061 0.297
0.311 0.059 0.297
0.310 0.056 0.296
0.310 0.054 0.295
0.310 0.051 0.295
0.310 0.049 0.294
0.310 0.046 0.294
0.310 0.043 0.294
0.310 0.041 0.293
0.310 0.038 0.293
0.310 0.036 0.293
0.312 0.033 0.294
0.313 0.030 0.295
0.270 0.034 0.253
0.265 0.033 0.248
0.269 0.030 0.251
0.276 0.026 0.258
0.278 0.023 0.259
0.276 0.021 0.257
0.275 0.019 0.256
0.274 0.017 0.254
0.273 0.015 0.253
0.272 0.013 0.252
0.271 0.010 0.250
0.269 0.008 0.248
0.267 0.007 0.245
0.264 0.005 0.242
0.260 0.004 0.238
0.255 0.003 0.233
0.250 0.001 0.228
0.246 0.001 0.223
0.241 0.000 0.219
0.236 -0.001 0.214
0.231 -0.002 0.208
0.225 -0.002 0.203
0.219 -0.003 0.197
0.213 -0.003 0.191
0.208 -0.003 0.185
0.201 -0.003 0.179
0.195 -0.003 0.173
0.189 -0.003 0.167
0.184 -0.003 0.161
0.179 -0.003 0.156
0.174 -0.003 0.152
0.169 -0.003 0.147
0.165 -0.003 0.142
0.160 -0.003 0.138
0.156 -0.003 0.133
0.151 -0.003 0.129
0.146 -0.002 0.124
0.141 -0.002 0.119
0.136 -0.001 0.114
0.132 -0.001 0.109
0.127 0.000 0.105
0.123 0.000 0.101
0.120 0.000 0.098
0.117 0.000 0.095
0.114 0.000 0.092
0.112 0.000 0.090
0.109 0.000 0.087
0.107 -0.001 0.085
0.104 -0.001 0.082
0.102 -0.001 0.080
0.100 -0.001 0.078
0.099 -0.002 0.076
0.097 -0.002 0.074
0.095 -0.002 0.072
0.092 -0.002 0.070
0.090 -0.002 0.068
0.088 -0.003 0.066
0.086 -0.003 0.064
0.084 -0.003 0.062
0.082 -0.003 0.060
0.080 -0.003 0.058
0.079 -0.003 0.056
0.077 -0.003 0.054
0.075 -0.003 0.052
0.073 -0.004 0.051
0.072 -0.004 0.049
0.070 -0.004 0.047
0.068 -0.004 0.046
0.067 -0.004 0.044
0.065 -0.004 0.042
0.063 -0.004 0.041
0.062 -0.004 0.039
0.060 -0.004 0.037
0.059 -0.004 0.036
0.057 -0.004 0.034
0.056 -0.004 0.033
0.054 -0.004 0.031
0.053 -0.004 0.030
0.051 -0.004 0.029
0.050 -0.004 0.027
0.049 -0.004 0.026
0.047 -0.004 0.024
0.046 -0.004 0.023
0.044 -0.004 0.022
0.043 -0.004 0.020
0.042 -0.004 0.019
0.041 -0.004 0.018
0.039 -0.004 0.017
0.038 -0.004 0.016
0.037 -0.004 0.014
0.036 -0.004 0.013
0.035 -0.004 0.012
0.034 -0.003 0.011
0.033 -0.003 0.010
0.032 -0.003 0.009
0.031 -0.003 0.008
0.029 -0.003 0.007
0.028 -0.003 0.006
0.027 -0.003 0.005
0.026 -0.003 0.004
0.025 -0.003 0.003
0.025 -0.003 0.002
0.024 -0.003 0.001
0.023 -0.003 0.000
0.022 -0.003 -0.001
0.021 -0.003 -0.002
0.020 -0.003 -0.002
0.019 -0.003 -0.003
0.018 -0.003 -0.004
0.018 -0.003 -0.005
0.017 -0.003 -0.006
0.016 -0.003 -0.006
0.015 -0.003 -0.007
0.015 -0.003 -0.008
0.014 -0.003 -0.009
0.013 -0.003 -0.010
0.012 -0.003 -0.010
0.012 -0.003 -0.011
0.011 -0.003 -0.012
0.010 -0.003 -0.012
0.009 -0.003 -0.013
0.009 -0.003 -0.014
0.008 -0.003 -0.015
0.007 -0.003 -0.015
0.007 -0.003 -0.016
0.006 -0.003 -0.017
0.005 -0.003 -0.017
0.005 -0.003 -0.018
0.004 -0.003 -0.019
0.003 -0.003 -0.019
0.003 -0.003 -0.020
0.002 -0.003 -0.020
0.001 -0.003 -0.021
0.001 -0.003 -0.022
0.000 -0.003 -0.022
0.000 -0.003 -0.023
-0.001 -0.003 -0.024
-0.002 -0.003 -0.024
-0.002 -0.003 -0.025
-0.002 -0.003 -0.025
-0.003 -0.003 -0.026
-0.004 -0.003 -0.026
-0.004 -0.003 -0.027
-0.005 -0.003 -0.027
-0.005 -0.003 -0.028
-0.006 -0.003 -0.028
-0.007 -0.003 -0.029
-0.007 -0.003 -0.029
-0.007 -0.003 -0.030
-0.008 -0.003 -0.030
-0.008 -0.003 -0.031
-0.009 -0.003 -0.031
-0.009 -0.003 -0.032
-0.010 -0.003 -0.032
-0.010 -0.003 -0.033
-0.010 -0.003 -0.033
-0.011 -0.003 -0.033
-0.011 -0.003 -0.034
-0.012 -0.003 -0.035
-0.013 -0.002 -0.035
-0.013 -0.002 -0.036
-0.014 -0.002 -0.036
-0.014 -0.002 -0.036
-0.015 -0.002 -0.037
-0.015 -0.002 -0.037
-0.016 -0.001 -0.038
-0.016 -0.001 -0.039
-0.017 -0.001 -0.039
-0.017 -0.001 -0.040
-0.018 0.000 -0.040
-0.019 0.001 -0.041
-0.021 0.003 -0.043
-0.016 -0.005 -0.039
0.318 0.228 0.329
0.318 0.226 0.329
0.318 0.223 0.329
0.318 0.221 0.328
0.317 0.219 0.328
0.317 0.216 0.327
0.317 0.214 0.327
0.317 0.212 0.327
0.317 0.210 0.326
0.317 0.207 0.326
0.317 0.205 0.325
0.317 0.203 0.325
0.317 0.201 0.325
0.316 0.198 0.324
0.316 0.196 0.324
0.316 0.194 0.323
0.316 0.191 0.323
0.316 0.189 0.323
0.316 0.187 0.322
0.316 0.185 0.322
0.316 0.182 0.321
0.316 0.180 0.321
0.316 0.178 0.321
0.316 0.175 0.320
0.316 0.173 0.320
0.316 0.171 0.319
0.316 0.168 0.319
0.316 0.166 0.319
0.316 0.164 0.318
0.316 0.161 0.318
0.316 0.159 0.318
0.316 0.157 0.317
0.316 0.154 0.317
0.316 0.152 0.317
0.316 0.150 0.316
0.316 0.147 0.316
0.316 0.145 0.316
0.316 0.143 0.315
0.316 0.140 0.315
0.316 0.138 0.315
0.316 0.135 0.315
0.316 0.133 0.314
0.316 0.131 0.314
0.315 0.128 0.313
0.315 0.126 0.313
0.315 0.123 0.312
0.315 0.121 0.312
0.315 0.118 0.312
0.315 0.116 0.311
0.315 0.114 0.311
0.315 0.111 0.310
0.315 0.109 0.310
0.315 0.106 0.309
0.315 0.104 0.309
0.314 0.101 0.309
0.315 0.099 0.309
0.315 0.096 0.308
0.315 0.094 0.308
0.314 0.091 0.307
0.314 0.089 0.307
0.314 0.086 0.306
0.314 0.084 0.306
0.313 0.081 0.305
0.312 0.079 0.303
0.312 0.076 0.303
0.311 0.074 0.302
0.311 0.071 0.301
0.311 0.069 0.300
0.310 0.066 0.299
0.310 0.064 0.299
0.310 0.061 0.298
0.310 0.059 0.298
0.309 0.056 0.297
0.309 0.054 0.297
0.309 0.051 0.296
0.309 0.049 0.296
0.309 0.046 0.295
0.309 0.043 0.295
0.309 0.041 0.295
0.309 0.038 0.294
0.309 0.036 0.294
0.309 0.033 0.294
0.311 0.030 0.295
0.281 0.032 0.265
0.267 0.032 0.251
0.267 0.030 0.251
0.272 0.027 0.256
0.275 0.024 0.258
0.274 0.022 0.257
0.274 0.019 0.256
0.272 0.017 0.255
0.272 0.015 0.254
0.271 0.013 0.252
0.270 0.010 0.251
0.268 0.008 0.249
0.266 0.007 0.246
0.262 0.005 0.243
0.258 0.004 0.239
0.254 0.002 0.234
0.250 0.001 0.230
0.245 0.000 0.225
0.240 -0.001 0.220
0.235 -0.001 0.215
0.229 -0.002 0.209
0.223 -0.002 0.203
0.217 -0.002 0.196
0.211 -0.002 0.190
0.206 -0.003 0.185
0.200 -0.003 0.179
0.194 -0.003 0.173
0.188 -0.003 0.167
0.183 -0.003 0.162
0.178 -0.003 0.157
0.173 -0.003 0.152
0.168 -0.003 0.147
0.164 -0.003 0.143
0.159 -0.003 0.138
0.155 -0.003 0.134
0.150 -0.003 0.129
0.146 -0.002 0.124
0.140 -0.002 0.119
0.136 -0.001 0.115
0.131 -0.001 0.110
0.127 0.000 0.106
0.122 0.000 0.102
0.119 0.000 0.098
0.116 0.000 0.095
0.113 0.000 0.092
0.111 0.000 0.090
0.109 0.000 0.087
0.106 -0.001 0.085
0.104 -0.001 0.083
0.102 -0.001 0.081
0.100 -0.002 0.079
0.098 -0.002 0.077
0.096 -0.002 0.075
0.094 -0.002 0.072
0.091 -0.002 0.070
0.089 -0.002 0.068
0.087 -0.002 0.066
0.085 -0.003 0.064
0.083 -0.003 0.062
0.081 -0.003 0.060
0.080 -0.003 0.058
0.078 -0.003 0.056
0.076 -0.003 0.054
0.074 -0.003 0.053
0.073 -0.003 0.051
0.071 -0.004 0.049
0.069 -0.004 0.048
0.068 -0.004 0.046
0.066 -0.004 0.044
0.064 -0.004 0.043
0.063 -0.004 0.041
0.061 -0.004 0.039
0.060 -0.004 0.038
0.058 -0.004 0.036
0.057 -0.004 0.035
0.055 -0.004 0.033
0.054 -0.004 0.032
0.052 -0.004 0.030
0.051 -0.004 0.029
0.049 -0.004 0.027
0.048 -0.004 0.026
0.047 -0.004 0.025
0.045 -0.004 0.023
0.044 -0.004 0.022
0.043 -0.004 0.021
0.041 -0.004 0.020
0.040 -0.004 0.018
0.039 -0.004 0.017
0.038 -0.004 0.016
0.037 -0.004 0.015
0.036 -0.004 0.014
0.034 -0.003 0.012
0.033 -0.004 0.011
0.032 -0.003 0.010
0.031 -0.003 0.009
0.030 -0.003 0.008
0.029 -0.003 0.007
0.028 -0.003 0.006
0.027 -0.003 0.005
0.026 -0.003 0.004
0.025 -0.003 0.003
0.024 -0.003 0.002
0.023 -0.003 0.001
0.022 -0.003 0.000
0.022 -0.003 0.000
0.021 -0.003 -0.001
0.020 -0.003 -0.002
0.019 -0.003 -0.003
0.018 -0.003 -0.004
0.017 -0.003 -0.005
0.017 -0.003 -0.005
0.016 -0.003 -0.006
0.015 -0.003 -0.007
0.014 -0.003 -0.008
0.013 -0.003 -0.009
0.013 -0.003 -0.009
0.012 -0.003 -0.010
0.011 -0.003 -0.011
0.010 -0.003 -0.012
0.010 -0.003 -0.012
0.009 -0.003 -0.013
0.009 -0.004 -0.014
0.008 -0.003 -0.014
0.007 -0.003 -0.015
0.006 -0.003 -0.016
0.006 -0.003 -0.016
0.005 -0.003 -0.017
0.004 -0.003 -0.018
0.004 -0.003 -0.018
0.003 -0.003 -0.019
0.003 -0.003 -0.020
0.002 -0.003 -0.020
0.001 -0.003 -0.021
0.000 -0.003 -0.022
0.000 -0.003 -0.022
-0.001 -0.003 -0.023
-0.001 -0.003 -0.023
-0.002 -0.003 -0.024
-0.002 -0.003 -0.024
-0.003 -0.003 -0.025
-0.003 -0.003 -0.025
-0.004 -0.003 -0.026
-0.004 -0.003 -0.026
-0.005 -0.003 -0.027
-0.006 -0.003 -0.028
-0.006 -0.003 -0.028
-0.007 -0.003 -0.029
-0.007 -0.003 -0.029
-0.008 -0.003 -0.030
-0.008 -0.003 -0.030
-0.009 -0.003 -0.031
-0.009 -0.003 -0.031
-0.009 -0.003 -0.031
-0.010 -0.003 -0.032
-0.010 -0.003 -0.032
-0.011 -0.003 -0.033
-0.011 -0.003 -0.033
-0.012 -0.003 -0.034
-0.012 -0.003 -0.034
-0.013 -0.002 -0.035
-0.013 -0.002 -0.035
-0.014 -0.002 -0.036
-0.014 -0.002 -0.036
-0.015 -0.002 -0.037
-0.015 -0.002 -0.037
-0.016 -0.002 -0.038
-0.016 -0.001 -0.038
-0.017 -0.001 -0.039
-0.017 -0.001 -0.039
-0.018 0.000 -0.040
-0.019 0.001 -0.041
-0.021 0.003 -0.042
-0.016 -0.006 -0.039
0.316 0.228 0.330
0.317 0.225 0.330
0.317 0.223 0.330
0.316 0.221 0.329
0.316 0.219 0.329
0.316 0.216 0.328
0.316 0.214 0.328
0.316 0.212 0.328
0.316 0.210 0.327
0.316 0.207 0.327
0.316 0.205 0.326
0.315 0.203 0.326
0.315 0.201 0.325
0.315 0.198 0.325
0.315 0.196 0.325
0.315 0.194 0.324
0.315 0.191 0.324
0.315 0.189 0.323
0.315 0.187 0.323
0.315 0.184 0.322
0.315 0.182 0.322
0.314 0.180 0.322
0.315 0.178 0.322
0.315 0.175 0.321
0.315 0.173 0.321
0.315 0.171 0.321
0.314 0.168 0.320
0.314 0.166 0.320
0.315 0.164 0.320
0.314 0.161 0.319
0.314 0.159 0.319
0.315 0.157 0.319
0.315 0.154 0.318
0.315 0.152 0.318
0.314 0.150 0.318
0.314 0.147 0.317
0.315 0.145 0.317
0.314 0.142 0.317
0.315 0.140 0.316
0.315 0.138 0.316
0.315 0.135 0.316
0.314 0.133 0.315
0.314 0.131 0.315
0.315 0.128 0.315
0.314 0.126 0.314
0.314 0.123 0.314
0.314 0.121 0.313
0.314 0.118 0.313
0.314 0.116 0.313
0.314 0.113 0.312
0.313 0.111 0.311
0.313 0.109 0.311
0.313 0.106 0.310
0.313 0.104 0.310
0.313 0.101 0.310
0.313 0.099 0.309
0.313 0.096 0.309
0.313 0.094 0.309
0.313 0.091 0.308
0.313 0.089 0.308
0.313 0.086 0.307
0.313 0.084 0.307
0.312 0.081 0.306
0.311 0.079 0.305
0.311 0.076 0.304
0.310 0.074 0.303
0.310 0.071 0.302
0.309 0.069 0.301
0.309 0.066 0.301
0.309 0.064 0.300
0.309 0.061 0.300
0.308 0.059 0.299
0.308 0.056 0.298
0.308 0.054 0.298
0.308 0.051 0.298
0.308 0.048 0.297
0.308 0.046 0.297
0.308 0.043 0.296
0.308 0.041 0.296
0.308 0.038 0.295
0.307 0.036 0.295
0.307 0.033 0.294
0.310 0.030 0.296
0.306 0.028 0.293
0.268 0.032 0.254
0.268 0.030 0.254
0.269 0.027 0.255
0.271 0.024 0.256
0.271 0.022 0.256
0.271 0.019 0.256
0.270 0.017 0.255
0.270 0.015 0.254
0.269 0.013 0.253
0.268 0.010 0.251
0.266 0.008 0.249
0.264 0.007 0.247
0.262 0.005 0.244
0.258 0.003 0.240
0.254 0.002 0.236
0.249 0.001 0.231
0.244 0.000 0.226
0.240 -0.001 0.221
0.235 -0.002 0.216
0.229 -0.002 0.210
0.221 -0.002 0.202
0.215 -0.002 0.196
0.209 -0.002 0.190
0.203 -0.002 0.184
0.198 -0.002 0.179
0.192 -0.003 0.173
0.187 -0.003 0.168
0.182 -0.003 0.162
0.177 -0.003 0.157
0.172 -0.003 0.152
0.167 -0.003 0.148
0.162 -0.003 0.143
0.158 -0.002 0.138
0.153 -0.002 0.134
0.149 -0.002 0.129
0.144 -0.002 0.125
0.140 -0.002 0.120
0.135 -0.001 0.115
0.130 -0.001 0.111
0.126 0.000 0.106
0.122 0.000 0.102
0.118 0.000 0.098
0.115 0.000 0.095
0.112 0.000 0.093
0.110 0.000 0.090
0.108 0.000 0.088
0.105 -0.001 0.085
0.103 -0.001 0.083
0.101 -0.001 0.081
0.099 -0.002 0.079
0.097 -0.002 0.077
0.095 -0.002 0.075
0.093 -0.002 0.072
0.091 -0.002 0.070
0.088 -0.002 0.068
0.086 -0.002 0.066
0.085 -0.003 0.064
0.083 -0.003 0.062
0.081 -0.003 0.060
0.079 -0.003 0.058
0.077 -0.003 0.057
0.075 -0.003 0.055
0.074 -0.003 0.053
0.072 -0.003 0.051
0.070 -0.004 0.050
0.069 -0.004 0.048
0.067 -0.004 0.046
0.065 -0.004 0.044
0.064 -0.004 0.043
0.062 -0.004 0.041
0.060 -0.004 0.040
0.059 -0.004 0.038
0.057 -0.004 0.037
0.056 -0.004 0.035
0.054 -0.004 0.033
0.053 -0.004 0.032
0.052 -0.004 0.031
0.050 -0.004 0.029
0.049 -0.004 0.028
0.047 -0.004 0.026
0.046 -0.004 0.025
0.045 -0.004 0.024
0.043 -0.004 0.022
0.042 -0.004 0.021
0.041 -0.004 0.020
0.040 -0.004 0.019
0.039 -0.004 0.017
0.037 -0.004 0.016
0.036 -0.004 0.015
0.035 -0.004 0.014
0.034 -0.004 0.013
0.033 -0.004 0.012
0.032 -0.003 0.011
0.031 -0.003 0.009
0.030 -0.003 0.008
0.029 -0.003 0.007
0.028 -0.004 0.007
0.027 -0.003 0.006
0.026 -0.003 0.004
0.025 -0.003 0.003
0.024 -0.003 0.003
0.023 -0.003 0.002
0.022 -0.003 0.001
0.021 -0.003 0.000
0.020 -0.003 -0.001
0.019 -0.003 -0.002
0.019 -0.003 -0.003
0.018 -0.003 -0.004
0.017 -0.003 -0.004
0.016 -0.003 -0.005
0.015 -0.003 -0.006
0.015 -0.003 -0.007
0.014 -0.003 -0.008
0.013 -0.003 -0.008
0.012 -0.003 -0.009
0.012 -0.003 -0.010
0.011 -0.003 -0.011
0.010 -0.003 -0.011
0.009 -0.003 -0.012
0.009 -0.004 -0.013
0.008 -0.004 -0.013
0.007 -0.004 -0.014
0.007 -0.003 -0.015
0.006 -0.004 -0.015
0.005 -0.003 -0.016
0.005 -0.003 -0.017
0.004 -0.003 -0.017
0.003 -0.003 -0.018
0.003 -0.004 -0.019
0.002 -0.003 -0.019
0.002 -0.003 -0.020
0.001 -0.003 -0.021
0.000 -0.003 -0.021
0.000 -0.003 -0.022
-0.001 -0.003 -0.023
-0.002 -0.003 -0.023
-0.002 -0.003 -0.024
-0.002 -0.003 -0.024
-0.003 -0.003 -0.025
-0.004 -0.003 -0.025
-0.004 -0.003 -0.026
-0.005 -0.003 -0.026
-0.005 -0.003 -0.027
-0.006 -0.003 -0.027
-0.006 -0.003 -0.028
-0.007 -0.003 -0.029
-0.008 -0.003 -0.029
-0.008 -0.003 -0.030
-0.008 -0.003 -0.030
-0.009 -0.003 -0.030
-0.009 -0.003 -0.031
-0.010 -0.003 -0.031
-0.010 -0.003 -0.032
-0.011 -0.003 -0.032
-0.011 -0.003 -0.033
-0.011 -0.003 -0.033
-0.012 -0.003 -0.033
-0.012 -0.003 -0.034
-0.013 -0.002 -0.035
-0.014 -0.002 -0.035
-0.014 -0.002 -0.036
-0.015 -0.002 -0.036
-0.015 -0.002 -0.037
-0.015 -0.002 -0.037
-0.016 -0.002 -0.038
-0.017 -0.002 -0.038
-0.017 -0.001 -0.039
-0.018 -0.001 -0.039
-0.018 -0.001 -0.040
-0.019 0.001 -0.041
-0.021 0.002 -0.042
-0.016 -0.006 -0.038
0.316 0.228 0.332
0.315 0.225 0.331
0.315 0.223 0.331
0.315 0.221 0.330
0.315 0.219 0.330
0.315 0.216 0.329
0.315 0.214 0.329
0.315 0.212 0.329
0.315 0.210 0.328
0.314 0.207 0.328
0.314 0.205 0.327
0.314 0.203 0.327
0.314 0.201 0.326
0.314 0.198 0.326
0.314 0.196 0.326
0.314 0.194 0.325
0.314 0.191 0.325
0.314 0.189 0.325
0.314 0.187 0.324
0.313 0.184 0.324
0.313 0.182 0.323
0.313 0.180 0.323
0.313 0.178 0.323
0.313 0.175 0.322
0.313 0.173 0.322
0.313 0.171 0.322
0.313 0.168 0.321
0.313 0.166 0.321
0.313 0.164 0.321
0.313 0.161 0.320
0.313 0.159 0.320
0.313 0.157 0.320
0.313 0.154 0.319
0.313 0.152 0.319
0.313 0.150 0.319
0.313 0.147 0.318
0.313 0.145 0.318
0.313 0.142 0.318
0.313 0.140 0.317
0.313 0.138 0.317
0.313 0.135 0.317
0.313 0.133 0.316
0.313 0.130 0.316
0.313 0.128 0.316
0.313 0.126 0.315
0.313 0.123 0.315
0.313 0.121 0.314
0.313 0.118 0.314
0.313 0.116 0.313
0.313 0.113 0.313
0.313 0.111 0.313
0.312 0.109 0.312
0.312 0.106 0.312
0.312 0.104 0.311
0.312 0.101 0.311
0.312 0.099 0.310
0.312 0.096 0.310
0.312 0.094 0.310
0.312 0.091 0.309
0.312 0.089 0.309
0.312 0.086 0.309
0.311 0.084 0.308
0.311 0.081 0.307
0.310 0.079 0.306
0.310 0.076 0.305
0.309 0.074 0.304
0.309 0.071 0.303
0.308 0.069 0.302
0.308 0.066 0.302
0.308 0.064 0.301
0.308 0.061 0.301
0.307 0.059 0.300
0.307 0.056 0.300
0.307 0.053 0.299
0.307 0.051 0.299
0.307 0.048 0.298
0.307 0.046 0.298
0.307 0.043 0.297
0.307 0.041 0.297
0.306 0.038 0.297
0.306 0.036 0.296
0.306 0.033 0.295
0.308 0.030 0.297
0.308 0.027 0.297
0.288 0.028 0.276
0.271 0.029 0.259
0.268 0.027 0.256
0.269 0.024 0.257
0.269 0.022 0.256
0.269 0.020 0.256
0.269 0.017 0.255
0.268 0.015 0.255
0.268 0.013 0.253
0.267 0.010 0.252
0.265 0.008 0.250
0.263 0.006 0.248
0.261 0.005 0.246
0.257 0.003 0.242
0.253 0.002 0.237
0.249 0.001 0.233
0.244 0.000 0.228
0.240 -0.001 0.223
0.234 -0.002 0.218
0.227 -0.002 0.210
0.219 -0.002 0.202
0.213 -0.002 0.196
0.207 -0.002 0.190
0.201 -0.002 0.184
0.196 -0.002 0.178
0.190 -0.002 0.173
0.185 -0.002 0.168
0.180 -0.003 0.163
0.175 -0.003 0.158
0.170 -0.002 0.152
0.166 -0.003 0.148
0.161 -0.002 0.143
0.156 -0.002 0.138
0.152 -0.002 0.134
0.148 -0.002 0.130
0.143 -0.002 0.125
0.139 -0.002 0.120
0.134 -0.001 0.116
0.130 -0.001 0.111
0.125 0.000 0.107
0.121 0.000 0.102
0.117 0.000 0.099
0.114 0.000 0.096
0.112 0.000 0.093
0.109 0.000 0.090
0.107 0.000 0.088
0.104 -0.001 0.086
0.102 -0.001 0.084
0.101 -0.001 0.082
0.098 -0.002 0.079
0.096 -0.002 0.077
0.094 -0.002 0.075
0.092 -0.002 0.073
0.090 -0.002 0.070
0.088 -0.002 0.068
0.086 -0.002 0.067
0.084 -0.003 0.064
0.082 -0.003 0.063
0.080 -0.003 0.061
0.078 -0.003 0.059
0.076 -0.003 0.057
0.075 -0.003 0.055
0.073 -0.003 0.053
0.071 -0.003 0.052
0.070 -0.003 0.050
0.068 -0.004 0.048
0.066 -0.004 0.047
0.065 -0.004 0.045
0.063 -0.004 0.043
0.062 -0.004 0.042
0.060 -0.004 0.040
0.058 -0.004 0.038
0.057 -0.004 0.037
0.055 -0.004 0.035
0.054 -0.004 0.034
0.052 -0.004 0.032
0.051 -0.004 0.031
0.050 -0.004 0.029
0.048 -0.004 0.028
0.047 -0.004 0.027
0.046 -0.004 0.025
0.044 -0.004 0.024
0.043 -0.004 0.023
0.042 -0.004 0.021
0.040 -0.004 0.020
0.039 -0.004 0.019
0.038 -0.004 0.018
0.037 -0.004 0.017
0.036 -0.004 0.015
0.035 -0.004 0.014
0.034 -0.004 0.013
0.033 -0.004 0.012
0.032 -0.004 0.011
0.030 -0.004 0.010
0.029 -0.004 0.009
0.028 -0.003 0.008
0.027 -0.004 0.007
0.026 -0.004 0.006
0.025 -0.004 0.005
0.024 -0.004 0.004
0.024 -0.004 0.003
0.023 -0.004 0.002
0.022 -0.004 0.001
0.021 -0.004 0.000
0.020 -0.004 -0.001
0.019 -0.004 -0.001
0.018 -0.004 -0.002
0.018 -0.004 -0.003
0.017 -0.004 -0.004
0.016 -0.004 -0.005
0.015 -0.003 -0.006
0.014 -0.003 -0.007
0.013 -0.003 -0.007
0.013 -0.003 -0.008
0.012 -0.003 -0.009
0.011 -0.003 -0.010
0.010 -0.003 -0.010
0.010 -0.003 -0.011
0.009 -0.003 -0.012
0.008 -0.004 -0.012
0.008 -0.004 -0.013
0.007 -0.004 -0.014
0.007 -0.004 -0.014
0.006 -0.004 -0.015
0.005 -0.004 -0.016
0.004 -0.004 -0.016
0.004 -0.004 -0.017
0.003 -0.004 -0.018
0.003 -0.004 -0.018
0.002 -0.003 -0.019
0.001 -0.004 -0.020
0.001 -0.003 -0.020
0.000 -0.003 -0.021
-0.001 -0.003 -0.022
-0.001 -0.003 -0.022
-0.002 -0.003 -0.023
-0.002 -0.003 -0.023
-0.003 -0.003 -0.024
-0.003 -0.003 -0.024
-0.004 -0.003 -0.025
-0.004 -0.003 -0.025
-0.005 -0.003 -0.026
-0.005 -0.003 -0.026
-0.006 -0.003 -0.027
-0.007 -0.003 -0.028
-0.007 -0.003 -0.028
-0.008 -0.003 -0.029
-0.008 -0.003 -0.029
-0.009 -0.003 -0.030
-0.009 -0.003 -0.030
-0.009 -0.003 -0.031
-0.010 -0.003 -0.031
-0.010 -0.003 -0.031
-0.011 -0.003 -0.032
-0.011 -0.003 -0.032
-0.011 -0.003 -0.033
-0.012 -0.003 -0.033
-0.013 -0.003 -0.034
-0.013 -0.003 -0.034
-0.014 -0.002 -0.035
-0.014 -0.002 -0.036
-0.015 -0.002 -0.036
-0.015 -0.002 -0.036
-0.016 -0.002 -0.037
-0.016 -0.002 -0.037
-0.017 -0.002 -0.038
-0.017 -0.002 -0.038
-0.018 -0.001 -0.039
-0.018 -0.001 -0.039
-0.020 0.000 -0.040
-0.021 0.002 -0.041
-0.016 -0.007 -0.038
0.314 0.228 0.332
0.314 0.225 0.332
0.314 0.223 0.332
0.314 0.221 0.331
0.314 0.219 0.331
0.314 0.216 0.330
0.314 0.214 0.330
0.313 0.212 0.329
0.313 0.210 0.329
0.313 0.207 0.329
0.313 0.205 0.328
0.313 0.203 0.328
0.313 0.201 0.327
0.313 0.198 0.327
0.313 0.196 0.327
0.313 0.194 0.326
0.313 0.191 0.326
0.313 0.189 0.325
0.312 0.187 0.325
0.312 0.184 0.324
0.312 0.182 0.324
0.312 0.180 0.324
0.312 0.178 0.324
0.312 0.175 0.323
0.312 0.173 0.323
0.312 0.171 0.323
0.312 0.168 0.322
0.312 0.166 0.322
0.312 0.164 0.322
0.312 0.161 0.321
0.312 0.159 0.321
0.312 0.157 0.321
0.312 0.154 0.320
0.312 0.152 0.320
0.312 0.150 0.320
0.312 0.147 0.319
0.312 0.145 0.319
0.312 0.142 0.319
0.312 0.140 0.318
0.312 0.138 0.318
0.312 0.135 0.318
0.312 0.133 0.318
0.312 0.130 0.317
0.312 0.128 0.317
0.312 0.126 0.316
0.312 0.123 0.316
0.312 0.121 0.316
0.312 0.118 0.315
0.312 0.116 0.315
0.312 0.113 0.314
0.312 0.111 0.314
0.311 0.108 0.313
0.311 0.106 0.313
0.311 0.104 0.313
0.311 0.101 0.312
0.311 0.099 0.311
0.311 0.096 0.311
0.310 0.094 0.310
0.311 0.091 0.310
0.311 0.089 0.310
0.311 0.086 0.309
0.310 0.084 0.309
0.310 0.081 0.308
0.309 0.079 0.307
0.309 0.076 0.306
0.308 0.074 0.305
0.307 0.071 0.304
0.307 0.069 0.304
0.307 0.066 0.303
0.307 0.064 0.302
0.307 0.061 0.302
0.306 0.058 0.302
0.306 0.056 0.301
0.306 0.053 0.301
0.306 0.051 0.300
0.306 0.048 0.299
0.306 0.046 0.299
0.306 0.043 0.299
0.305 0.041 0.298
0.305 0.038 0.297
0.305 0.035 0.297
0.305 0.033 0.296
0.305 0.030 0.296
0.308 0.027 0.298
0.306 0.025 0.297
0.275 0.028 0.265
0.270 0.026 0.260
0.268 0.024 0.258
0.268 0.022 0.257
0.267 0.020 0.256
0.267 0.017 0.255
0.267 0.015 0.255
0.266 0.013 0.254
0.265 0.010 0.253
0.264 0.008 0.251
0.263 0.006 0.250
0.261 0.004 0.247
0.257 0.003 0.243
0.253 0.002 0.239
0.248 0.001 0.234
0.243 0.000 0.229
0.238 -0.001 0.224
0.228 0.000 0.213
0.220 0.000 0.206
0.216 -0.001 0.201
0.210 -0.001 0.195
0.205 -0.002 0.189
0.199 -0.002 0.184
0.194 -0.002 0.178
0.189 -0.002 0.173
0.184 -0.002 0.168
0.179 -0.002 0.163
0.174 -0.002 0.158
0.169 -0.002 0.153
0.164 -0.002 0.148
0.160 -0.002 0.143
0.155 -0.002 0.139
0.151 -0.002 0.134
0.147 -0.002 0.130
0.142 -0.002 0.125
0.138 -0.002 0.121
0.133 -0.001 0.116
0.128 -0.001 0.111
0.124 0.000 0.107
0.120 0.000 0.102
0.116 0.001 0.099
0.113 0.000 0.096
0.111 0.000 0.093
0.108 0.000 0.091
0.106 0.000 0.089
0.104 -0.001 0.086
0.102 -0.001 0.084
0.100 -0.001 0.082
0.097 -0.001 0.079
0.095 -0.002 0.077
0.093 -0.002 0.075
0.091 -0.002 0.073
0.089 -0.002 0.071
0.087 -0.002 0.069
0.085 -0.002 0.067
0.083 -0.003 0.065
0.081 -0.003 0.063
0.080 -0.003 0.061
0.078 -0.003 0.059
0.076 -0.003 0.057
0.074 -0.003 0.055
0.072 -0.003 0.054
0.071 -0.003 0.052
0.069 -0.003 0.050
0.067 -0.003 0.048
0.066 -0.004 0.047
0.064 -0.004 0.045
0.063 -0.004 0.044
0.061 -0.004 0.042
0.059 -0.004 0.040
0.058 -0.004 0.039
0.056 -0.004 0.037
0.055 -0.004 0.036
0.053 -0.004 0.034
0.052 -0.004 0.033
0.051 -0.004 0.031
0.049 -0.004 0.030
0.048 -0.004 0.028
0.046 -0.004 0.027
0.045 -0.004 0.026
0.044 -0.004 0.024
0.043 -0.004 0.023
0.041 -0.004 0.022
0.040 -0.004 0.020
0.039 -0.004 0.019
0.038 -0.004 0.018
0.037 -0.004 0.017
0.035 -0.004 0.016
0.034 -0.004 0.015
0.033 -0.004 0.014
0.032 -0.004 0.012
0.031 -0.004 0.011
0.030 -0.004 0.010
0.029 -0.004 0.009
0.028 -0.004 0.008
0.027 -0.004 0.007
0.026 -0.004 0.006
0.025 -0.004 0.005
0.024 -0.004 0.004
0.023 -0.004 0.003
0.022 -0.004 0.002
0.021 -0.004 0.001
0.021 -0.004 0.001
0.020 -0.004 0.000
0.019 -0.004 -0.001
0.018 -0.004 -0.002
0.017 -0.004 -0.003
0.016 -0.003 -0.004
0.016 -0.004 -0.005
0.015 -0.004 -0.005
0.014 -0.004 -0.006
0.013 -0.003 -0.007
0.012 -0.003 -0.008
0.012 -0.003 -0.009
0.011 -0.003 -0.009
0.010 -0.003 -0.010
0.009 -0.003 -0.011
0.009 -0.003 -0.012
0.008 -0.003 -0.012
0.008 -0.004 -0.013
0.007 -0.004 -0.014
0.006 -0.004 -0.014
0.005 -0.004 -0.015
0.005 -0.004 -0.016
0.004 -0.004 -0.016
0.004 -0.004 -0.017
0.003 -0.004 -0.017
0.002 -0.004 -0.018
0.002 -0.004 -0.019
0.001 -0.004 -0.019
0.000 -0.004 -0.020
0.000 -0.003 -0.021
-0.001 -0.003 -0.021
-0.001 -0.003 -0.022
-0.002 -0.003 -0.022
-0.002 -0.003 -0.023
-0.003 -0.003 -0.024
-0.004 -0.003 -0.024
-0.004 -0.003 -0.025
-0.005 -0.003 -0.025
-0.005 -0.003 -0.026
-0.006 -0.004 -0.026
-0.006 -0.003 -0.027
-0.007 -0.003 -0.027
-0.007 -0.003 -0.028
-0.008 -0.003 -0.029
-0.009 -0.003 -0.029
-0.009 -0.003 -0.029
-0.009 -0.003 -0.030
-0.010 -0.003 -0.030
-0.010 -0.003 -0.031
-0.011 -0.003 -0.031
-0.011 -0.003 -0.032
-0.011 -0.004 -0.032
-0.012 -0.003 -0.033
-0.012 -0.003 -0.033
-0.013 -0.003 -0.034
-0.014 -0.003 -0.034
-0.014 -0.002 -0.035
-0.015 -0.002 -0.035
-0.015 -0.003 -0.036
-0.015 -0.003 -0.036
-0.016 -0.002 -0.037
-0.016 -0.002 -0.037
-0.017 -0.002 -0.038
-0.018 -0.002 -0.038
-0.018 -0.001 -0.039
-0.019 -0.001 -0.039
-0.020 0.000 -0.040
-0.021 0.001 -0.041
-0.016 -0.007 -0.037
0.313 0.228 0.333
0.313 0.225 0.333
0.313 0.223 0.333
0.313 0.221 0.332
0.313 0.219 0.332
0.313 0.216 0.331
0.312 0.214 0.331
0.312 0.212 0.331
0.312 0.210 0.330
0.312 0.207 0.329
0.312 0.205 0.329
0.312 0.203 0.329
0.312 0.200 0.328
0.312 0.198 0.328
0.312 0.196 0.328
0.312 0.194 0.327
0.311 0.191 0.327
0.311 0.189 0.326
0.311 0.187 0.326
0.311 0.184 0.326
0.311 0.182 0.325
0.311 0.180 0.325
0.311 0.178 0.325
0.311 0.175 0.324
0.311 0.173 0.324
0.311 0.171 0.324
0.311 0.168 0.323
0.311 0.166 0.323
0.311 0.164 0.323
0.311 0.161 0.322
0.311 0.159 0.322
0.311 0.157 0.322
0.311 0.154 0.321
0.311 0.152 0.321
0.311 0.150 0.321
0.311 0.147 0.320
0.311 0.145 0.320
0.311 0.142 0.320
0.311 0.140 0.319
0.311 0.138 0.319
0.311 0.135 0.319
0.311 0.133 0.319
0.311 0.130 0.318
0.311 0.128 0.318
0.311 0.126 0.317
0.311 0.123 0.317
0.311 0.121 0.317
0.311 0.118 0.316
0.310 0.116 0.316
0.310 0.113 0.315
0.310 0.111 0.315
0.310 0.108 0.314
0.310 0.106 0.314
0.310 0.103 0.314
0.310 0.101 0.313
0.310 0.099 0.313
0.310 0.096 0.312
0.310 0.094 0.312
0.309 0.091 0.311
0.309 0.089 0.311
0.309 0.086 0.310
0.309 0.084 0.310
0.308 0.081 0.309
0.308 0.079 0.308
0.307 0.076 0.307
0.307 0.074 0.306
0.306 0.071 0.305
0.306 0.069 0.305
0.306 0.066 0.304
0.305 0.063 0.303
0.305 0.061 0.303
0.305 0.058 0.302
0.305 0.056 0.302
0.305 0.053 0.302
0.305 0.051 0.301
0.305 0.048 0.301
0.304 0.046 0.300
0.304 0.043 0.300
0.304 0.040 0.299
0.304 0.038 0.299
0.304 0.035 0.298
0.304 0.033 0.297
0.304 0.030 0.297
0.304 0.027 0.297
0.306 0.025 0.299
0.304 0.022 0.297
0.274 0.025 0.266
0.270 0.023 0.262
0.267 0.022 0.259
0.267 0.019 0.258
0.266 0.017 0.257
0.265 0.015 0.256
0.265 0.013 0.255
0.264 0.010 0.253
0.263 0.008 0.252
0.261 0.006 0.250
0.259 0.004 0.248
0.255 0.003 0.244
0.251 0.002 0.239
0.246 0.001 0.234
0.240 0.000 0.228
0.231 0.000 0.219
0.220 0.002 0.207
0.216 0.001 0.203
0.212 0.000 0.199
0.207 -0.001 0.193
0.202 -0.001 0.189
0.197 -0.001 0.183
0.192 -0.002 0.178
0.187 -0.002 0.173
0.182 -0.002 0.168
0.177 -0.002 0.163
0.172 -0.002 0.158
0.168 -0.002 0.153
0.163 -0.002 0.148
0.158 -0.002 0.143
0.154 -0.002 0.139
0.150 -0.002 0.134
0.145 -0.002 0.130
0.141 -0.002 0.125
0.136 -0.001 0.120
0.131 -0.001 0.116
0.127 0.000 0.111
0.122 0.000 0.106
0.118 0.000 0.103
0.115 0.001 0.099
0.112 0.000 0.096
0.110 0.000 0.094
0.107 0.000 0.091
0.105 0.000 0.089
0.103 -0.001 0.087
0.101 -0.001 0.084
0.098 -0.001 0.082
0.096 -0.001 0.080
0.094 -0.001 0.077
0.092 -0.001 0.075
0.090 -0.002 0.073
0.088 -0.002 0.071
0.086 -0.002 0.069
0.084 -0.002 0.067
0.083 -0.003 0.065
0.081 -0.003 0.063
0.079 -0.003 0.061
0.077 -0.003 0.060
0.075 -0.003 0.058
0.074 -0.003 0.056
0.072 -0.003 0.054
0.070 -0.003 0.052
0.068 -0.003 0.051
0.067 -0.004 0.049
0.065 -0.004 0.047
0.064 -0.004 0.046
0.062 -0.004 0.044
0.060 -0.004 0.042
0.059 -0.004 0.041
0.057 -0.004 0.039
0.056 -0.004 0.037
0.054 -0.004 0.036
0.053 -0.004 0.035
0.052 -0.004 0.033
0.050 -0.004 0.032
0.049 -0.004 0.030
0.047 -0.004 0.029
0.046 -0.004 0.027
0.044 -0.004 0.026
0.043 -0.004 0.025
0.042 -0.004 0.023
0.041 -0.004 0.022
0.040 -0.004 0.021
0.038 -0.004 0.020
0.037 -0.004 0.018
0.036 -0.004 0.017
0.035 -0.004 0.016
0.034 -0.004 0.015
0.033 -0.004 0.014
0.032 -0.004 0.013
0.031 -0.004 0.012
0.030 -0.004 0.011
0.029 -0.004 0.010
0.028 -0.004 0.009
0.027 -0.004 0.008
0.026 -0.004 0.007
0.025 -0.004 0.006
0.024 -0.004 0.005
0.023 -0.004 0.004
0.022 -0.004 0.003
0.021 -0.004 0.002
0.020 -0.004 0.001
0.019 -0.004 0.000
0.019 -0.004 -0.001
0.018 -0.004 -0.002
0.017 -0.004 -0.003
0.016 -0.003 -0.004
0.015 -0.004 -0.004
0.014 -0.004 -0.005
0.014 -0.004 -0.006
0.013 -0.003 -0.007
0.012 -0.003 -0.008
0.011 -0.003 -0.008
0.011 -0.003 -0.009
0.010 -0.003 -0.010
0.009 -0.003 -0.011
0.008 -0.003 -0.011
0.008 -0.004 -0.012
0.007 -0.004 -0.013
0.006 -0.004 -0.013
0.006 -0.004 -0.014
0.005 -0.004 -0.015
0.005 -0.004 -0.015
0.004 -0.004 -0.016
0.003 -0.004 -0.017
0.003 -0.004 -0.017
0.002 -0.004 -0.018
0.001 -0.004 -0.018
0.001 -0.004 -0.019
0.000 -0.003 -0.020
0.000 -0.004 -0.020
-0.001 -0.003 -0.021
-0.002 -0.003 -0.022
-0.002 -0.003 -0.022
-0.003 -0.004 -0.023
-0.003 -0.003 -0.023
-0.004 -0.003 -0.024
-0.004 -0.003 -0.024
-0.005 -0.003 -0.025
-0.005 -0.004 -0.025
-0.006 -0.003 -0.026
-0.006 -0.003 -0.026
-0.007 -0.003 -0.027
-0.008 -0.003 -0.028
-0.008 -0.003 -0.028
-0.009 -0.003 -0.029
-0.009 -0.003 -0.029
-0.010 -0.003 -0.030
-0.010 -0.003 -0.030
-0.010 -0.003 -0.031
-0.011 -0.003 -0.031
-0.011 -0.004 -0.031
-0.011 -0.004 -0.032
-0.012 -0.004 -0.032
-0.012 -0.003 -0.033
-0.013 -0.003 -0.033
-0.014 -0.003 -0.034
-0.014 -0.003 -0.034
-0.015 -0.003 -0.035
-0.015 -0.003 -0.035
-0.015 -0.003 -0.036
-0.016 -0.003 -0.036
-0.017 -0.002 -0.037
-0.017 -0.002 -0.037
-0.018 -0.002 -0.038
-0.018 -0.001 -0.038
-0.019 -0.001 -0.039
-0.020 0.000 -0.040
-0.021 0.001 -0.041
-0.016 -0.007 -0.037
0.312 0.228 0.334
0.312 0.225 0.334
0.312 0.223 0.334
0.312 0.221 0.333
0.311 0.219 0.333
0.311 0.216 0.332
0.311 0.214 0.332
0.311 0.212 0.331
0.311 0.210 0.331
0.311 0.207 0.331
0.311 0.205 0.330
0.310 0.203 0.330
0.311 0.200 0.329
0.311 0.198 0.329
0.311 0.196 0.329
0.310 0.194 0.328
0.310 0.191 0.328
0.310 0.189 0.327
0.310 0.187 0.327
0.310 0.184 0.326
0.310 0.182 0.326
0.310 0.180 0.326
0.310 0.178 0.326
0.310 0.175 0.325
0.310 0.173 0.325
0.310 0.171 0.325
0.310 0.168 0.324
0.310 0.166 0.324
0.310 0.164 0.324
0.310 0.161 0.323
0.310 0.159 0.323
0.310 0.157 0.323
0.310 0.154 0.323
0.310 0.152 0.322
0.310 0.150 0.322
0.310 0.147 0.322
0.310 0.145 0.321
0.310 0.142 0.321
0.310 0.140 0.321
0.310 0.138 0.320
0.310 0.135 0.320
0.310 0.133 0.320
0.310 0.130 0.319
0.310 0.128 0.319
0.309 0.126 0.318
0.309 0.123 0.318
0.309 0.121 0.317
0.310 0.118 0.317
0.309 0.116 0.317
0.309 0.113 0.317
0.309 0.111 0.316
0.309 0.108 0.316
0.309 0.106 0.315
0.309 0.103 0.315
0.309 0.101 0.314
0.309 0.098 0.314
0.308 0.096 0.313
0.308 0.093 0.313
0.308 0.091 0.312
0.308 0.088 0.312
0.308 0.086 0.311
0.308 0.083 0.311
0.307 0.081 0.310
0.306 0.078 0.309
0.306 0.076 0.308
0.305 0.073 0.307
0.305 0.071 0.306
0.305 0.068 0.306
0.304 0.066 0.305
0.304 0.063 0.305
0.304 0.061 0.304
0.304 0.058 0.304
0.304 0.056 0.303
0.304 0.053 0.303
0.303 0.051 0.302
0.303 0.048 0.302
0.303 0.046 0.301
0.303 0.043 0.301
0.303 0.040 0.300
0.303 0.038 0.300
0.303 0.035 0.299
0.303 0.033 0.299
0.302 0.030 0.298
0.303 0.027 0.298
0.303 0.025 0.298
0.304 0.022 0.299
0.302 0.020 0.297
0.273 0.023 0.266
0.269 0.021 0.263
0.268 0.019 0.262
0.268 0.016 0.261
0.268 0.014 0.261
0.268 0.012 0.260
0.267 0.009 0.258
0.264 0.008 0.256
0.261 0.006 0.252
0.257 0.005 0.248
0.252 0.003 0.243
0.247 0.003 0.237
0.240 0.002 0.230
0.231 0.002 0.221
0.223 0.002 0.213
0.216 0.002 0.205
0.213 0.001 0.202
0.209 0.000 0.198
0.205 0.000 0.193
0.200 -0.001 0.188
0.195 -0.001 0.183
0.190 -0.001 0.178
0.185 -0.001 0.172
0.180 -0.002 0.168
0.175 -0.002 0.163
0.171 -0.002 0.158
0.166 -0.002 0.153
0.162 -0.002 0.148
0.157 -0.002 0.144
0.153 -0.002 0.139
0.148 -0.002 0.134
0.144 -0.002 0.130
0.139 -0.001 0.125
0.134 -0.001 0.120
0.130 0.000 0.116
0.126 0.000 0.111
0.121 0.000 0.107
0.117 0.001 0.103
0.114 0.001 0.099
0.111 0.001 0.097
0.109 0.000 0.094
0.106 0.000 0.091
0.104 0.000 0.089
0.102 0.000 0.087
0.100 -0.001 0.084
0.097 -0.001 0.082
0.095 -0.001 0.080
0.093 -0.001 0.078
0.091 -0.001 0.075
0.089 -0.002 0.073
0.087 -0.002 0.071
0.085 -0.002 0.069
0.084 -0.002 0.067
0.082 -0.003 0.066
0.080 -0.003 0.064
0.078 -0.003 0.062
0.077 -0.003 0.060
0.075 -0.003 0.058
0.073 -0.003 0.056
0.071 -0.003 0.055
0.070 -0.003 0.053
0.068 -0.003 0.051
0.066 -0.004 0.049
0.065 -0.004 0.048
0.063 -0.004 0.046
0.061 -0.004 0.044
0.060 -0.004 0.043
0.058 -0.004 0.041
0.057 -0.004 0.039
0.055 -0.004 0.038
0.054 -0.004 0.036
0.052 -0.004 0.035
0.051 -0.004 0.033
0.050 -0.004 0.032
0.048 -0.004 0.030
0.047 -0.004 0.029
0.045 -0.004 0.028
0.044 -0.004 0.026
0.043 -0.004 0.025
0.042 -0.004 0.024
0.040 -0.004 0.022
0.039 -0.004 0.021
0.038 -0.004 0.020
0.037 -0.004 0.019
0.036 -0.004 0.018
0.035 -0.004 0.016
0.034 -0.004 0.015
0.032 -0.004 0.014
0.031 -0.004 0.013
0.030 -0.004 0.012
0.029 -0.004 0.011
0.028 -0.004 0.010
0.027 -0.004 0.009
0.026 -0.004 0.008
0.025 -0.004 0.007
0.024 -0.004 0.006
0.023 -0.004 0.005
0.022 -0.004 0.004
0.022 -0.004 0.003
0.021 -0.004 0.002
0.020 -0.004 0.001
0.019 -0.004 0.000
0.018 -0.004 -0.001
0.017 -0.004 -0.001
0.016 -0.004 -0.002
0.016 -0.004 -0.003
0.015 -0.004 -0.004
0.014 -0.004 -0.005
0.013 -0.004 -0.006
0.012 -0.003 -0.007
0.011 -0.003 -0.007
0.011 -0.003 -0.008
0.010 -0.003 -0.009
0.009 -0.003 -0.010
0.009 -0.003 -0.010
0.008 -0.004 -0.011
0.007 -0.004 -0.012
0.007 -0.004 -0.012
0.006 -0.004 -0.013
0.005 -0.004 -0.014
0.005 -0.004 -0.014
0.004 -0.004 -0.015
0.003 -0.004 -0.016
0.003 -0.004 -0.016
0.002 -0.004 -0.017
0.002 -0.004 -0.018
0.001 -0.004 -0.018
0.000 -0.003 -0.019
0.000 -0.003 -0.020
-0.001 -0.003 -0.020
-0.001 -0.003 -0.021
-0.002 -0.003 -0.021
-0.003 -0.003 -0.022
-0.003 -0.004 -0.022
-0.003 -0.004 -0.023
-0.004 -0.004 -0.024
-0.005 -0.003 -0.024
-0.005 -0.003 -0.025
-0.006 -0.003 -0.025
-0.006 -0.004 -0.026
-0.007 -0.003 -0.026
-0.007 -0.003 -0.027
-0.008 -0.003 -0.027
-0.008 -0.003 -0.028
-0.009 -0.003 -0.029
-0.009 -0.003 -0.029
-0.010 -0.003 -0.029
-0.010 -0.003 -0.030
-0.011 -0.003 -0.030
-0.011 -0.003 -0.031
-0.011 -0.004 -0.031
-0.012 -0.004 -0.032
-0.012 -0.004 -0.032
-0.013 -0.004 -0.032
-0.013 -0.003 -0.033
-0.014 -0.003 -0.034
-0.014 -0.003 -0.034
-0.015 -0.003 -0.035
-0.015 -0.003 -0.035
-0.015 -0.003 -0.035
-0.016 -0.003 -0.036
-0.017 -0.002 -0.037
-0.017 -0.002 -0.037
-0.018 -0.002 -0.038
-0.018 -0.002 -0.038
-0.019 -0.001 -0.039
-0.020 0.000 -0.040
-0.021 0.001 -0.041
-0.017 -0.007 -0.037
0.311 0.228 0.335
0.311 0.225 0.335
0.311 0.223 0.335
0.310 0.221 0.334
0.310 0.219 0.334
0.310 0.216 0.333
0.310 0.214 0.333
0.310 0.212 0.333
0.310 0.210 0.332
0.310 0.207 0.332
0.309 0.205 0.331
0.309 0.203 0.330
0.309 0.200 0.330
0.309 0.198 0.330
0.309 0.196 0.330
0.309 0.194 0.329
0.309 0.191 0.329
0.309 0.189 0.328
0.309 0.187 0.328
0.309 0.184 0.328
0.309 0.182 0.327
0.309 0.180 0.327
0.309 0.178 0.327
0.309 0.175 0.326
0.309 0.173 0.326
0.309 0.171 0.326
0.309 0.168 0.325
0.309 0.166 0.325
0.309 0.164 0.325
0.308 0.161 0.324
0.309 0.159 0.324
0.309 0.157 0.324
0.309 0.154 0.324
0.309 0.152 0.323
0.309 0.149 0.323
0.309 0.147 0.323
0.309 0.145 0.322
0.309 0.142 0.322
0.309 0.140 0.322
0.309 0.138 0.321
0.309 0.135 0.321
0.309 0.133 0.321
0.308 0.130 0.320
0.309 0.128 0.320
0.308 0.126 0.320
0.308 0.123 0.319
0.308 0.121 0.319
0.308 0.118 0.318
0.308 0.116 0.318
0.308 0.113 0.317
0.308 0.111 0.317
0.308 0.108 0.317
0.308 0.106 0.316
0.308 0.103 0.316
0.307 0.101 0.315
0.307 0.098 0.315
0.307 0.096 0.314
0.307 0.093 0.314
0.307 0.091 0.314
0.307 0.088 0.313
0.306 0.086 0.312
0.306 0.083 0.312
0.306 0.081 0.311
0.305 0.078 0.310
0.305 0.076 0.309
0.304 0.073 0.308
0.304 0.071 0.307
0.304 0.068 0.307
0.303 0.066 0.306
0.303 0.063 0.306
0.303 0.061 0.305
0.303 0.058 0.305
0.303 0.056 0.304
0.302 0.053 0.304
0.302 0.051 0.303
0.302 0.048 0.303
0.302 0.045 0.302
0.302 0.043 0.302
0.302 0.040 0.301
0.302 0.038 0.301
0.302 0.035 0.301
0.302 0.033 0.300
0.302 0.030 0.300
0.301 0.027 0.299
0.301 0.025 0.299
0.301 0.022 0.298
0.302 0.019 0.299
0.300 0.017 0.297
0.283 0.018 0.279
0.274 0.017 0.269
0.275 0.014 0.270
0.279 0.011 0.274
0.279 0.009 0.273
0.277 0.007 0.271
0.273 0.005 0.266
0.265 0.005 0.258
0.258 0.004 0.251
0.251 0.003 0.244
0.245 0.003 0.237
0.236 0.003 0.228
0.228 0.003 0.220
0.222 0.003 0.213
0.214 0.003 0.205
0.211 0.002 0.202
0.207 0.001 0.197
0.202 0.000 0.193
0.198 0.000 0.188
0.193 -0.001 0.183
0.188 -0.001 0.177
0.183 -0.001 0.172
0.178 -0.001 0.167
0.174 -0.002 0.162
0.169 -0.002 0.158
0.165 -0.002 0.153
0.160 -0.002 0.149
0.156 -0.002 0.144
0.151 -0.002 0.139
0.147 -0.002 0.134
0.142 -0.001 0.129
0.137 -0.001 0.125
0.133 -0.001 0.120
0.129 0.000 0.116
0.125 0.000 0.111
0.121 0.000 0.107
0.117 0.001 0.103
0.113 0.001 0.100
0.110 0.001 0.097
0.108 0.000 0.094
0.105 0.000 0.092
0.103 0.000 0.089
0.101 0.000 0.087
0.099 0.000 0.084
0.097 -0.001 0.082
0.094 -0.001 0.080
0.092 -0.001 0.078
0.090 -0.001 0.076
0.088 -0.002 0.074
0.087 -0.002 0.072
0.085 -0.002 0.070
0.083 -0.002 0.068
0.081 -0.003 0.066
0.080 -0.003 0.064
0.078 -0.003 0.062
0.076 -0.003 0.061
0.074 -0.003 0.059
0.072 -0.003 0.057
0.071 -0.003 0.055
0.069 -0.003 0.053
0.067 -0.004 0.051
0.066 -0.004 0.050
0.064 -0.004 0.048
0.063 -0.004 0.046
0.061 -0.004 0.045
0.059 -0.004 0.043
0.058 -0.004 0.041
0.056 -0.004 0.040
0.055 -0.004 0.038
0.053 -0.004 0.037
0.052 -0.004 0.035
0.050 -0.004 0.034
0.049 -0.004 0.032
0.048 -0.004 0.031
0.046 -0.004 0.029
0.045 -0.004 0.028
0.044 -0.004 0.027
0.042 -0.004 0.025
0.041 -0.004 0.024
0.040 -0.004 0.023
0.039 -0.004 0.022
0.038 -0.004 0.020
0.036 -0.004 0.019
0.035 -0.004 0.018
0.034 -0.004 0.017
0.033 -0.004 0.016
0.032 -0.004 0.014
0.031 -0.004 0.013
0.030 -0.004 0.012
0.029 -0.004 0.011
0.028 -0.004 0.010
0.027 -0.004 0.009
0.026 -0.004 0.008
0.025 -0.004 0.007
0.024 -0.004 0.006
0.023 -0.004 0.005
0.022 -0.004 0.004
0.021 -0.004 0.003
0.020 -0.004 0.002
0.019 -0.004 0.001
0.019 -0.004 0.001
0.018 -0.004 0.000
0.017 -0.004 -0.001
0.016 -0.004 -0.002
0.015 -0.004 -0.003
0.015 -0.004 -0.004
0.014 -0.004 -0.005
0.013 -0.004 -0.005
0.012 -0.003 -0.006
0.011 -0.003 -0.007
0.010 -0.003 -0.008
0.010 -0.003 -0.009
0.009 -0.003 -0.009
0.008 -0.003 -0.010
0.008 -0.004 -0.011
0.007 -0.003 -0.012
0.006 -0.004 -0.012
0.006 -0.004 -0.013
0.005 -0.004 -0.014
0.004 -0.004 -0.014
0.004 -0.003 -0.015
0.003 -0.003 -0.016
0.002 -0.004 -0.016
0.002 -0.004 -0.017
0.001 -0.003 -0.018
0.001 -0.004 -0.018
0.000 -0.003 -0.019
-0.001 -0.003 -0.019
-0.001 -0.003 -0.020
-0.002 -0.003 -0.021
-0.002 -0.003 -0.021
-0.003 -0.003 -0.022
-0.003 -0.003 -0.022
-0.004 -0.004 -0.023
-0.004 -0.004 -0.023
-0.005 -0.004 -0.024
-0.006 -0.003 -0.025
-0.006 -0.004 -0.025
-0.006 -0.004 -0.025
-0.007 -0.004 -0.026
-0.007 -0.003 -0.027
-0.008 -0.003 -0.027
-0.009 -0.003 -0.028
-0.009 -0.003 -0.028
-0.010 -0.003 -0.029
-0.010 -0.003 -0.029
-0.010 -0.003 -0.030
-0.011 -0.003 -0.030
-0.011 -0.003 -0.031
-0.012 -0.004 -0.031
-0.012 -0.004 -0.031
-0.013 -0.004 -0.032
-0.013 -0.004 -0.032
-0.014 -0.003 -0.033
-0.014 -0.003 -0.033
-0.015 -0.003 -0.034
-0.015 -0.003 -0.034
-0.015 -0.003 -0.035
-0.016 -0.003 -0.035
-0.016 -0.003 -0.036
-0.017 -0.002 -0.036
-0.018 -0.002 -0.037
-0.018 -0.002 -0.037
-0.019 -0.002 -0.038
-0.019 -0.001 -0.039
-0.020 0.000 -0.039
-0.021 0.001 -0.040
-0.017 -0.007 -0.037
0.310 0.228 0.336
0.310 0.225 0.336
0.309 0.223 0.336
0.309 0.221 0.335
0.309 0.219 0.335
0.309 0.216 0.334
0.309 0.214 0.334
0.309 0.212 0.333
0.309 0.210 0.333
0.308 0.207 0.333
0.308 0.205 0.332
0.308 0.203 0.332
0.308 0.200 0.331
0.308 0.198 0.331
0.308 0.196 0.330
0.308 0.194 0.330
0.308 0.191 0.330
0.308 0.189 0.329
0.308 0.187 0.329
0.308 0.184 0.329
0.307 0.182 0.328
0.307 0.180 0.328
0.308 0.177 0.328
0.307 0.175 0.327
0.308 0.173 0.327
0.307 0.171 0.327
0.307 0.168 0.326
0.308 0.166 0.326
0.307 0.164 0.326
0.307 0.161 0.325
0.307 0.159 0.325
0.307 0.157 0.325
0.307 0.154 0.325
0.307 0.152 0.324
0.308 0.149 0.324
0.307 0.147 0.324
0.307 0.145 0.323
0.307 0.142 0.323
0.307 0.140 0.323
0.307 0.138 0.322
0.307 0.135 0.322
0.307 0.133 0.322
0.307 0.130 0.321
0.307 0.128 0.321
0.307 0.125 0.321
0.307 0.123 0.320
0.307 0.121 0.320
0.307 0.118 0.319
0.307 0.116 0.319
0.307 0.113 0.318
0.307 0.111 0.318
0.306 0.108 0.318
0.306 0.106 0.317
0.306 0.103 0.317
0.307 0.101 0.317
0.306 0.098 0.316
0.306 0.096 0.315
0.306 0.093 0.315
0.306 0.091 0.314
0.306 0.088 0.314
0.305 0.086 0.314
0.305 0.083 0.313
0.305 0.081 0.312
0.304 0.078 0.311
0.303 0.076 0.310
0.303 0.073 0.309
0.303 0.071 0.309
0.302 0.068 0.308
0.302 0.066 0.307
0.302 0.063 0.307
0.301 0.061 0.306
0.302 0.058 0.306
0.301 0.056 0.305
0.301 0.053 0.305
0.301 0.051 0.305
0.301 0.048 0.304
0.301 0.045 0.304
0.301 0.043 0.303
0.300 0.040 0.302
0.300 0.038 0.302
0.301 0.035 0.302
0.300 0.032 0.301
0.300 0.030 0.301
0.300 0.027 0.300
0.299 0.025 0.299
0.300 0.022 0.299
0.299 0.020 0.298
0.299 0.017 0.297
0.297 0.015 0.296
0.295 0.013 0.293
0.293 0.010 0.290
0.291 0.008 0.288
0.290 0.006 0.287
0.288 0.004 0.285
0.282 0.002 0.278
0.266 0.004 0.262
0.257 0.004 0.252
0.250 0.003 0.244
0.242 0.003 0.236
0.233 0.003 0.227
0.225 0.003 0.219
0.220 0.003 0.213
0.213 0.003 0.206
0.209 0.002 0.201
0.205 0.001 0.197
0.201 0.000 0.193
0.196 0.000 0.188
0.191 0.000 0.183
0.186 -0.001 0.177
0.182 -0.001 0.172
0.177 -0.001 0.168
0.172 -0.001 0.163
0.168 -0.002 0.158
0.163 -0.002 0.153
0.159 -0.002 0.149
0.154 -0.002 0.144
0.150 -0.002 0.139
0.145 -0.001 0.134
0.140 -0.001 0.129
0.136 -0.001 0.124
0.132 -0.001 0.120
0.128 0.000 0.116
0.124 0.000 0.112
0.120 0.000 0.108
0.116 0.000 0.104
0.113 0.001 0.101
0.110 0.000 0.098
0.108 0.000 0.095
0.105 0.000 0.092
0.102 0.000 0.090
0.100 0.000 0.087
0.098 0.000 0.085
0.096 -0.001 0.083
0.094 -0.001 0.080
0.092 -0.001 0.078
0.090 -0.001 0.076
0.088 -0.002 0.074
0.086 -0.002 0.072
0.084 -0.002 0.070
0.082 -0.002 0.068
0.081 -0.003 0.066
0.079 -0.003 0.065
0.077 -0.003 0.063
0.075 -0.003 0.061
0.074 -0.003 0.059
0.072 -0.003 0.057
0.070 -0.003 0.055
0.068 -0.003 0.053
0.067 -0.004 0.052
0.065 -0.004 0.050
0.064 -0.004 0.048
0.062 -0.004 0.047
0.060 -0.004 0.045
0.059 -0.004 0.043
0.057 -0.004 0.042
0.056 -0.004 0.040
0.054 -0.004 0.039
0.053 -0.004 0.037
0.051 -0.004 0.036
0.050 -0.004 0.034
0.049 -0.004 0.033
0.047 -0.004 0.031
0.046 -0.004 0.030
0.044 -0.004 0.028
0.043 -0.004 0.027
0.042 -0.004 0.026
0.041 -0.004 0.024
0.039 -0.004 0.023
0.038 -0.004 0.022
0.037 -0.004 0.021
0.036 -0.004 0.019
0.035 -0.004 0.018
0.034 -0.004 0.017
0.033 -0.004 0.016
0.032 -0.004 0.015
0.030 -0.004 0.014
0.030 -0.004 0.013
0.028 -0.004 0.012
0.027 -0.004 0.010
0.026 -0.004 0.009
0.025 -0.004 0.008
0.024 -0.004 0.007
0.024 -0.004 0.006
0.023 -0.004 0.005
0.022 -0.004 0.004
0.021 -0.004 0.004
0.020 -0.004 0.003
0.019 -0.004 0.002
0.018 -0.004 0.001
0.017 -0.004 0.000
0.017 -0.004 -0.001
0.016 -0.004 -0.002
0.015 -0.004 -0.003
0.014 -0.004 -0.003
0.013 -0.004 -0.004
0.012 -0.004 -0.005
0.012 -0.003 -0.006
0.011 -0.003 -0.007
0.010 -0.003 -0.008
0.009 -0.003 -0.008
0.009 -0.003 -0.009
0.008 -0.003 -0.010
0.007 -0.003 -0.011
0.007 -0.004 -0.011
0.006 -0.004 -0.012
0.005 -0.003 -0.013
0.005 -0.003 -0.013
0.004 -0.003 -0.014
0.003 -0.003 -0.015
0.003 -0.003 -0.015
0.002 -0.003 -0.016
0.001 -0.003 -0.017
0.001 -0.003 -0.017
0.000 -0.004 -0.018
0.000 -0.003 -0.019
-0.001 -0.003 -0.019
-0.002 -0.003 -0.020
-0.002 -0.003 -0.020
-0.003 -0.003 -0.021
-0.003 -0.003 -0.022
-0.004 -0.004 -0.022
-0.004 -0.003 -0.023
-0.005 -0.004 -0.023
-0.005 -0.004 -0.024
-0.006 -0.004 -0.024
-0.006 -0.004 -0.025
-0.007 -0.004 -0.025
-0.007 -0.004 -0.026
-0.008 -0.004 -0.026
-0.008 -0.003 -0.027
-0.009 -0.003 -0.027
-0.009 -0.003 -0.028
-0.010 -0.003 -0.028
-0.010 -0.004 -0.029
-0.011 -0.003 -0.029
-0.011 -0.004 -0.030
-0.012 -0.003 -0.030
-0.012 -0.003 -0.031
-0.013 -0.003 -0.031
-0.013 -0.003 -0.032
-0.013 -0.004 -0.032
-0.014 -0.003 -0.033
-0.014 -0.003 -0.033
-0.015 -0.003 -0.034
-0.015 -0.003 -0.034
-0.015 -0.003 -0.034
-0.016 -0.003 -0.035
-0.017 -0.003 -0.035
-0.017 -0.002 -0.036
-0.018 -0.002 -0.037
-0.018 -0.002 -0.037
-0.019 -0.002 -0.038
-0.019 -0.001 -0.038
-0.021 0.000 -0.039
-0.021 0.001 -0.040
-0.017 -0.007 -0.037
0.308 0.228 0.337
0.309 0.225 0.337
0.308 0.223 0.337
0.308 0.221 0.336
0.308 0.219 0.336
0.308 0.216 0.335
0.308 0.214 0.335
0.308 0.212 0.335
0.308 0.210 0.334
0.307 0.207 0.334
0.307 0.205 0.333
0.307 0.203 0.333
0.307 0.200 0.332
0.307 0.198 0.332
0.307 0.196 0.332
0.307 0.194 0.331
0.307 0.191 0.331
0.307 0.189 0.330
0.306 0.187 0.330
0.306 0.184 0.330
0.306 0.182 0.329
0.306 0.180 0.329
0.306 0.177 0.329
0.306 0.175 0.328
0.306 0.173 0.328
0.306 0.171 0.328
0.306 0.168 0.327
0.306 0.166 0.327
0.306 0.164 0.327
0.306 0.161 0.327
0.306 0.159 0.326
0.306 0.157 0.326
0.306 0.154 0.326
0.306 0.152 0.325
0.306 0.149 0.325
0.306 0.147 0.325
0.306 0.145 0.324
0.306 0.142 0.324
0.306 0.140 0.324
0.306 0.137 0.323
0.306 0.135 0.323
0.306 0.133 0.322
0.306 0.130 0.322
0.306 0.128 0.322
0.306 0.125 0.321
0.306 0.123 0.321
0.306 0.121 0.321
0.306 0.118 0.321
0.306 0.116 0.320
0.306 0.113 0.320
0.305 0.111 0.319
0.305 0.108 0.319
0.305 0.106 0.318
0.305 0.103 0.318
0.305 0.101 0.318
0.305 0.098 0.317
0.305 0.096 0.317
0.304 0.093 0.316
0.304 0.091 0.315
0.305 0.088 0.315
0.304 0.086 0.315
0.304 0.083 0.314
0.304 0.081 0.313
0.303 0.078 0.312
0.302 0.076 0.311
0.302 0.073 0.310
0.301 0.071 0.310
0.301 0.068 0.309
0.301 0.066 0.309
0.301 0.063 0.308
0.300 0.061 0.307
0.300 0.058 0.307
0.300 0.056 0.307
0.300 0.053 0.306
0.300 0.050 0.306
0.300 0.048 0.305
0.300 0.045 0.305
0.300 0.043 0.304
0.299 0.040 0.304
0.299 0.038 0.303
0.299 0.035 0.303
0.299 0.032 0.303
0.299 0.030 0.302
0.299 0.027 0.301
0.299 0.025 0.301
0.298 0.022 0.300
0.298 0.019 0.300
0.297 0.017 0.298
0.296 0.014 0.297
0.296 0.012 0.296
0.295 0.010 0.295
0.295 0.007 0.295
0.295 0.004 0.294
0.293 0.002 0.292
0.285 0.001 0.283
0.264 0.004 0.261
0.255 0.004 0.252
0.247 0.004 0.244
0.240 0.003 0.236
0.231 0.004 0.227
0.223 0.004 0.219
0.217 0.003 0.212
0.212 0.003 0.207
0.207 0.002 0.202
0.203 0.001 0.197
0.199 0.000 0.193
0.195 0.000 0.188
0.190 0.000 0.183
0.185 -0.001 0.178
0.180 -0.001 0.173
0.176 -0.001 0.168
0.171 -0.001 0.163
0.166 -0.001 0.158
0.162 -0.002 0.153
0.157 -0.001 0.148
0.153 -0.001 0.144
0.148 -0.001 0.139
0.144 -0.001 0.134
0.139 -0.001 0.129
0.135 -0.001 0.125
0.131 0.000 0.120
0.127 0.000 0.117
0.123 0.000 0.113
0.119 0.000 0.109
0.116 0.000 0.105
0.113 0.000 0.102
0.110 0.000 0.099
0.107 0.000 0.096
0.104 0.000 0.093
0.102 0.000 0.090
0.099 0.000 0.088
0.097 0.000 0.085
0.095 -0.001 0.083
0.093 -0.001 0.081
0.091 -0.001 0.079
0.089 -0.001 0.077
0.087 -0.002 0.075
0.085 -0.002 0.072
0.083 -0.002 0.070
0.082 -0.002 0.069
0.080 -0.002 0.067
0.078 -0.003 0.065
0.076 -0.003 0.063
0.075 -0.003 0.061
0.073 -0.003 0.059
0.071 -0.003 0.057
0.069 -0.003 0.056
0.068 -0.003 0.054
0.066 -0.004 0.052
0.065 -0.004 0.051
0.063 -0.004 0.049
0.062 -0.004 0.047
0.060 -0.004 0.045
0.058 -0.004 0.044
0.057 -0.004 0.042
0.055 -0.004 0.041
0.054 -0.004 0.039
0.052 -0.004 0.038
0.051 -0.004 0.036
0.050 -0.004 0.035
0.048 -0.004 0.033
0.047 -0.004 0.032
0.045 -0.004 0.030
0.044 -0.004 0.029
0.043 -0.004 0.027
0.042 -0.004 0.026
0.040 -0.004 0.025
0.039 -0.004 0.023
0.038 -0.004 0.022
0.037 -0.004 0.021
0.036 -0.004 0.020
0.034 -0.004 0.019
0.033 -0.004 0.017
0.032 -0.004 0.016
0.031 -0.004 0.015
0.030 -0.004 0.014
0.029 -0.004 0.013
0.028 -0.004 0.012
0.027 -0.004 0.011
0.026 -0.004 0.010
0.025 -0.004 0.009
0.024 -0.004 0.008
0.023 -0.004 0.007
0.022 -0.004 0.006
0.021 -0.004 0.005
0.020 -0.004 0.004
0.020 -0.004 0.003
0.019 -0.004 0.002
0.018 -0.004 0.001
0.017 -0.004 0.000
0.016 -0.004 -0.001
0.015 -0.004 -0.002
0.015 -0.004 -0.002
0.014 -0.004 -0.003
0.013 -0.004 -0.004
0.012 -0.004 -0.005
0.011 -0.004 -0.006
0.010 -0.003 -0.007
0.010 -0.003 -0.007
0.009 -0.003 -0.008
0.008 -0.003 -0.009
0.008 -0.003 -0.010
0.007 -0.003 -0.010
0.006 -0.004 -0.011
0.006 -0.003 -0.012
0.005 -0.004 -0.012
0.004 -0.003 -0.013
0.004 -0.003 -0.014
0.003 -0.003 -0.015
0.002 -0.003 -0.015
0.002 -0.003 -0.016
0.001 -0.003 -0.016
0.001 -0.003 -0.017
0.000 -0.004 -0.018
-0.001 -0.004 -0.018
-0.001 -0.003 -0.019
-0.002 -0.003 -0.020
-0.003 -0.003 -0.020
-0.003 -0.003 -0.021
-0.003 -0.004 -0.021
-0.004 -0.004 -0.022
-0.004 -0.004 -0.022
-0.005 -0.004 -0.023
-0.006 -0.004 -0.023
-0.006 -0.004 -0.024
-0.006 -0.004 -0.024
-0.007 -0.004 -0.025
-0.007 -0.004 -0.025
-0.008 -0.004 -0.026
-0.009 -0.003 -0.027
-0.009 -0.003 -0.027
-0.010 -0.004 -0.028
-0.010 -0.004 -0.028
-0.010 -0.003 -0.029
-0.011 -0.004 -0.029
-0.011 -0.003 -0.030
-0.012 -0.003 -0.030
-0.012 -0.003 -0.031
-0.013 -0.003 -0.031
-0.013 -0.003 -0.032
-0.014 -0.004 -0.032
-0.014 -0.003 -0.032
-0.015 -0.003 -0.033
-0.015 -0.003 -0.033
-0.015 -0.004 -0.034
-0.016 -0.004 -0.034
-0.016 -0.004 -0.035
-0.017 -0.003 -0.035
-0.017 -0.003 -0.036
-0.018 -0.002 -0.036
-0.018 -0.002 -0.037
-0.019 -0.002 -0.037
-0.020 -0.001 -0.038
-0.020 -0.001 -0.039
-0.021 0.000 -0.040
-0.017 -0.008 -0.036
0.307 0.228 0.339
0.308 0.225 0.338
0.307 0.223 0.338
0.307 0.221 0.337
0.307 0.219 0.337
0.307 0.216 0.337
0.307 0.214 0.336
0.307 0.212 0.336
0.306 0.210 0.335
0.306 0.207 0.335
0.306 0.205 0.334
0.306 0.203 0.334
0.306 0.200 0.333
0.306 0.198 0.333
0.306 0.196 0.333
0.306 0.194 0.332
0.306 0.191 0.332
0.305 0.189 0.332
0.305 0.187 0.331
0.305 0.184 0.331
0.305 0.182 0.330
0.305 0.180 0.330
0.305 0.177 0.330
0.305 0.175 0.329
0.305 0.173 0.329
0.305 0.171 0.329
0.305 0.168 0.328
0.305 0.166 0.328
0.305 0.164 0.328
0.305 0.161 0.327
0.305 0.159 0.327
0.305 0.156 0.327
0.305 0.154 0.327
0.305 0.152 0.326
0.305 0.149 0.326
0.305 0.147 0.326
0.305 0.145 0.325
0.305 0.142 0.325
0.305 0.140 0.325
0.305 0.137 0.324
0.305 0.135 0.324
0.305 0.133 0.323
0.305 0.130 0.323
0.305 0.128 0.323
0.304 0.125 0.322
0.305 0.123 0.322
0.305 0.121 0.322
0.305 0.118 0.321
0.304 0.116 0.321
0.304 0.113 0.321
0.304 0.111 0.320
0.304 0.108 0.320
0.304 0.106 0.319
0.304 0.103 0.319
0.304 0.101 0.319
0.304 0.098 0.318
0.304 0.096 0.318
0.303 0.093 0.317
0.303 0.091 0.317
0.303 0.088 0.316
0.303 0.086 0.316
0.303 0.083 0.315
0.302 0.081 0.314
0.301 0.078 0.313
0.301 0.076 0.312
0.300 0.073 0.311
0.300 0.071 0.311
0.300 0.068 0.310
0.300 0.066 0.310
0.300 0.063 0.309
0.299 0.061 0.308
0.299 0.058 0.308
0.299 0.056 0.307
0.299 0.053 0.307
0.299 0.050 0.307
0.299 0.048 0.306
0.299 0.045 0.306
0.299 0.043 0.306
0.298 0.040 0.305
0.298 0.037 0.305
0.298 0.035 0.304
0.298 0.032 0.304
0.298 0.030 0.303
0.298 0.027 0.303
0.298 0.024 0.302
0.297 0.022 0.301
0.297 0.019 0.301
0.296 0.017 0.299
0.295 0.014 0.299
0.295 0.012 0.297
0.294 0.009 0.297
0.295 0.007 0.297
0.295 0.004 0.297
0.294 0.001 0.295
0.284 0.001 0.285
0.261 0.004 0.261
0.254 0.004 0.253
0.246 0.004 0.245
0.238 0.003 0.237
0.230 0.004 0.228
0.222 0.004 0.219
0.216 0.003 0.213
0.211 0.003 0.207
0.206 0.002 0.202
0.202 0.001 0.198
0.197 0.001 0.193
0.193 0.000 0.188
0.188 0.000 0.183
0.184 -0.001 0.178
0.179 -0.001 0.173
0.174 -0.001 0.168
0.170 -0.001 0.163
0.165 -0.001 0.158
0.160 -0.001 0.153
0.155 -0.001 0.148
0.151 -0.001 0.143
0.146 -0.001 0.138
0.142 -0.001 0.134
0.137 -0.001 0.129
0.133 0.000 0.125
0.130 0.000 0.121
0.126 0.000 0.117
0.122 0.000 0.113
0.119 0.000 0.109
0.116 0.000 0.106
0.113 0.000 0.103
0.110 0.000 0.100
0.107 0.000 0.097
0.104 0.000 0.094
0.101 0.000 0.091
0.099 0.000 0.088
0.097 0.000 0.086
0.094 -0.001 0.083
0.092 -0.001 0.081
0.090 -0.001 0.079
0.089 -0.001 0.077
0.087 -0.002 0.075
0.085 -0.002 0.073
0.083 -0.002 0.071
0.081 -0.002 0.069
0.079 -0.002 0.067
0.077 -0.003 0.065
0.076 -0.003 0.063
0.074 -0.003 0.062
0.072 -0.003 0.060
0.071 -0.003 0.058
0.069 -0.003 0.056
0.067 -0.004 0.054
0.066 -0.004 0.053
0.064 -0.004 0.051
0.062 -0.004 0.049
0.061 -0.004 0.048
0.059 -0.004 0.046
0.058 -0.004 0.044
0.056 -0.004 0.043
0.055 -0.004 0.041
0.053 -0.004 0.039
0.052 -0.004 0.038
0.051 -0.004 0.036
0.049 -0.004 0.035
0.048 -0.004 0.033
0.046 -0.004 0.032
0.045 -0.004 0.031
0.044 -0.004 0.029
0.042 -0.004 0.028
0.041 -0.004 0.026
0.040 -0.004 0.025
0.039 -0.004 0.024
0.037 -0.004 0.022
0.036 -0.004 0.021
0.035 -0.004 0.020
0.034 -0.004 0.019
0.033 -0.004 0.018
0.032 -0.004 0.017
0.031 -0.004 0.015
0.030 -0.004 0.014
0.029 -0.004 0.013
0.027 -0.004 0.012
0.027 -0.004 0.011
0.026 -0.004 0.010
0.024 -0.004 0.009
0.024 -0.004 0.008
0.023 -0.004 0.007
0.022 -0.004 0.006
0.021 -0.004 0.005
0.020 -0.004 0.004
0.019 -0.004 0.003
0.018 -0.004 0.002
0.018 -0.004 0.001
0.017 -0.004 0.001
0.016 -0.004 0.000
0.015 -0.004 -0.001
0.014 -0.004 -0.002
0.013 -0.004 -0.003
0.013 -0.004 -0.004
0.012 -0.004 -0.005
0.011 -0.004 -0.006
0.010 -0.003 -0.006
0.009 -0.003 -0.007
0.009 -0.003 -0.008
0.008 -0.003 -0.009
0.007 -0.003 -0.009
0.007 -0.003 -0.010
0.006 -0.004 -0.011
0.005 -0.004 -0.011
0.005 -0.003 -0.012
0.004 -0.003 -0.013
0.003 -0.003 -0.014
0.003 -0.003 -0.014
0.002 -0.003 -0.015
0.001 -0.003 -0.016
0.001 -0.003 -0.016
0.000 -0.003 -0.017
0.000 -0.004 -0.017
-0.001 -0.003 -0.018
-0.002 -0.003 -0.019
-0.002 -0.003 -0.019
-0.003 -0.003 -0.020
-0.003 -0.003 -0.021
-0.004 -0.004 -0.021
-0.004 -0.004 -0.022
-0.005 -0.004 -0.022
-0.005 -0.004 -0.023
-0.006 -0.004 -0.023
-0.006 -0.004 -0.024
-0.007 -0.004 -0.024
-0.007 -0.004 -0.025
-0.008 -0.004 -0.025
-0.008 -0.004 -0.026
-0.009 -0.004 -0.026
-0.009 -0.004 -0.027
-0.010 -0.004 -0.027
-0.010 -0.004 -0.028
-0.011 -0.004 -0.028
-0.011 -0.003 -0.029
-0.012 -0.003 -0.030
-0.012 -0.003 -0.030
-0.013 -0.003 -0.030
-0.013 -0.003 -0.031
-0.013 -0.004 -0.031
-0.014 -0.003 -0.032
-0.014 -0.003 -0.032
-0.015 -0.003 -0.033
-0.015 -0.003 -0.033
-0.016 -0.003 -0.034
-0.016 -0.004 -0.034
-0.016 -0.004 -0.034
-0.017 -0.003 -0.035
-0.018 -0.003 -0.036
-0.018 -0.002 -0.036
-0.018 -0.003 -0.037
-0.019 -0.002 -0.037
-0.020 -0.002 -0.038
-0.020 -0.001 -0.038
-0.021 0.000 -0.039
-0.017 -0.008 -0.036
0.306 0.228 0.340
0.306 0.225 0.339
0.306 0.223 0.339
0.306 0.221 0.338
0.306 0.219 0.338
0.306 0.216 0.337
0.306 0.214 0.337
0.305 0.212 0.337
0.305 0.210 0.336
0.305 0.207 0.336
0.305 0.205 0.335
0.305 0.203 0.335
0.305 0.200 0.334
0.305 0.198 0.334
0.304 0.196 0.334
0.304 0.194 0.333
0.304 0.191 0.333
0.304 0.189 0.332
0.304 0.187 0.332
0.304 0.184 0.332
0.304 0.182 0.331
0.304 0.180 0.331
0.304 0.177 0.331
0.304 0.175 0.330
0.304 0.173 0.330
0.304 0.170 0.330
0.304 0.168 0.329
0.304 0.166 0.329
0.304 0.163 0.329
0.304 0.161 0.329
0.304 0.159 0.328
0.304 0.156 0.328
0.304 0.154 0.328
0.304 0.152 0.327
0.304 0.149 0.327
0.304 0.147 0.327
0.304 0.145 0.326
0.304 0.142 0.326
0.304 0.140 0.326
0.303 0.137 0.325
0.304 0.135 0.325
0.303 0.133 0.325
0.303 0.130 0.324
0.304 0.128 0.324
0.304 0.125 0.324
0.303 0.123 0.323
0.303 0.120 0.323
0.303 0.118 0.322
0.303 0.116 0.322
0.303 0.113 0.322
0.303 0.111 0.321
0.303 0.108 0.321
0.303 0.106 0.320
0.303 0.103 0.320
0.303 0.101 0.320
0.303 0.098 0.319
0.303 0.096 0.319
0.302 0.093 0.318
0.302 0.091 0.318
0.302 0.088 0.317
0.302 0.086 0.317
0.302 0.083 0.316
0.301 0.081 0.315
0.300 0.078 0.314
0.300 0.076 0.313
0.299 0.073 0.313
0.299 0.071 0.312
0.299 0.068 0.311
0.298 0.066 0.311
0.298 0.063 0.310
0.298 0.061 0.310
0.298 0.058 0.309
0.298 0.055 0.309
0.298 0.053 0.308
0.298 0.050 0.308
0.297 0.048 0.307
0.297 0.045 0.307
0.297 0.043 0.306
0.297 0.040 0.306
0.297 0.037 0.306
0.297 0.035 0.305
0.297 0.032 0.305
0.297 0.030 0.304
0.297 0.027 0.304
0.296 0.024 0.303
0.296 0.022 0.303
0.296 0.019 0.302
0.296 0.017 0.301
0.295 0.014 0.301
0.294 0.012 0.299
0.294 0.009 0.299
0.294 0.006 0.298
0.294 0.004 0.298
0.294 0.001 0.298
0.284 0.001 0.287
0.260 0.004 0.261
0.252 0.004 0.254
0.245 0.003 0.246
0.238 0.003 0.238
0.229 0.003 0.229
0.221 0.003 0.221
0.215 0.003 0.214
0.210 0.002 0.208
0.205 0.002 0.203
0.200 0.001 0.198
0.196 0.001 0.193
0.191 0.000 0.188
0.187 0.000 0.183
0.182 0.000 0.178
0.177 -0.001 0.173
0.173 -0.001 0.168
0.168 -0.001 0.163
0.163 -0.001 0.158
0.158 -0.001 0.153
0.153 -0.001 0.147
0.149 0.000 0.142
0.144 0.000 0.138
0.140 0.000 0.133
0.136 0.000 0.129
0.132 0.000 0.125
0.129 0.000 0.121
0.125 0.000 0.117
0.122 0.000 0.114
0.118 0.000 0.110
0.115 0.000 0.107
0.112 0.000 0.104
0.109 0.000 0.101
0.107 0.000 0.098
0.103 0.000 0.094
0.101 0.000 0.091
0.098 0.000 0.089
0.096 -0.001 0.086
0.094 -0.001 0.084
0.092 -0.001 0.082
0.090 -0.001 0.079
0.088 -0.001 0.077
0.086 -0.002 0.075
0.084 -0.002 0.074
0.082 -0.002 0.071
0.080 -0.002 0.069
0.079 -0.002 0.067
0.077 -0.003 0.066
0.075 -0.003 0.064
0.073 -0.003 0.062
0.072 -0.003 0.060
0.070 -0.003 0.058
0.068 -0.003 0.056
0.067 -0.003 0.055
0.065 -0.004 0.053
0.063 -0.004 0.051
0.062 -0.004 0.050
0.060 -0.004 0.048
0.059 -0.004 0.046
0.057 -0.004 0.045
0.056 -0.004 0.043
0.054 -0.004 0.041
0.053 -0.004 0.040
0.051 -0.004 0.038
0.050 -0.004 0.037
0.049 -0.004 0.035
0.047 -0.004 0.034
0.046 -0.004 0.032
0.045 -0.004 0.031
0.043 -0.004 0.030
0.042 -0.004 0.028
0.041 -0.004 0.027
0.039 -0.004 0.025
0.038 -0.004 0.024
0.037 -0.004 0.023
0.036 -0.004 0.022
0.035 -0.004 0.020
0.034 -0.004 0.019
0.032 -0.004 0.018
0.031 -0.004 0.017
0.030 -0.004 0.016
0.029 -0.004 0.015
0.028 -0.004 0.013
0.027 -0.004 0.012
0.026 -0.004 0.011
0.025 -0.004 0.010
0.024 -0.004 0.009
0.023 -0.004 0.008
0.022 -0.004 0.007
0.021 -0.004 0.006
0.021 -0.004 0.005
0.020 -0.004 0.004
0.019 -0.004 0.004
0.018 -0.004 0.003
0.017 -0.004 0.002
0.016 -0.004 0.001
0.015 -0.004 0.000
0.014 -0.004 -0.001
0.014 -0.004 -0.002
0.013 -0.004 -0.003
0.012 -0.004 -0.004
0.011 -0.004 -0.004
0.010 -0.003 -0.005
0.010 -0.003 -0.006
0.009 -0.003 -0.007
0.008 -0.003 -0.008
0.008 -0.003 -0.008
0.007 -0.003 -0.009
0.006 -0.003 -0.010
0.005 -0.003 -0.011
0.005 -0.003 -0.011
0.004 -0.003 -0.012
0.003 -0.003 -0.013
0.003 -0.003 -0.013
0.002 -0.003 -0.014
0.002 -0.003 -0.015
0.001 -0.003 -0.016
0.000 -0.003 -0.016
0.000 -0.003 -0.017
-0.001 -0.004 -0.017
-0.001 -0.003 -0.018
-0.002 -0.003 -0.019
-0.003 -0.003 -0.019
-0.003 -0.004 -0.020
-0.003 -0.004 -0.020
-0.004 -0.004 -0.021
-0.005 -0.004 -0.021
-0.005 -0.004 -0.022
-0.005 -0.004 -0.022
-0.006 -0.004 -0.023
-0.007 -0.004 -0.023
-0.007 -0.004 -0.024
-0.007 -0.004 -0.024
-0.008 -0.004 -0.025
-0.009 -0.004 -0.026
-0.009 -0.003 -0.026
-0.010 -0.004 -0.027
-0.010 -0.004 -0.027
-0.011 -0.003 -0.028
-0.011 -0.004 -0.028
-0.012 -0.004 -0.029
-0.012 -0.003 -0.029
-0.012 -0.003 -0.030
-0.013 -0.003 -0.030
-0.013 -0.004 -0.031
-0.014 -0.004 -0.031
-0.014 -0.003 -0.032
-0.015 -0.003 -0.032
-0.015 -0.003 -0.033
-0.016 -0.003 -0.033
-0.016 -0.003 -0.033
-0.016 -0.004 -0.034
-0.017 -0.004 -0.034
-0.017 -0.003 -0.035
-0.018 -0.003 -0.035
-0.018 -0.003 -0.036
-0.019 -0.003 -0.036
-0.019 -0.003 -0.037
-0.020 -0.002 -0.037
-0.021 -0.001 -0.038
-0.021 -0.001 -0.039
-0.017 -0.009 -0.035
0.305 0.228 0.341
0.305 0.225 0.341
0.305 0.223 0.340
0.305 0.221 0.339
0.304 0.219 0.339
0.304 0.216 0.338
0.304 0.214 0.338
0.304 0.212 0.338
0.304 0.210 0.337
0.304 0.207 0.337
0.304 0.205 0.336
0.304 0.203 0.336
0.303 0.200 0.335
0.303 0.198 0.335
0.303 0.196 0.335
0.303 0.194 0.334
0.303 0.191 0.334
0.303 0.189 0.334
0.303 0.187 0.333
0.303 0.184 0.333
0.303 0.182 0.332
0.303 0.180 0.332
0.303 0.177 0.332
0.303 0.175 0.332
0.303 0.173 0.331
0.303 0.170 0.331
0.303 0.168 0.331
0.302 0.166 0.330
0.303 0.163 0.330
0.302 0.161 0.329
0.303 0.159 0.329
0.302 0.156 0.329
0.303 0.154 0.329
0.303 0.152 0.328
0.303 0.149 0.328
0.303 0.147 0.328
0.302 0.145 0.327
0.302 0.142 0.327
0.302 0.140 0.327
0.302 0.137 0.326
0.302 0.135 0.326
0.302 0.133 0.325
0.302 0.130 0.325
0.302 0.128 0.325
0.302 0.125 0.325
0.302 0.123 0.325
0.302 0.120 0.324
0.302 0.118 0.324
0.302 0.116 0.323
0.302 0.113 0.322
0.302 0.111 0.322
0.302 0.108 0.322
0.302 0.106 0.322
0.302 0.103 0.321
0.301 0.101 0.321
0.301 0.098 0.320
0.301 0.096 0.320
0.301 0.093 0.319
0.301 0.091 0.319
0.301 0.088 0.319
0.301 0.086 0.318
0.301 0.083 0.318
0.300 0.081 0.316
0.299 0.078 0.315
0.299 0.076 0.314
0.298 0.073 0.314
0.298 0.071 0.313
0.297 0.068 0.312
0.297 0.066 0.312
0.297 0.063 0.311
0.297 0.060 0.311
0.297 0.058 0.310
0.296 0.055 0.310
0.296 0.053 0.309
0.296 0.050 0.309
0.296 0.048 0.308
0.296 0.045 0.308
0.296 0.043 0.307
0.296 0.040 0.307
0.296 0.037 0.306
0.296 0.035 0.306
0.296 0.032 0.306
0.296 0.030 0.305
0.295 0.027 0.305
0.295 0.024 0.304
0.295 0.022 0.304
0.295 0.019 0.303
0.294 0.017 0.303
0.294 0.014 0.302
0.293 0.011 0.301
0.293 0.009 0.300
0.293 0.006 0.299
0.293 0.004 0.300
0.294 0.001 0.301
0.283 0.001 0.289
0.258 0.005 0.262
0.251 0.004 0.254
0.244 0.003 0.247
0.236 0.003 0.239
0.228 0.003 0.230
0.221 0.003 0.222
0.214 0.003 0.215
0.209 0.002 0.209
0.204 0.002 0.204
0.199 0.001 0.198
0.194 0.001 0.193
0.190 0.000 0.188
0.185 0.000 0.183
0.180 0.000 0.178
0.176 -0.001 0.173
0.171 -0.001 0.168
0.166 -0.001 0.163
0.161 -0.001 0.157
0.156 0.000 0.152
0.151 0.000 0.147
0.147 0.000 0.142
0.142 0.000 0.137
0.138 0.000 0.133
0.134 0.000 0.129
0.131 0.000 0.125
0.127 0.000 0.121
0.124 0.000 0.117
0.121 0.000 0.114
0.117 0.000 0.110
0.114 0.000 0.107
0.111 0.000 0.104
0.108 0.000 0.101
0.105 0.000 0.098
0.102 0.000 0.094
0.100 0.000 0.092
0.098 0.000 0.089
0.095 -0.001 0.087
0.093 -0.001 0.084
0.091 -0.001 0.082
0.089 -0.001 0.080
0.087 -0.001 0.078
0.085 -0.002 0.076
0.083 -0.002 0.074
0.082 -0.002 0.072
0.080 -0.002 0.070
0.078 -0.002 0.068
0.076 -0.003 0.066
0.074 -0.003 0.064
0.073 -0.003 0.062
0.071 -0.003 0.060
0.069 -0.003 0.059
0.068 -0.003 0.057
0.066 -0.004 0.055
0.065 -0.004 0.053
0.063 -0.004 0.052
0.061 -0.004 0.050
0.060 -0.004 0.048
0.058 -0.004 0.047
0.057 -0.004 0.045
0.055 -0.004 0.043
0.054 -0.004 0.042
0.052 -0.004 0.040
0.051 -0.004 0.039
0.050 -0.004 0.037
0.048 -0.004 0.036
0.047 -0.004 0.034
0.045 -0.004 0.033
0.044 -0.004 0.031
0.043 -0.004 0.030
0.041 -0.004 0.029
0.040 -0.004 0.027
0.039 -0.004 0.026
0.038 -0.004 0.025
0.037 -0.004 0.023
0.035 -0.004 0.022
0.034 -0.004 0.021
0.033 -0.004 0.020
0.032 -0.004 0.018
0.031 -0.004 0.017
0.030 -0.004 0.016
0.029 -0.004 0.015
0.028 -0.004 0.014
0.027 -0.004 0.013
0.026 -0.004 0.012
0.025 -0.004 0.010
0.024 -0.004 0.009
0.023 -0.004 0.008
0.022 -0.004 0.007
0.021 -0.004 0.006
0.020 -0.004 0.006
0.019 -0.004 0.005
0.018 -0.004 0.004
0.017 -0.004 0.003
0.016 -0.004 0.002
0.016 -0.004 0.001
0.015 -0.004 0.000
0.014 -0.004 -0.001
0.013 -0.004 -0.002
0.012 -0.004 -0.003
0.012 -0.004 -0.003
0.011 -0.004 -0.004
0.010 -0.004 -0.005
0.009 -0.003 -0.006
0.009 -0.004 -0.007
0.008 -0.003 -0.007
0.007 -0.003 -0.008
0.006 -0.003 -0.009
0.006 -0.003 -0.010
0.005 -0.003 -0.010
0.004 -0.003 -0.011
0.004 -0.003 -0.012
0.003 -0.003 -0.013
0.002 -0.003 -0.013
0.002 -0.003 -0.014
0.001 -0.003 -0.015
0.001 -0.003 -0.015
0.000 -0.003 -0.016
-0.001 -0.003 -0.017
-0.001 -0.003 -0.017
-0.002 -0.003 -0.018
-0.002 -0.003 -0.018
-0.003 -0.003 -0.019
-0.003 -0.004 -0.019
-0.004 -0.004 -0.020
-0.004 -0.004 -0.021
-0.005 -0.004 -0.021
-0.005 -0.004 -0.022
-0.006 -0.004 -0.022
-0.006 -0.004 -0.023
-0.007 -0.004 -0.023
-0.007 -0.004 -0.024
-0.008 -0.004 -0.024
-0.008 -0.004 -0.025
-0.009 -0.004 -0.025
-0.009 -0.004 -0.026
-0.010 -0.004 -0.026
-0.010 -0.004 -0.027
-0.011 -0.004 -0.028
-0.011 -0.004 -0.028
-0.012 -0.004 -0.029
-0.012 -0.004 -0.029
-0.013 -0.004 -0.030
-0.013 -0.004 -0.030
-0.014 -0.004 -0.030
-0.014 -0.004 -0.031
-0.014 -0.003 -0.031
-0.015 -0.003 -0.032
-0.016 -0.003 -0.033
-0.016 -0.003 -0.033
-0.016 -0.003 -0.033
-0.016 -0.004 -0.034
-0.017 -0.004 -0.034
-0.017 -0.004 -0.034
-0.018 -0.003 -0.035
-0.018 -0.003 -0.036
-0.019 -0.003 -0.036
-0.019 -0.003 -0.037
-0.020 -0.002 -0.037
-0.021 -0.001 -0.038
-0.021 -0.001 -0.038
-0.017 -0.009 -0.035
0.304 0.228 0.342
0.304 0.226 0.342
0.304 0.223 0.341
0.304 0.221 0.340
0.303 0.219 0.340
0.303 0.216 0.339
0.303 0.214 0.339
0.303 0.212 0.339
0.303 0.210 0.338
0.303 0.207 0.338
0.303 0.205 0.337
0.302 0.203 0.337
0.302 0.200 0.337
0.302 0.198 0.336
0.302 0.196 0.336
0.302 0.194 0.335
0.302 0.191 0.335
0.302 0.189 0.334
0.302 0.187 0.334
0.302 0.184 0.334
0.302 0.182 0.333
0.301 0.180 0.333
0.301 0.177 0.333
0.302 0.175 0.332
0.301 0.173 0.332
0.302 0.170 0.332
0.301 0.168 0.331
0.301 0.166 0.331
0.301 0.163 0.331
0.301 0.161 0.331
0.301 0.159 0.330
0.301 0.156 0.330
0.301 0.154 0.330
0.301 0.152 0.329
0.301 0.149 0.329
0.301 0.147 0.329
0.301 0.145 0.328
0.301 0.142 0.328
0.301 0.140 0.328
0.301 0.137 0.327
0.301 0.135 0.327
0.301 0.133 0.327
0.301 0.130 0.326
0.301 0.128 0.326
0.301 0.125 0.326
0.301 0.123 0.326
0.301 0.120 0.325
0.301 0.118 0.325
0.301 0.115 0.324
0.301 0.113 0.324
0.301 0.111 0.323
0.300 0.108 0.323
0.300 0.106 0.323
0.300 0.103 0.322
0.300 0.101 0.322
0.300 0.098 0.322
0.300 0.096 0.321
0.300 0.093 0.320
0.300 0.091 0.320
0.300 0.088 0.320
0.300 0.086 0.319
0.299 0.083 0.319
0.298 0.081 0.317
0.298 0.078 0.316
0.297 0.076 0.315
0.297 0.073 0.315
0.297 0.071 0.314
0.296 0.068 0.314
0.296 0.066 0.313
0.296 0.063 0.312
0.296 0.060 0.312
0.295 0.058 0.311
0.295 0.055 0.311
0.295 0.053 0.310
0.295 0.050 0.310
0.295 0.048 0.310
0.295 0.045 0.309
0.295 0.042 0.309
0.294 0.040 0.308
0.295 0.037 0.308
0.294 0.035 0.307
0.294 0.032 0.307
0.294 0.030 0.306
0.294 0.027 0.306
0.294 0.024 0.305
0.293 0.022 0.305
0.293 0.019 0.304
0.293 0.016 0.304
0.293 0.014 0.303
0.292 0.011 0.302
0.292 0.009 0.301
0.291 0.006 0.300
0.291 0.004 0.300
0.293 0.000 0.301
0.282 0.000 0.290
0.257 0.004 0.263
0.250 0.004 0.255
0.243 0.003 0.248
0.235 0.003 0.240
0.227 0.003 0.230
0.219 0.003 0.222
0.213 0.003 0.215
0.208 0.002 0.210
0.203 0.002 0.204
0.197 0.002 0.199
0.193 0.001 0.193
0.188 0.000 0.189
0.184 0.000 0.184
0.179 0.000 0.178
0.174 0.000 0.173
0.169 0.000 0.168
0.164 0.000 0.162
0.159 0.000 0.157
0.154 0.000 0.152
0.149 0.000 0.146
0.145 0.000 0.142
0.141 0.000 0.137
0.137 0.000 0.133
0.133 0.000 0.128
0.129 0.000 0.124
0.126 0.000 0.121
0.123 0.000 0.117
0.119 0.000 0.114
0.116 0.000 0.111
0.113 0.000 0.107
0.110 0.000 0.104
0.107 0.000 0.101
0.104 0.000 0.098
0.102 0.000 0.095
0.099 0.000 0.092
0.097 0.000 0.090
0.095 -0.001 0.087
0.092 -0.001 0.085
0.090 -0.001 0.083
0.088 -0.001 0.080
0.086 -0.001 0.078
0.085 -0.002 0.076
0.083 -0.002 0.074
0.081 -0.002 0.072
0.079 -0.002 0.070
0.077 -0.002 0.068
0.076 -0.003 0.066
0.074 -0.003 0.064
0.072 -0.003 0.062
0.070 -0.003 0.061
0.069 -0.003 0.059
0.067 -0.003 0.057
0.066 -0.004 0.055
0.064 -0.004 0.054
0.062 -0.004 0.052
0.061 -0.004 0.050
0.059 -0.004 0.049
0.058 -0.004 0.047
0.056 -0.004 0.045
0.055 -0.004 0.044
0.053 -0.004 0.042
0.052 -0.004 0.041
0.051 -0.004 0.039
0.049 -0.004 0.038
0.048 -0.004 0.036
0.046 -0.004 0.035
0.045 -0.004 0.033
0.044 -0.004 0.032
0.042 -0.004 0.030
0.041 -0.004 0.029
0.040 -0.004 0.028
0.039 -0.004 0.026
0.037 -0.004 0.025
0.036 -0.004 0.024
0.035 -0.004 0.022
0.034 -0.004 0.021
0.033 -0.004 0.020
0.032 -0.004 0.019
0.030 -0.004 0.018
0.029 -0.004 0.016
0.028 -0.004 0.015
0.027 -0.004 0.014
0.026 -0.004 0.013
0.025 -0.004 0.012
0.024 -0.004 0.011
0.023 -0.004 0.010
0.022 -0.004 0.009
0.021 -0.004 0.008
0.021 -0.004 0.007
0.020 -0.004 0.006
0.019 -0.004 0.005
0.018 -0.004 0.004
0.017 -0.004 0.003
0.016 -0.004 0.002
0.015 -0.004 0.001
0.014 -0.004 0.000
0.014 -0.004 -0.001
0.013 -0.004 -0.001
0.012 -0.004 -0.002
0.011 -0.004 -0.003
0.011 -0.004 -0.004
0.010 -0.004 -0.005
0.009 -0.003 -0.006
0.008 -0.003 -0.006
0.007 -0.003 -0.007
0.007 -0.003 -0.008
0.006 -0.003 -0.009
0.005 -0.003 -0.010
0.005 -0.003 -0.010
0.004 -0.003 -0.011
0.003 -0.003 -0.012
0.003 -0.003 -0.012
0.002 -0.003 -0.013
0.002 -0.003 -0.014
0.001 -0.003 -0.014
0.000 -0.003 -0.015
0.000 -0.003 -0.016
-0.001 -0.003 -0.016
-0.002 -0.003 -0.017
-0.002 -0.003 -0.018
-0.003 -0.003 -0.018
-0.003 -0.004 -0.019
-0.004 -0.003 -0.019
-0.004 -0.004 -0.020
-0.005 -0.004 -0.020
-0.005 -0.004 -0.021
-0.006 -0.004 -0.021
-0.006 -0.004 -0.022
-0.007 -0.004 -0.022
-0.007 -0.004 -0.023
-0.008 -0.004 -0.024
-0.008 -0.004 -0.024
-0.008 -0.004 -0.025
-0.009 -0.004 -0.025
-0.010 -0.004 -0.026
-0.010 -0.004 -0.026
-0.011 -0.004 -0.027
-0.011 -0.004 -0.027
-0.012 -0.004 -0.028
-0.012 -0.004 -0.028
-0.012 -0.004 -0.029
-0.013 -0.004 -0.029
-0.013 -0.004 -0.030
-0.014 -0.004 -0.030
-0.014 -0.004 -0.031
-0.015 -0.004 -0.031
-0.015 -0.003 -0.032
-0.016 -0.003 -0.032
-0.016 -0.003 -0.033
-0.016 -0.003 -0.033
-0.017 -0.004 -0.033
-0.017 -0.004 -0.034
-0.017 -0.004 -0.034
-0.018 -0.003 -0.035
-0.019 -0.003 -0.035
-0.019 -0.003 -0.036
-0.020 -0.003 -0.036
-0.020 -0.002 -0.037
-0.021 -0.001 -0.038
-0.022 -0.001 -0.038
-0.018 -0.009 -0.035
0.303 0.228 0.343
0.303 0.226 0.343
0.303 0.223 0.342
0.302 0.221 0.341
0.302 0.219 0.341
0.302 0.216 0.340
0.302 0.214 0.340
0.302 0.212 0.340
0.302 0.210 0.339
0.302 0.207 0.339
0.301 0.205 0.338
0.301 0.203 0.338
0.301 0.200 0.337
0.301 0.198 0.337
0.301 0.196 0.337
0.301 0.193 0.336
0.301 0.191 0.336
0.301 0.189 0.335
0.300 0.187 0.335
0.300 0.184 0.335
0.300 0.182 0.334
0.300 0.180 0.334
0.300 0.177 0.334
0.300 0.175 0.333
0.300 0.173 0.333
0.300 0.170 0.333
0.300 0.168 0.332
0.300 0.166 0.332
0.300 0.163 0.332
0.300 0.161 0.331
0.300 0.159 0.331
0.300 0.156 0.331
0.300 0.154 0.330
0.300 0.152 0.330
0.300 0.149 0.330
0.300 0.147 0.330
0.300 0.144 0.329
0.300 0.142 0.329
0.300 0.140 0.329
0.300 0.137 0.328
0.300 0.135 0.328
0.300 0.132 0.328
0.300 0.130 0.327
0.300 0.128 0.327
0.299 0.125 0.326
0.300 0.123 0.326
0.300 0.120 0.326
0.300 0.118 0.326
0.299 0.115 0.325
0.299 0.113 0.325
0.299 0.110 0.324
0.299 0.108 0.324
0.299 0.106 0.323
0.299 0.103 0.323
0.299 0.101 0.323
0.299 0.098 0.323
0.299 0.096 0.322
0.299 0.093 0.322
0.299 0.091 0.321
0.299 0.088 0.321
0.298 0.086 0.320
0.298 0.083 0.320
0.297 0.081 0.318
0.296 0.078 0.317
0.296 0.076 0.316
0.296 0.073 0.316
0.295 0.071 0.315
0.295 0.068 0.315
0.295 0.065 0.314
0.294 0.063 0.313
0.294 0.060 0.313
0.294 0.058 0.312
0.294 0.055 0.312
0.294 0.053 0.312
0.294 0.050 0.311
0.294 0.048 0.311
0.294 0.045 0.310
0.293 0.042 0.310
0.293 0.040 0.309
0.293 0.037 0.309
0.293 0.035 0.308
0.293 0.032 0.308
0.293 0.029 0.307
0.292 0.027 0.307
0.292 0.024 0.306
0.292 0.022 0.306
0.292 0.019 0.305
0.292 0.016 0.305
0.291 0.014 0.304
0.291 0.011 0.303
0.290 0.009 0.302
0.290 0.006 0.302
0.290 0.004 0.301
0.291 0.000 0.302
0.283 0.000 0.293
0.257 0.004 0.265
0.248 0.004 0.256
0.242 0.003 0.249
0.234 0.003 0.241
0.226 0.003 0.231
0.218 0.003 0.223
0.212 0.003 0.216
0.206 0.002 0.210
0.201 0.002 0.204
0.196 0.002 0.199
0.192 0.001 0.194
0.188 0.000 0.190
0.183 0.000 0.185
0.178 0.000 0.179
0.172 0.000 0.173
0.166 0.000 0.166
0.161 0.001 0.160
0.155 0.001 0.154
0.151 0.001 0.150
0.147 0.001 0.145
0.143 0.001 0.141
0.138 0.001 0.136
0.134 0.001 0.131
0.130 0.001 0.127
0.127 0.001 0.124
0.124 0.001 0.121
0.121 0.000 0.117
0.118 0.000 0.114
0.115 0.000 0.111
0.112 0.000 0.107
0.109 0.000 0.104
0.106 0.000 0.101
0.104 0.000 0.098
0.101 0.000 0.096
0.099 0.000 0.093
0.096 0.000 0.090
0.094 0.000 0.087
0.092 -0.001 0.085
0.090 -0.001 0.083
0.088 -0.001 0.081
0.086 -0.001 0.079
0.084 -0.002 0.077
0.082 -0.002 0.075
0.080 -0.002 0.072
0.078 -0.002 0.070
0.077 -0.002 0.069
0.075 -0.003 0.067
0.073 -0.003 0.065
0.071 -0.003 0.063
0.070 -0.003 0.061
0.068 -0.003 0.059
0.067 -0.003 0.058
0.065 -0.004 0.056
0.063 -0.004 0.054
0.062 -0.004 0.052
0.060 -0.004 0.051
0.059 -0.004 0.049
0.057 -0.004 0.048
0.056 -0.004 0.046
0.054 -0.004 0.044
0.053 -0.004 0.043
0.051 -0.004 0.041
0.050 -0.004 0.040
0.049 -0.004 0.038
0.047 -0.004 0.036
0.046 -0.004 0.035
0.044 -0.004 0.033
0.043 -0.004 0.032
0.042 -0.004 0.031
0.041 -0.004 0.029
0.039 -0.004 0.028
0.038 -0.004 0.027
0.037 -0.004 0.025
0.036 -0.004 0.024
0.035 -0.004 0.023
0.033 -0.004 0.021
0.032 -0.004 0.020
0.031 -0.004 0.019
0.030 -0.004 0.018
0.029 -0.004 0.017
0.028 -0.004 0.016
0.027 -0.004 0.015
0.026 -0.004 0.013
0.025 -0.004 0.012
0.024 -0.004 0.011
0.023 -0.004 0.010
0.022 -0.004 0.009
0.021 -0.004 0.008
0.020 -0.004 0.007
0.019 -0.004 0.006
0.018 -0.004 0.005
0.018 -0.004 0.004
0.017 -0.004 0.003
0.016 -0.004 0.002
0.015 -0.004 0.001
0.014 -0.004 0.001
0.013 -0.004 0.000
0.012 -0.004 -0.001
0.012 -0.004 -0.002
0.011 -0.004 -0.003
0.010 -0.003 -0.004
0.009 -0.003 -0.005
0.009 -0.003 -0.005
0.008 -0.004 -0.006
0.007 -0.003 -0.007
0.006 -0.003 -0.008
0.006 -0.003 -0.009
0.005 -0.003 -0.009
0.004 -0.003 -0.010
0.004 -0.003 -0.011
0.003 -0.003 -0.012
0.002 -0.003 -0.012
0.002 -0.003 -0.013
0.001 -0.003 -0.013
0.001 -0.003 -0.014
0.000 -0.003 -0.015
-0.001 -0.003 -0.015
-0.001 -0.003 -0.016
-0.002 -0.003 -0.017
-0.002 -0.003 -0.017
-0.003 -0.003 -0.018
-0.003 -0.004 -0.018
-0.004 -0.004 -0.019
-0.004 -0.004 -0.019
-0.005 -0.004 -0.020
-0.006 -0.004 -0.021
-0.006 -0.004 -0.021
-0.006 -0.004 -0.022
-0.007 -0.004 -0.022
-0.007 -0.004 -0.023
-0.008 -0.004 -0.023
-0.008 -0.004 -0.024
-0.009 -0.004 -0.024
-0.009 -0.004 -0.025
-0.010 -0.004 -0.025
-0.010 -0.004 -0.026
-0.011 -0.004 -0.027
-0.011 -0.004 -0.027
-0.012 -0.004 -0.028
-0.012 -0.004 -0.028
-0.013 -0.004 -0.028
-0.013 -0.004 -0.029
-0.014 -0.004 -0.029
-0.014 -0.004 -0.030
-0.014 -0.004 -0.030
-0.015 -0.004 -0.031
-0.016 -0.003 -0.032
-0.016 -0.003 -0.032
-0.016 -0.003 -0.033
-0.017 -0.003 -0.033
-0.017 -0.004 -0.033
-0.017 -0.004 -0.033
-0.018 -0.004 -0.034
-0.018 -0.003 -0.035
-0.019 -0.003 -0.035
-0.019 -0.003 -0.036
-0.020 -0.003 -0.036
-0.020 -0.002 -0.037
-0.021 -0.001 -0.038
-0.022 -0.001 -0.038
-0.018 -0.008 -0.035
0.302 0.228 0.344
0.302 0.226 0.344
0.302 0.223 0.343
0.301 0.221 0.343
0.301 0.219 0.342
0.301 0.216 0.341
0.301 0.214 0.341
0.301 0.212 0.341
0.300 0.209 0.340
0.300 0.207 0.340
0.300 0.205 0.339
0.300 0.203 0.339
0.300 0.200 0.339
0.300 0.198 0.338
0.300 0.196 0.338
0.300 0.193 0.337
0.299 0.191 0.337
0.299 0.189 0.336
0.299 0.186 0.336
0.299 0.184 0.336
0.299 0.182 0.335
0.299 0.180 0.335
0.299 0.177 0.335
0.299 0.175 0.334
0.299 0.173 0.334
0.299 0.170 0.334
0.299 0.168 0.334
0.299 0.166 0.333
0.299 0.163 0.333
0.299 0.161 0.333
0.299 0.159 0.332
0.299 0.156 0.332
0.299 0.154 0.331
0.299 0.152 0.331
0.299 0.149 0.331
0.299 0.147 0.331
0.299 0.144 0.330
0.299 0.142 0.330
0.299 0.140 0.330
0.299 0.137 0.329
0.299 0.135 0.329
0.298 0.132 0.329
0.298 0.130 0.328
0.298 0.128 0.328
0.299 0.125 0.328
0.298 0.123 0.327
0.298 0.120 0.327
0.298 0.118 0.327
0.298 0.115 0.326
0.298 0.113 0.326
0.298 0.110 0.325
0.298 0.108 0.325
0.298 0.106 0.325
0.298 0.103 0.324
0.298 0.101 0.324
0.298 0.098 0.324
0.298 0.096 0.323
0.297 0.093 0.323
0.298 0.091 0.323
0.298 0.088 0.322
0.297 0.086 0.322
0.297 0.083 0.321
0.296 0.080 0.320
0.295 0.078 0.318
0.295 0.075 0.318
0.294 0.073 0.317
0.294 0.070 0.316
0.294 0.068 0.316
0.294 0.065 0.315
0.293 0.063 0.315
0.293 0.060 0.314
0.293 0.058 0.313
0.293 0.055 0.313
0.293 0.053 0.312
0.293 0.050 0.312
0.292 0.048 0.312
0.293 0.045 0.311
0.292 0.042 0.311
0.292 0.040 0.311
0.292 0.037 0.310
0.292 0.035 0.309
0.292 0.032 0.309
0.291 0.029 0.308
0.291 0.027 0.307
0.291 0.024 0.307
0.291 0.022 0.307
0.290 0.019 0.306
0.290 0.016 0.306
0.290 0.014 0.305
0.290 0.011 0.304
0.289 0.009 0.303
0.289 0.006 0.303
0.288 0.004 0.302
0.288 0.001 0.302
0.281 0.000 0.294
0.257 0.004 0.267
0.247 0.004 0.257
0.241 0.003 0.250
0.233 0.003 0.242
0.225 0.003 0.233
0.217 0.003 0.224
0.211 0.003 0.217
0.205 0.002 0.211
0.200 0.002 0.205
0.195 0.002 0.200
0.191 0.001 0.195
0.187 0.000 0.190
0.181 0.000 0.184
0.173 0.001 0.176
0.162 0.003 0.164
0.156 0.004 0.157
0.148 0.005 0.149
0.142 0.006 0.142
0.140 0.005 0.139
0.142 0.002 0.142
0.140 0.002 0.139
0.136 0.001 0.135
0.132 0.001 0.131
0.129 0.001 0.127
0.126 0.001 0.124
0.123 0.001 0.121
0.120 0.001 0.117
0.117 0.000 0.114
0.114 0.000 0.111
0.111 0.000 0.108
0.108 0.000 0.105
0.106 0.000 0.102
0.103 0.000 0.099
0.101 0.000 0.096
0.098 0.000 0.093
0.096 0.000 0.091
0.093 -0.001 0.088
0.091 -0.001 0.086
0.089 -0.001 0.083
0.087 -0.001 0.081
0.085 -0.001 0.079
0.083 -0.002 0.077
0.081 -0.002 0.075
0.079 -0.002 0.073
0.078 -0.002 0.071
0.076 -0.002 0.069
0.074 -0.003 0.067
0.073 -0.003 0.065
0.071 -0.003 0.063
0.069 -0.003 0.062
0.067 -0.003 0.060
0.066 -0.003 0.058
0.064 -0.003 0.056
0.063 -0.004 0.054
0.061 -0.004 0.053
0.060 -0.004 0.051
0.058 -0.004 0.050
0.057 -0.004 0.048
0.055 -0.004 0.046
0.054 -0.004 0.045
0.052 -0.004 0.043
0.051 -0.004 0.042
0.050 -0.004 0.040
0.048 -0.004 0.038
0.047 -0.004 0.037
0.045 -0.004 0.035
0.044 -0.004 0.034
0.043 -0.004 0.033
0.042 -0.004 0.031
0.040 -0.004 0.030
0.039 -0.004 0.028
0.038 -0.004 0.027
0.037 -0.004 0.026
0.035 -0.004 0.024
0.034 -0.004 0.023
0.033 -0.004 0.022
0.032 -0.004 0.021
0.031 -0.004 0.019
0.030 -0.004 0.018
0.029 -0.004 0.017
0.028 -0.004 0.016
0.027 -0.004 0.015
0.026 -0.004 0.014
0.024 -0.004 0.012
0.023 -0.004 0.011
0.022 -0.004 0.010
0.022 -0.004 0.009
0.021 -0.004 0.008
0.020 -0.004 0.007
0.019 -0.004 0.006
0.018 -0.004 0.005
0.017 -0.004 0.005
0.016 -0.004 0.003
0.015 -0.004 0.003
0.014 -0.004 0.002
0.014 -0.004 0.001
0.013 -0.004 0.000
0.012 -0.004 -0.001
0.011 -0.004 -0.002
0.011 -0.004 -0.003
0.010 -0.004 -0.003
0.009 -0.004 -0.004
0.008 -0.004 -0.005
0.008 -0.004 -0.006
0.007 -0.004 -0.007
0.006 -0.003 -0.007
0.005 -0.003 -0.008
0.005 -0.003 -0.009
0.004 -0.003 -0.010
0.003 -0.003 -0.010
0.003 -0.003 -0.011
0.002 -0.003 -0.012
0.001 -0.003 -0.013
0.001 -0.003 -0.013
0.000 -0.003 -0.014
0.000 -0.003 -0.015
-0.001 -0.003 -0.015
-0.002 -0.003 -0.016
-0.002 -0.003 -0.016
-0.003 -0.003 -0.017
-0.003 -0.003 -0.018
-0.004 -0.004 -0.018
-0.004 -0.004 -0.019
-0.005 -0.004 -0.019
-0.005 -0.004 -0.020
-0.006 -0.004 -0.020
-0.006 -0.004 -0.021
-0.007 -0.004 -0.021
-0.007 -0.004 -0.022
-0.008 -0.004 -0.023
-0.008 -0.004 -0.023
-0.009 -0.004 -0.024
-0.009 -0.004 -0.024
-0.010 -0.004 -0.025
-0.010 -0.004 -0.025
-0.011 -0.004 -0.026
-0.011 -0.004 -0.026
-0.012 -0.004 -0.027
-0.012 -0.004 -0.027
-0.012 -0.004 -0.028
-0.013 -0.004 -0.028
-0.013 -0.004 -0.029
-0.014 -0.004 -0.029
-0.014 -0.004 -0.030
-0.015 -0.004 -0.030
-0.015 -0.004 -0.031
-0.016 -0.003 -0.031
-0.016 -0.003 -0.032
-0.017 -0.003 -0.032
-0.017 -0.004 -0.033
-0.017 -0.004 -0.033
-0.017 -0.004 -0.033
-0.018 -0.004 -0.034
-0.019 -0.003 -0.034
-0.019 -0.003 -0.035
-0.020 -0.003 -0.035
-0.020 -0.003 -0.036
-0.021 -0.002 -0.037
-0.021 -0.002 -0.037
-0.022 -0.001 -0.038
-0.019 -0.008 -0.035
0.301 0.228 0.345
0.301 0.226 0.345
0.301 0.223 0.344
0.300 0.221 0.343
0.300 0.219 0.343
0.300 0.216 0.342
0.299 0.214 0.342
0.299 0.212 0.342
0.299 0.209 0.341
0.299 0.207 0.341
0.299 0.205 0.340
0.299 0.203 0.340
0.299 0.200 0.339
0.299 0.198 0.339
0.299 0.196 0.339
0.298 0.193 0.338
0.298 0.191 0.338
0.298 0.189 0.337
0.298 0.186 0.337
0.298 0.184 0.337
0.298 0.182 0.336
0.298 0.180 0.336
0.298 0.177 0.336
0.298 0.175 0.335
0.298 0.173 0.335
0.298 0.170 0.335
0.298 0.168 0.334
0.298 0.166 0.334
0.298 0.163 0.334
0.298 0.161 0.333
0.298 0.159 0.333
0.297 0.156 0.333
0.297 0.154 0.333
0.298 0.152 0.332
0.297 0.149 0.332
0.297 0.147 0.332
0.297 0.144 0.331
0.297 0.142 0.331
0.297 0.140 0.331
0.297 0.137 0.330
0.297 0.135 0.330
0.297 0.132 0.330
0.297 0.130 0.329
0.297 0.128 0.329
0.297 0.125 0.329
0.297 0.123 0.328
0.297 0.120 0.328
0.297 0.118 0.328
0.297 0.115 0.327
0.297 0.113 0.327
0.297 0.110 0.327
0.297 0.108 0.326
0.297 0.105 0.326
0.297 0.103 0.325
0.296 0.100 0.325
0.297 0.098 0.325
0.297 0.096 0.324
0.296 0.093 0.324
0.296 0.090 0.324
0.296 0.088 0.323
0.296 0.085 0.323
0.296 0.083 0.322
0.295 0.080 0.321
0.294 0.078 0.319
0.293 0.075 0.319
0.293 0.073 0.318
0.293 0.070 0.317
0.293 0.068 0.317
0.293 0.065 0.316
0.292 0.063 0.316
0.292 0.060 0.316
0.292 0.058 0.315
0.292 0.055 0.314
0.292 0.053 0.314
0.291 0.050 0.313
0.291 0.047 0.313
0.291 0.045 0.312
0.291 0.042 0.312
0.291 0.040 0.311
0.291 0.037 0.311
0.291 0.034 0.311
0.290 0.032 0.310
0.290 0.029 0.309
0.290 0.027 0.308
0.289 0.024 0.308
0.289 0.022 0.307
0.289 0.019 0.307
0.289 0.016 0.307
0.289 0.014 0.306
0.288 0.011 0.305
0.288 0.009 0.305
0.288 0.006 0.304
0.287 0.003 0.303
0.286 0.001 0.301
0.279 0.000 0.294
0.257 0.003 0.270
0.247 0.004 0.258
0.240 0.003 0.251
0.232 0.003 0.242
0.224 0.003 0.233
0.216 0.003 0.225
0.210 0.003 0.218
0.205 0.002 0.212
0.200 0.002 0.207
0.195 0.001 0.201
0.189 0.001 0.195
0.182 0.002 0.187
0.164 0.006 0.168
0.151 0.009 0.154
0.145 0.009 0.147
0.142 0.009 0.144
0.136 0.009 0.138
0.134 0.008 0.136
0.134 0.007 0.135
0.135 0.005 0.136
0.135 0.003 0.135
0.133 0.002 0.133
0.130 0.002 0.130
0.127 0.002 0.127
0.125 0.001 0.124
0.122 0.001 0.121
0.119 0.001 0.118
0.116 0.001 0.114
0.113 0.000 0.111
0.110 0.000 0.108
0.108 0.000 0.105
0.105 0.000 0.102
0.102 0.000 0.099
0.100 0.000 0.096
0.097 0.000 0.094
0.095 -0.001 0.091
0.093 -0.001 0.089
0.090 -0.001 0.086
0.088 -0.001 0.084
0.086 -0.001 0.082
0.084 -0.001 0.079
0.083 -0.002 0.077
0.081 -0.002 0.075
0.079 -0.002 0.073
0.077 -0.002 0.071
0.075 -0.002 0.069
0.074 -0.003 0.068
0.072 -0.003 0.066
0.070 -0.003 0.064
0.069 -0.003 0.062
0.067 -0.003 0.060
0.065 -0.003 0.058
0.064 -0.003 0.056
0.062 -0.004 0.055
0.061 -0.004 0.053
0.059 -0.004 0.051
0.058 -0.004 0.050
0.056 -0.004 0.048
0.055 -0.004 0.047
0.053 -0.004 0.045
0.052 -0.004 0.043
0.050 -0.004 0.042
0.049 -0.004 0.040
0.048 -0.004 0.039
0.046 -0.004 0.037
0.045 -0.004 0.036
0.044 -0.004 0.034
0.042 -0.004 0.033
0.041 -0.004 0.032
0.040 -0.004 0.030
0.039 -0.004 0.029
0.037 -0.004 0.027
0.036 -0.004 0.026
0.035 -0.004 0.025
0.034 -0.004 0.024
0.033 -0.004 0.022
0.032 -0.004 0.021
0.030 -0.004 0.020
0.029 -0.004 0.019
0.028 -0.004 0.018
0.027 -0.004 0.016
0.026 -0.004 0.015
0.025 -0.004 0.014
0.024 -0.004 0.013
0.023 -0.004 0.012
0.022 -0.004 0.011
0.021 -0.004 0.010
0.020 -0.004 0.009
0.019 -0.004 0.008
0.018 -0.004 0.007
0.018 -0.004 0.006
0.017 -0.004 0.005
0.016 -0.004 0.004
0.015 -0.004 0.003
0.014 -0.004 0.002
0.013 -0.004 0.001
0.012 -0.004 0.000
0.012 -0.004 -0.001
0.011 -0.004 -0.002
0.010 -0.004 -0.002
0.009 -0.004 -0.003
0.009 -0.004 -0.004
0.008 -0.004 -0.005
0.007 -0.004 -0.006
0.006 -0.003 -0.006
0.006 -0.004 -0.007
0.005 -0.003 -0.008
0.004 -0.003 -0.009
0.004 -0.003 -0.009
0.003 -0.003 -0.010
0.002 -0.003 -0.011
0.002 -0.003 -0.012
0.001 -0.003 -0.012
0.000 -0.003 -0.013
0.000 -0.003 -0.014
-0.001 -0.003 -0.014
-0.001 -0.003 -0.015
-0.002 -0.003 -0.016
-0.003 -0.003 -0.016
-0.003 -0.003 -0.017
-0.004 -0.003 -0.017
-0.004 -0.004 -0.018
-0.005 -0.004 -0.019
-0.005 -0.004 -0.019
-0.005 -0.004 -0.020
-0.006 -0.004 -0.020
-0.007 -0.004 -0.021
-0.007 -0.004 -0.021
-0.007 -0.004 -0.022
-0.008 -0.004 -0.022
-0.008 -0.004 -0.023
-0.009 -0.004 -0.023
-0.009 -0.004 -0.024
-0.010 -0.004 -0.024
-0.010 -0.004 -0.025
-0.011 -0.004 -0.025
-0.011 -0.004 -0.026
-0.012 -0.004 -0.027
-0.012 -0.004 -0.027
-0.013 -0.004 -0.028
-0.013 -0.004 -0.028
-0.014 -0.004 -0.029
-0.014 -0.004 -0.029
-0.015 -0.004 -0.030
-0.015 -0.004 -0.030
-0.016 -0.004 -0.031
-0.016 -0.003 -0.031
-0.016 -0.003 -0.032
-0.017 -0.003 -0.032
-0.017 -0.003 -0.032
-0.017 -0.004 -0.033
-0.018 -0.004 -0.033
-0.018 -0.004 -0.034
-0.019 -0.003 -0.034
-0.019 -0.003 -0.035
-0.020 -0.003 -0.035
-0.020 -0.003 -0.036
-0.021 -0.003 -0.036
-0.022 -0.002 -0.037
-0.022 -0.001 -0.038
-0.019 -0.008 -0.035
0.300 0.228 0.346
0.300 0.226 0.346
0.299 0.223 0.345
0.299 0.221 0.344
0.299 0.218 0.344
0.298 0.216 0.343
0.298 0.214 0.343
0.298 0.212 0.343
0.298 0.209 0.342
0.298 0.207 0.342
0.298 0.205 0.341
0.298 0.203 0.341
0.298 0.200 0.341
0.297 0.198 0.340
0.297 0.196 0.340
0.297 0.193 0.339
0.297 0.191 0.339
0.297 0.189 0.338
0.297 0.186 0.338
0.297 0.184 0.338
0.297 0.182 0.337
0.297 0.180 0.337
0.297 0.177 0.337
0.296 0.175 0.336
0.297 0.173 0.336
0.296 0.170 0.336
0.296 0.168 0.335
0.296 0.166 0.335
0.296 0.163 0.335
0.296 0.161 0.334
0.296 0.159 0.334
0.296 0.156 0.334
0.296 0.154 0.333
0.296 0.151 0.333
0.296 0.149 0.333
0.296 0.147 0.332
0.296 0.144 0.332
0.296 0.142 0.332
0.296 0.140 0.332
0.296 0.137 0.331
0.296 0.135 0.331
0.296 0.132 0.330
0.296 0.130 0.330
0.296 0.128 0.330
0.296 0.125 0.330
0.296 0.123 0.329
0.296 0.120 0.329
0.296 0.118 0.329
0.296 0.115 0.328
0.296 0.113 0.328
0.296 0.110 0.328
0.295 0.108 0.327
0.295 0.105 0.327
0.296 0.103 0.327
0.295 0.100 0.326
0.295 0.098 0.326
0.295 0.095 0.325
0.295 0.093 0.325
0.295 0.090 0.324
0.295 0.088 0.324
0.295 0.085 0.324
0.295 0.083 0.323
0.294 0.080 0.322
0.293 0.078 0.321
0.292 0.075 0.320
0.292 0.073 0.319
0.291 0.070 0.318
0.291 0.068 0.318
0.291 0.065 0.317
0.291 0.063 0.317
0.291 0.060 0.316
0.291 0.058 0.316
0.291 0.055 0.316
0.291 0.052 0.315
0.290 0.050 0.315
0.290 0.047 0.314
0.290 0.045 0.314
0.290 0.042 0.313
0.290 0.040 0.312
0.289 0.037 0.312
0.289 0.034 0.312
0.289 0.032 0.311
0.289 0.029 0.310
0.288 0.027 0.310
0.288 0.024 0.309
0.288 0.022 0.308
0.288 0.019 0.308
0.288 0.016 0.307
0.287 0.014 0.307
0.287 0.011 0.306
0.286 0.009 0.305
0.286 0.006 0.305
0.285 0.003 0.304
0.284 0.001 0.301
0.278 0.000 0.295
0.258 0.003 0.273
0.246 0.003 0.260
0.238 0.003 0.251
0.230 0.003 0.242
0.222 0.003 0.233
0.214 0.003 0.225
0.208 0.003 0.218
0.203 0.002 0.212
0.198 0.002 0.206
0.192 0.002 0.200
0.183 0.003 0.190
0.159 0.009 0.165
0.148 0.011 0.153
0.143 0.011 0.147
0.140 0.011 0.143
0.137 0.010 0.140
0.134 0.010 0.137
0.133 0.008 0.136
0.133 0.007 0.135
0.132 0.006 0.134
0.132 0.004 0.134
0.130 0.003 0.132
0.128 0.002 0.130
0.126 0.002 0.127
0.123 0.001 0.124
0.121 0.001 0.121
0.118 0.001 0.118
0.115 0.001 0.115
0.112 0.000 0.112
0.110 0.000 0.109
0.107 0.000 0.106
0.104 0.000 0.103
0.102 0.000 0.100
0.099 0.000 0.097
0.096 0.000 0.094
0.094 -0.001 0.092
0.092 -0.001 0.089
0.090 -0.001 0.087
0.088 -0.001 0.084
0.086 -0.001 0.082
0.084 -0.001 0.080
0.082 -0.002 0.078
0.080 -0.002 0.076
0.078 -0.002 0.074
0.076 -0.002 0.072
0.075 -0.003 0.070
0.073 -0.003 0.068
0.071 -0.003 0.066
0.070 -0.003 0.064
0.068 -0.003 0.062
0.066 -0.003 0.060
0.065 -0.003 0.059
0.063 -0.003 0.057
0.062 -0.004 0.055
0.060 -0.004 0.053
0.059 -0.004 0.052
0.057 -0.004 0.050
0.056 -0.004 0.049
0.054 -0.004 0.047
0.053 -0.004 0.045
0.051 -0.004 0.044
0.050 -0.004 0.042
0.049 -0.004 0.041
0.047 -0.004 0.039
0.046 -0.004 0.038
0.045 -0.005 0.036
0.043 -0.004 0.035
0.042 -0.004 0.033
0.041 -0.004 0.032
0.039 -0.004 0.031
0.038 -0.004 0.029
0.037 -0.004 0.028
0.036 -0.004 0.027
0.035 -0.004 0.025
0.033 -0.004 0.024
0.032 -0.004 0.023
0.031 -0.004 0.021
0.030 -0.004 0.020
0.029 -0.004 0.019
0.028 -0.004 0.018
0.027 -0.004 0.017
0.026 -0.004 0.015
0.025 -0.004 0.014
0.024 -0.004 0.013
0.023 -0.004 0.012
0.022 -0.004 0.011
0.021 -0.004 0.010
0.020 -0.004 0.009
0.019 -0.004 0.008
0.018 -0.004 0.007
0.017 -0.004 0.006
0.016 -0.004 0.005
0.015 -0.004 0.004
0.015 -0.004 0.003
0.014 -0.004 0.002
0.013 -0.004 0.001
0.012 -0.004 0.000
0.011 -0.004 0.000
0.010 -0.004 -0.001
0.010 -0.004 -0.002
0.009 -0.004 -0.003
0.008 -0.004 -0.004
0.008 -0.004 -0.005
0.007 -0.004 -0.005
0.006 -0.003 -0.006
0.005 -0.003 -0.007
0.005 -0.004 -0.008
0.004 -0.003 -0.009
0.003 -0.003 -0.009
0.003 -0.003 -0.010
0.002 -0.003 -0.011
0.001 -0.003 -0.011
0.001 -0.003 -0.012
0.000 -0.003 -0.013
-0.001 -0.003 -0.013
-0.001 -0.003 -0.014
-0.002 -0.003 -0.015
-0.002 -0.003 -0.015
-0.003 -0.003 -0.016
-0.003 -0.003 -0.017
-0.004 -0.003 -0.017
-0.004 -0.004 -0.018
-0.005 -0.003 -0.018
-0.005 -0.004 -0.019
-0.006 -0.004 -0.019
-0.006 -0.004 -0.020
-0.007 -0.004 -0.021
-0.007 -0.004 -0.021
-0.008 -0.004 -0.022
-0.008 -0.004 -0.022
-0.009 -0.004 -0.023
-0.009 -0.004 -0.023
-0.010 -0.004 -0.024
-0.010 -0.004 -0.024
-0.011 -0.004 -0.025
-0.011 -0.004 -0.025
-0.012 -0.004 -0.026
-0.012 -0.004 -0.026
-0.013 -0.004 -0.027
-0.013 -0.004 -0.027
-0.013 -0.004 -0.028
-0.014 -0.004 -0.028
-0.014 -0.004 -0.029
-0.015 -0.004 -0.029
-0.015 -0.004 -0.030
-0.016 -0.004 -0.030
-0.016 -0.004 -0.031
-0.017 -0.003 -0.031
-0.017 -0.003 -0.032
-0.017 -0.004 -0.032
-0.018 -0.004 -0.033
-0.018 -0.004 -0.033
-0.019 -0.004 -0.033
-0.019 -0.003 -0.034
-0.020 -0.003 -0.035
-0.020 -0.003 -0.035
-0.020 -0.003 -0.036
-0.021 -0.003 -0.036
-0.022 -0.002 -0.037
-0.023 -0.001 -0.038
-0.019 -0.008 -0.035
0.298 0.228 0.347
0.298 0.225 0.347
0.298 0.223 0.346
0.298 0.221 0.345
0.297 0.218 0.345
0.297 0.216 0.344
0.297 0.214 0.344
0.297 0.212 0.344
0.297 0.209 0.343
0.297 0.207 0.343
0.297 0.205 0.342
0.296 0.203 0.342
0.296 0.200 0.341
0.296 0.198 0.341
0.296 0.196 0.340
0.296 0.193 0.340
0.296 0.191 0.340
0.296 0.189 0.339
0.295 0.186 0.339
0.296 0.184 0.339
0.295 0.182 0.338
0.295 0.180 0.338
0.295 0.177 0.338
0.295 0.175 0.337
0.295 0.173 0.337
0.295 0.170 0.337
0.295 0.168 0.336
0.295 0.166 0.336
0.295 0.163 0.336
0.295 0.161 0.335
0.295 0.159 0.335
0.295 0.156 0.335
0.295 0.154 0.335
0.295 0.151 0.334
0.295 0.149 0.334
0.295 0.147 0.334
0.295 0.144 0.333
0.295 0.142 0.333
0.295 0.140 0.333
0.295 0.137 0.332
0.295 0.135 0.332
0.295 0.132 0.332
0.295 0.130 0.331
0.295 0.127 0.331
0.295 0.125 0.331
0.295 0.123 0.331
0.295 0.120 0.330
0.295 0.118 0.330
0.294 0.115 0.329
0.294 0.113 0.329
0.294 0.110 0.328
0.294 0.108 0.328
0.294 0.105 0.328
0.294 0.103 0.328
0.294 0.100 0.327
0.294 0.098 0.327
0.294 0.095 0.327
0.294 0.093 0.326
0.294 0.090 0.326
0.294 0.088 0.325
0.294 0.085 0.325
0.294 0.083 0.324
0.293 0.080 0.323
0.292 0.078 0.322
0.291 0.075 0.321
0.291 0.073 0.320
0.290 0.070 0.320
0.290 0.068 0.319
0.290 0.065 0.319
0.290 0.063 0.318
0.290 0.060 0.317
0.289 0.058 0.317
0.289 0.055 0.316
0.289 0.052 0.316
0.289 0.050 0.316
0.289 0.047 0.315
0.289 0.045 0.315
0.289 0.042 0.314
0.288 0.040 0.314
0.288 0.037 0.313
0.288 0.034 0.312
0.288 0.032 0.312
0.287 0.029 0.311
0.287 0.027 0.311
0.287 0.024 0.310
0.287 0.021 0.310
0.287 0.019 0.309
0.287 0.016 0.309
0.286 0.014 0.308
0.286 0.011 0.307
0.285 0.008 0.307
0.285 0.006 0.306
0.284 0.003 0.305
0.282 0.001 0.302
0.277 0.000 0.296
0.259 0.002 0.276
0.246 0.003 0.262
0.236 0.003 0.251
0.228 0.003 0.242
0.219 0.004 0.233
0.212 0.003 0.225
0.206 0.003 0.218
0.201 0.003 0.212
0.196 0.002 0.206
0.187 0.003 0.197
0.162 0.010 0.170
0.147 0.013 0.154
0.142 0.013 0.148
0.140 0.012 0.146
0.138 0.011 0.143
0.135 0.011 0.139
0.133 0.010 0.137
0.132 0.009 0.136
0.131 0.007 0.134
0.130 0.006 0.133
0.129 0.005 0.132
0.128 0.004 0.131
0.126 0.003 0.129
0.124 0.002 0.126
0.122 0.002 0.124
0.119 0.001 0.121
0.117 0.001 0.118
0.114 0.001 0.115
0.111 0.000 0.112
0.109 0.000 0.109
0.106 0.000 0.106
0.103 0.000 0.103
0.101 0.000 0.100
0.098 0.000 0.097
0.096 0.000 0.095
0.093 -0.001 0.092
0.091 -0.001 0.090
0.089 -0.001 0.087
0.087 -0.001 0.085
0.085 -0.001 0.082
0.083 -0.002 0.080
0.081 -0.002 0.078
0.079 -0.002 0.076
0.078 -0.002 0.074
0.076 -0.002 0.072
0.074 -0.003 0.070
0.072 -0.003 0.068
0.071 -0.003 0.066
0.069 -0.003 0.065
0.067 -0.003 0.063
0.066 -0.003 0.061
0.064 -0.003 0.059
0.063 -0.004 0.057
0.061 -0.004 0.056
0.059 -0.004 0.054
0.058 -0.004 0.052
0.057 -0.004 0.051
0.055 -0.004 0.049
0.054 -0.004 0.047
0.052 -0.004 0.046
0.051 -0.004 0.044
0.050 -0.004 0.043
0.048 -0.004 0.041
0.047 -0.004 0.040
0.045 -0.004 0.038
0.044 -0.004 0.037
0.043 -0.004 0.035
0.042 -0.005 0.034
0.040 -0.004 0.032
0.039 -0.004 0.031
0.038 -0.004 0.029
0.036 -0.004 0.028
0.035 -0.004 0.027
0.034 -0.004 0.026
0.033 -0.004 0.024
0.032 -0.004 0.023
0.031 -0.004 0.022
0.030 -0.004 0.021
0.029 -0.004 0.019
0.028 -0.004 0.018
0.026 -0.004 0.017
0.025 -0.004 0.016
0.024 -0.004 0.015
0.023 -0.004 0.013
0.022 -0.004 0.012
0.021 -0.004 0.011
0.020 -0.004 0.010
0.019 -0.004 0.009
0.018 -0.004 0.008
0.018 -0.004 0.007
0.017 -0.004 0.006
0.016 -0.004 0.005
0.015 -0.004 0.004
0.014 -0.004 0.003
0.013 -0.004 0.002
0.013 -0.004 0.002
0.012 -0.004 0.001
0.011 -0.004 0.000
0.010 -0.004 -0.001
0.009 -0.004 -0.002
0.009 -0.004 -0.003
0.008 -0.004 -0.004
0.007 -0.004 -0.004
0.006 -0.003 -0.005
0.006 -0.004 -0.006
0.005 -0.003 -0.007
0.004 -0.004 -0.007
0.004 -0.003 -0.008
0.003 -0.004 -0.009
0.002 -0.004 -0.010
0.002 -0.004 -0.010
0.001 -0.003 -0.011
0.000 -0.003 -0.012
0.000 -0.003 -0.013
-0.001 -0.003 -0.013
-0.002 -0.003 -0.014
-0.002 -0.003 -0.015
-0.003 -0.003 -0.015
-0.003 -0.003 -0.016
-0.004 -0.003 -0.017
-0.004 -0.003 -0.017
-0.005 -0.003 -0.018
-0.005 -0.003 -0.018
-0.006 -0.004 -0.019
-0.006 -0.004 -0.019
-0.007 -0.004 -0.020
-0.007 -0.004 -0.020
-0.008 -0.004 -0.021
-0.008 -0.004 -0.021
-0.009 -0.004 -0.022
-0.009 -0.004 -0.023
-0.010 -0.004 -0.023
-0.010 -0.004 -0.024
-0.010 -0.004 -0.024
-0.011 -0.004 -0.025
-0.011 -0.004 -0.025
-0.012 -0.004 -0.026
-0.012 -0.004 -0.026
-0.013 -0.004 -0.027
-0.013 -0.004 -0.027
-0.014 -0.004 -0.028
-0.014 -0.004 -0.028
-0.015 -0.004 -0.029
-0.015 -0.004 -0.029
-0.015 -0.004 -0.030
-0.016 -0.004 -0.030
-0.016 -0.004 -0.031
-0.017 -0.004 -0.031
-0.017 -0.004 -0.032
-0.018 -0.004 -0.032
-0.018 -0.004 -0.032
-0.018 -0.004 -0.033
-0.019 -0.004 -0.033
-0.019 -0.003 -0.034
-0.020 -0.003 -0.034
-0.020 -0.003 -0.035
-0.021 -0.003 -0.035
-0.021 -0.003 -0.036
-0.022 -0.002 -0.037
-0.023 -0.001 -0.038
-0.019 -0.008 -0.034
0.297 0.228 0.348
0.297 0.226 0.348
0.297 0.223 0.347
0.296 0.221 0.346
0.296 0.218 0.346
0.296 0.216 0.345
0.296 0.214 0.345
0.296 0.212 0.345
0.296 0.209 0.344
0.296 0.207 0.344
0.296 0.205 0.343
0.295 0.203 0.343
0.295 0.200 0.342
0.295 0.198 0.342
0.295 0.196 0.342
0.295 0.193 0.341
0.295 0.191 0.341
0.295 0.189 0.340
0.294 0.186 0.340
0.294 0.184 0.340
0.294 0.182 0.339
0.294 0.180 0.339
0.294 0.177 0.339
0.294 0.175 0.338
0.294 0.173 0.338
0.294 0.170 0.338
0.294 0.168 0.338
0.294 0.166 0.337
0.294 0.163 0.337
0.294 0.161 0.336
0.294 0.158 0.336
0.294 0.156 0.336
0.294 0.154 0.335
0.294 0.151 0.335
0.294 0.149 0.335
0.294 0.147 0.334
0.293 0.144 0.334
0.294 0.142 0.334
0.294 0.140 0.334
0.294 0.137 0.333
0.294 0.135 0.333
0.293 0.132 0.333
0.293 0.130 0.332
0.293 0.127 0.332
0.294 0.125 0.332
0.293 0.123 0.331
0.293 0.120 0.331
0.293 0.118 0.331
0.293 0.115 0.330
0.293 0.113 0.330
0.293 0.110 0.330
0.293 0.108 0.329
0.293 0.105 0.329
0.293 0.103 0.328
0.293 0.100 0.328
0.293 0.098 0.328
0.293 0.095 0.328
0.293 0.093 0.327
0.293 0.090 0.327
0.293 0.088 0.327
0.293 0.085 0.326
0.292 0.083 0.325
0.291 0.080 0.324
0.291 0.078 0.323
0.290 0.075 0.322
0.290 0.073 0.321
0.289 0.070 0.321
0.289 0.068 0.320
0.289 0.065 0.320
0.289 0.063 0.319
0.289 0.060 0.319
0.288 0.057 0.318
0.288 0.055 0.318
0.288 0.052 0.317
0.288 0.050 0.317
0.288 0.047 0.316
0.287 0.045 0.316
0.287 0.042 0.315
0.287 0.039 0.315
0.287 0.037 0.314
0.287 0.034 0.314
0.286 0.032 0.313
0.286 0.029 0.312
0.286 0.027 0.312
0.286 0.024 0.312
0.285 0.021 0.311
0.286 0.019 0.311
0.285 0.016 0.310
0.285 0.013 0.310
0.285 0.011 0.308
0.284 0.008 0.308
0.284 0.006 0.307
0.283 0.003 0.306
0.281 0.001 0.303
0.276 0.000 0.297
0.260 0.001 0.279
0.245 0.003 0.263
0.234 0.003 0.251
0.225 0.004 0.241
0.217 0.004 0.232
0.210 0.004 0.224
0.205 0.003 0.218
0.200 0.003 0.212
0.190 0.004 0.201
0.160 0.012 0.169
0.148 0.014 0.156
0.143 0.014 0.150
0.141 0.013 0.148
0.138 0.012 0.145
0.136 0.012 0.143
0.133 0.011 0.139
0.132 0.010 0.137
0.130 0.009 0.135
0.129 0.008 0.134
0.128 0.006 0.133
0.127 0.005 0.132
0.126 0.004 0.131
0.125 0.003 0.129
0.123 0.003 0.126
0.120 0.002 0.124
0.118 0.001 0.121
0.116 0.001 0.118
0.113 0.001 0.115
0.110 0.000 0.112
0.108 0.000 0.109
0.105 0.000 0.107
0.103 0.000 0.103
0.100 0.000 0.100
0.097 0.000 0.098
0.095 0.000 0.095
0.093 -0.001 0.093
0.091 -0.001 0.090
0.088 -0.001 0.088
0.086 -0.001 0.085
0.084 -0.001 0.083
0.083 -0.002 0.081
0.081 -0.002 0.079
0.079 -0.002 0.077
0.077 -0.002 0.075
0.075 -0.002 0.073
0.073 -0.003 0.071
0.072 -0.003 0.069
0.070 -0.003 0.067
0.068 -0.003 0.065
0.067 -0.003 0.063
0.065 -0.003 0.061
0.064 -0.003 0.059
0.062 -0.004 0.058
0.061 -0.004 0.056
0.059 -0.004 0.054
0.058 -0.004 0.053
0.056 -0.004 0.051
0.055 -0.004 0.049
0.053 -0.004 0.048
0.052 -0.004 0.046
0.050 -0.004 0.045
0.049 -0.004 0.043
0.048 -0.004 0.041
0.046 -0.004 0.040
0.045 -0.004 0.038
0.044 -0.004 0.037
0.042 -0.004 0.035
0.041 -0.005 0.034
0.040 -0.004 0.033
0.038 -0.005 0.031
0.037 -0.004 0.030
0.036 -0.004 0.028
0.035 -0.004 0.027
0.034 -0.004 0.026
0.032 -0.004 0.025
0.031 -0.004 0.023
0.030 -0.004 0.022
0.029 -0.004 0.021
0.028 -0.004 0.020
0.027 -0.004 0.018
0.026 -0.004 0.017
0.025 -0.004 0.016
0.024 -0.004 0.015
0.023 -0.004 0.014
0.022 -0.004 0.013
0.021 -0.004 0.012
0.020 -0.004 0.011
0.019 -0.004 0.010
0.018 -0.004 0.008
0.017 -0.004 0.008
0.016 -0.004 0.007
0.015 -0.004 0.006
0.015 -0.004 0.005
0.014 -0.004 0.004
0.013 -0.004 0.003
0.012 -0.004 0.002
0.011 -0.004 0.001
0.010 -0.004 0.000
0.010 -0.004 -0.001
0.009 -0.004 -0.002
0.008 -0.004 -0.003
0.008 -0.004 -0.003
0.007 -0.004 -0.004
0.006 -0.004 -0.005
0.005 -0.004 -0.006
0.005 -0.004 -0.006
0.004 -0.004 -0.007
0.003 -0.003 -0.008
0.003 -0.004 -0.009
0.002 -0.004 -0.009
0.001 -0.004 -0.010
0.001 -0.004 -0.011
0.000 -0.004 -0.012
0.000 -0.004 -0.012
-0.001 -0.003 -0.013
-0.002 -0.003 -0.014
-0.002 -0.003 -0.014
-0.003 -0.003 -0.015
-0.004 -0.003 -0.016
-0.004 -0.003 -0.016
-0.005 -0.003 -0.017
-0.005 -0.003 -0.017
-0.006 -0.003 -0.018
-0.006 -0.003 -0.019
-0.007 -0.004 -0.019
-0.007 -0.004 -0.020
-0.008 -0.004 -0.020
-0.008 -0.004 -0.021
-0.008 -0.004 -0.021
-0.009 -0.004 -0.022
-0.009 -0.004 -0.022
-0.010 -0.004 -0.023
-0.010 -0.004 -0.023
-0.011 -0.004 -0.024
-0.011 -0.004 -0.024
-0.012 -0.004 -0.025
-0.012 -0.004 -0.025
-0.013 -0.004 -0.026
-0.013 -0.004 -0.027
-0.014 -0.004 -0.027
-0.014 -0.004 -0.028
-0.014 -0.004 -0.028
-0.015 -0.004 -0.028
-0.015 -0.004 -0.029
-0.016 -0.004 -0.029
-0.016 -0.004 -0.030
-0.017 -0.004 -0.030
-0.017 -0.004 -0.031
-0.018 -0.004 -0.031
-0.018 -0.004 -0.032
-0.018 -0.004 -0.032
-0.018 -0.004 -0.032
-0.019 -0.004 -0.033
-0.020 -0.004 -0.034
-0.020 -0.003 -0.034
-0.021 -0.003 -0.035
-0.021 -0.003 -0.035
-0.021 -0.003 -0.036
-0.022 -0.002 -0.037
-0.023 -0.001 -0.037
-0.020 -0.008 -0.034
0.296 0.228 0.349
0.296 0.226 0.349
0.296 0.223 0.348
0.295 0.221 0.347
0.295 0.218 0.347
0.295 0.216 0.346
0.295 0.214 0.346
0.295 0.212 0.346
0.295 0.209 0.345
0.294 0.207 0.345
0.294 0.205 0.344
0.294 0.202 0.344
0.294 0.200 0.343
0.294 0.198 0.343
0.294 0.196 0.343
0.293 0.193 0.342
0.293 0.191 0.342
0.293 0.189 0.341
0.293 0.186 0.341
0.293 0.184 0.341
0.293 0.182 0.340
0.293 0.179 0.340
0.293 0.177 0.340
0.293 0.175 0.339
0.293 0.173 0.339
0.293 0.170 0.339
0.293 0.168 0.338
0.293 0.166 0.338
0.293 0.163 0.338
0.293 0.161 0.338
0.293 0.158 0.337
0.292 0.156 0.337
0.293 0.154 0.337
0.292 0.151 0.336
0.292 0.149 0.336
0.292 0.147 0.335
0.292 0.144 0.335
0.292 0.142 0.335
0.292 0.139 0.335
0.292 0.137 0.334
0.292 0.135 0.334
0.292 0.132 0.334
0.292 0.130 0.333
0.292 0.127 0.333
0.292 0.125 0.333
0.292 0.123 0.332
0.292 0.120 0.332
0.292 0.118 0.332
0.292 0.115 0.332
0.292 0.113 0.331
0.292 0.110 0.331
0.292 0.108 0.330
0.292 0.105 0.330
0.292 0.103 0.330
0.292 0.100 0.329
0.292 0.098 0.329
0.291 0.095 0.329
0.292 0.093 0.328
0.292 0.090 0.328
0.291 0.088 0.328
0.292 0.085 0.328
0.291 0.083 0.327
0.290 0.080 0.326
0.290 0.078 0.324
0.289 0.075 0.323
0.288 0.073 0.322
0.288 0.070 0.322
0.288 0.068 0.321
0.288 0.065 0.321
0.288 0.063 0.320
0.287 0.060 0.320
0.287 0.057 0.319
0.287 0.055 0.319
0.287 0.052 0.318
0.287 0.050 0.318
0.287 0.047 0.317
0.286 0.045 0.317
0.286 0.042 0.316
0.286 0.039 0.316
0.286 0.037 0.315
0.285 0.034 0.315
0.285 0.032 0.314
0.285 0.029 0.313
0.285 0.026 0.313
0.285 0.024 0.312
0.285 0.021 0.312
0.285 0.019 0.312
0.285 0.016 0.312
0.285 0.013 0.311
0.284 0.011 0.310
0.283 0.008 0.309
0.282 0.006 0.308
0.282 0.003 0.307
0.279 0.001 0.304
0.274 0.000 0.298
0.260 0.001 0.282
0.244 0.003 0.264
0.232 0.004 0.251
0.222 0.004 0.240
0.214 0.004 0.231
0.208 0.004 0.224
0.201 0.004 0.216
0.187 0.006 0.201
0.153 0.016 0.163
0.145 0.017 0.154
0.142 0.016 0.152
0.141 0.014 0.150
0.139 0.014 0.147
0.137 0.013 0.145
0.134 0.012 0.142
0.132 0.011 0.139
0.130 0.010 0.137
0.129 0.009 0.135
0.128 0.008 0.134
0.127 0.007 0.133
0.127 0.005 0.132
0.125 0.004 0.131
0.124 0.003 0.129
0.122 0.003 0.127
0.119 0.002 0.124
0.117 0.002 0.121
0.115 0.001 0.118
0.112 0.001 0.116
0.109 0.001 0.113
0.107 0.000 0.110
0.104 0.000 0.107
0.102 0.000 0.104
0.099 0.000 0.101
0.097 0.000 0.098
0.094 0.000 0.095
0.092 -0.001 0.093
0.090 -0.001 0.091
0.088 -0.001 0.088
0.086 -0.001 0.086
0.084 -0.001 0.083
0.082 -0.002 0.081
0.080 -0.002 0.079
0.078 -0.002 0.077
0.077 -0.002 0.075
0.075 -0.002 0.073
0.073 -0.003 0.071
0.071 -0.003 0.069
0.070 -0.003 0.067
0.068 -0.003 0.066
0.066 -0.003 0.064
0.065 -0.003 0.062
0.063 -0.004 0.060
0.062 -0.004 0.058
0.060 -0.004 0.056
0.058 -0.004 0.055
0.057 -0.004 0.053
0.056 -0.004 0.051
0.054 -0.004 0.050
0.053 -0.004 0.048
0.051 -0.004 0.047
0.050 -0.004 0.045
0.048 -0.004 0.043
0.047 -0.004 0.042
0.046 -0.004 0.040
0.044 -0.004 0.039
0.043 -0.004 0.037
0.042 -0.005 0.036
0.041 -0.005 0.034
0.039 -0.005 0.033
0.038 -0.005 0.032
0.037 -0.004 0.030
0.035 -0.004 0.029
0.034 -0.004 0.027
0.033 -0.004 0.026
0.032 -0.004 0.025
0.031 -0.004 0.024
0.030 -0.004 0.022
0.029 -0.004 0.021
0.028 -0.004 0.020
0.027 -0.004 0.019
0.026 -0.004 0.018
0.025 -0.004 0.017
0.024 -0.004 0.015
0.023 -0.004 0.014
0.021 -0.004 0.013
0.021 -0.004 0.012
0.020 -0.004 0.011
0.019 -0.004 0.010
0.018 -0.004 0.009
0.017 -0.004 0.008
0.016 -0.004 0.007
0.015 -0.004 0.006
0.014 -0.004 0.005
0.013 -0.004 0.004
0.013 -0.004 0.003
0.012 -0.004 0.002
0.011 -0.004 0.001
0.010 -0.004 0.000
0.009 -0.004 -0.001
0.009 -0.004 -0.001
0.008 -0.004 -0.002
0.007 -0.004 -0.003
0.006 -0.004 -0.004
0.006 -0.004 -0.005
0.005 -0.004 -0.005
0.004 -0.004 -0.006
0.004 -0.004 -0.007
0.003 -0.004 -0.008
0.002 -0.004 -0.008
0.002 -0.004 -0.009
0.001 -0.004 -0.010
0.001 -0.004 -0.011
0.000 -0.004 -0.011
-0.001 -0.004 -0.012
-0.001 -0.004 -0.013
-0.002 -0.003 -0.013
-0.003 -0.003 -0.014
-0.003 -0.003 -0.015
-0.004 -0.003 -0.015
-0.004 -0.003 -0.016
-0.005 -0.003 -0.017
-0.005 -0.003 -0.017
-0.006 -0.003 -0.018
-0.006 -0.004 -0.018
-0.007 -0.004 -0.019
-0.007 -0.004 -0.019
-0.008 -0.004 -0.020
-0.008 -0.004 -0.020
-0.009 -0.004 -0.021
-0.009 -0.004 -0.021
-0.010 -0.004 -0.022
-0.010 -0.004 -0.023
-0.010 -0.004 -0.023
-0.011 -0.004 -0.024
-0.011 -0.004 -0.024
-0.012 -0.004 -0.025
-0.012 -0.004 -0.025
-0.013 -0.004 -0.026
-0.013 -0.004 -0.026
-0.014 -0.004 -0.027
-0.014 -0.004 -0.027
-0.015 -0.004 -0.028
-0.015 -0.004 -0.028
-0.015 -0.004 -0.029
-0.016 -0.004 -0.029
-0.016 -0.004 -0.030
-0.017 -0.004 -0.030
-0.017 -0.004 -0.031
-0.018 -0.004 -0.031
-0.018 -0.004 -0.032
-0.018 -0.004 -0.032
-0.019 -0.004 -0.032
-0.019 -0.004 -0.033
-0.020 -0.003 -0.033
-0.020 -0.003 -0.034
-0.021 -0.003 -0.034
-0.021 -0.003 -0.035
-0.022 -0.003 -0.035
-0.023 -0.002 -0.036
-0.023 -0.001 -0.037
-0.020 -0.008 -0.034
0.295 0.228 0.350
0.295 0.225 0.350
0.295 0.223 0.349
0.294 0.221 0.348
0.294 0.218 0.348
0.294 0.216 0.347
0.293 0.214 0.347
0.294 0.212 0.347
0.293 0.209 0.346
0.293 0.207 0.346
0.293 0.205 0.345
0.293 0.202 0.345
0.293 0.200 0.344
0.292 0.198 0.344
0.292 0.196 0.343
0.292 0.193 0.343
0.292 0.191 0.343
0.292 0.189 0.342
0.292 0.186 0.342
0.292 0.184 0.342
0.292 0.182 0.341
0.292 0.179 0.341
0.292 0.177 0.341
0.292 0.175 0.340
0.292 0.173 0.340
0.292 0.170 0.340
0.292 0.168 0.340
0.292 0.166 0.339
0.291 0.163 0.339
0.291 0.161 0.338
0.291 0.158 0.338
0.291 0.156 0.338
0.291 0.154 0.337
0.291 0.151 0.337
0.291 0.149 0.337
0.291 0.147 0.337
0.291 0.144 0.336
0.291 0.142 0.336
0.291 0.139 0.336
0.291 0.137 0.335
0.291 0.135 0.335
0.291 0.132 0.335
0.291 0.130 0.335
0.291 0.127 0.334
0.291 0.125 0.334
0.291 0.122 0.333
0.291 0.120 0.333
0.291 0.118 0.333
0.291 0.115 0.332
0.291 0.113 0.332
0.291 0.110 0.332
0.291 0.108 0.332
0.291 0.105 0.331
0.290 0.103 0.331
0.290 0.100 0.330
0.290 0.098 0.330
0.290 0.095 0.330
0.290 0.093 0.329
0.291 0.090 0.329
0.290 0.088 0.329
0.290 0.085 0.329
0.290 0.083 0.328
0.289 0.080 0.327
0.288 0.078 0.325
0.287 0.075 0.324
0.287 0.073 0.324
0.287 0.070 0.323
0.287 0.068 0.322
0.286 0.065 0.322
0.286 0.062 0.321
0.286 0.060 0.321
0.286 0.057 0.321
0.286 0.055 0.320
0.285 0.052 0.319
0.285 0.050 0.319
0.285 0.047 0.318
0.285 0.045 0.318
0.285 0.042 0.317
0.285 0.039 0.317
0.285 0.037 0.317
0.284 0.034 0.316
0.284 0.032 0.315
0.284 0.029 0.315
0.284 0.026 0.314
0.283 0.024 0.314
0.284 0.021 0.314
0.284 0.018 0.314
0.284 0.016 0.313
0.284 0.013 0.313
0.283 0.011 0.312
0.282 0.008 0.311
0.282 0.005 0.310
0.281 0.003 0.308
0.278 0.001 0.306
0.274 -0.001 0.300
0.259 0.001 0.284
0.243 0.003 0.265
0.230 0.004 0.251
0.220 0.004 0.240
0.212 0.005 0.231
0.203 0.005 0.221
0.183 0.009 0.199
0.151 0.018 0.163
0.143 0.018 0.154
0.142 0.017 0.153
0.140 0.016 0.151
0.139 0.015 0.149
0.137 0.014 0.147
0.135 0.013 0.144
0.133 0.012 0.142
0.131 0.011 0.139
0.129 0.010 0.137
0.128 0.009 0.135
0.127 0.008 0.135
0.126 0.007 0.134
0.126 0.005 0.133
0.124 0.004 0.131
0.123 0.003 0.129
0.121 0.003 0.127
0.118 0.002 0.124
0.116 0.002 0.122
0.114 0.001 0.119
0.111 0.001 0.116
0.109 0.001 0.113
0.106 0.000 0.110
0.103 0.000 0.107
0.101 0.000 0.104
0.098 0.000 0.101
0.096 0.000 0.099
0.094 0.000 0.096
0.091 -0.001 0.093
0.089 -0.001 0.091
0.087 -0.001 0.089
0.085 -0.001 0.086
0.083 -0.001 0.084
0.081 -0.002 0.082
0.080 -0.002 0.080
0.078 -0.002 0.078
0.076 -0.002 0.076
0.074 -0.003 0.074
0.072 -0.003 0.072
0.071 -0.003 0.070
0.069 -0.003 0.068
0.067 -0.003 0.066
0.066 -0.003 0.064
0.064 -0.004 0.062
0.063 -0.004 0.060
0.061 -0.004 0.059
0.059 -0.004 0.057
0.058 -0.004 0.055
0.056 -0.004 0.053
0.055 -0.004 0.052
0.054 -0.004 0.050
0.052 -0.004 0.049
0.051 -0.004 0.047
0.049 -0.004 0.045
0.048 -0.005 0.044
0.047 -0.005 0.042
0.045 -0.004 0.041
0.044 -0.005 0.039
0.042 -0.004 0.038
0.041 -0.005 0.036
0.040 -0.005 0.035
0.039 -0.005 0.033
0.038 -0.005 0.032
0.036 -0.004 0.030
0.035 -0.004 0.029
0.034 -0.004 0.028
0.033 -0.004 0.026
0.032 -0.004 0.025
0.031 -0.005 0.024
0.030 -0.005 0.023
0.028 -0.005 0.022
0.027 -0.004 0.020
0.026 -0.004 0.019
0.025 -0.004 0.018
0.024 -0.004 0.017
0.023 -0.004 0.016
0.022 -0.004 0.015
0.021 -0.004 0.013
0.020 -0.004 0.012
0.019 -0.004 0.011
0.018 -0.004 0.010
0.017 -0.004 0.009
0.017 -0.004 0.008
0.016 -0.004 0.007
0.015 -0.004 0.006
0.014 -0.004 0.005
0.013 -0.004 0.004
0.012 -0.004 0.003
0.012 -0.004 0.003
0.011 -0.004 0.002
0.010 -0.004 0.001
0.009 -0.004 0.000
0.008 -0.004 -0.001
0.008 -0.004 -0.002
0.007 -0.004 -0.003
0.006 -0.004 -0.004
0.005 -0.003 -0.005
0.005 -0.003 -0.005
0.004 -0.004 -0.006
0.003 -0.004 -0.007
0.003 -0.004 -0.007
0.002 -0.004 -0.008
0.001 -0.004 -0.009
0.001 -0.004 -0.010
0.000 -0.004 -0.010
0.000 -0.004 -0.011
-0.001 -0.004 -0.012
-0.002 -0.004 -0.012
-0.002 -0.003 -0.013
-0.003 -0.004 -0.014
-0.003 -0.004 -0.014
-0.004 -0.003 -0.015
-0.005 -0.003 -0.016
-0.005 -0.003 -0.016
-0.006 -0.004 -0.017
-0.006 -0.004 -0.017
-0.007 -0.004 -0.018
-0.007 -0.004 -0.019
-0.008 -0.004 -0.019
-0.008 -0.004 -0.020
-0.008 -0.004 -0.020
-0.009 -0.004 -0.021
-0.009 -0.004 -0.021
-0.010 -0.004 -0.022
-0.010 -0.004 -0.022
-0.011 -0.004 -0.023
-0.011 -0.004 -0.023
-0.012 -0.004 -0.024
-0.012 -0.004 -0.024
-0.013 -0.004 -0.025
-0.013 -0.004 -0.025
-0.014 -0.004 -0.026
-0.014 -0.004 -0.027
-0.015 -0.004 -0.027
-0.015 -0.004 -0.027
-0.015 -0.004 -0.028
-0.016 -0.004 -0.028
-0.016 -0.004 -0.029
-0.016 -0.004 -0.029
-0.017 -0.004 -0.030
-0.017 -0.004 -0.030
-0.018 -0.004 -0.031
-0.018 -0.004 -0.031
-0.019 -0.004 -0.032
-0.019 -0.004 -0.032
-0.019 -0.004 -0.033
-0.020 -0.003 -0.033
-0.021 -0.003 -0.034
-0.021 -0.003 -0.034
-0.021 -0.003 -0.035
-0.022 -0.003 -0.035
-0.023 -0.002 -0.036
-0.024 -0.001 -0.037
-0.020 -0.008 -0.034
0.293 0.228 0.351
0.294 0.225 0.351
0.293 0.223 0.350
0.293 0.221 0.349
0.292 0.218 0.349
0.292 0.216 0.348
0.292 0.214 0.348
0.292 0.212 0.347
0.292 0.209 0.347
0.292 0.207 0.347
0.292 0.205 0.346
0.291 0.202 0.346
0.291 0.200 0.345
0.291 0.198 0.345
0.291 0.196 0.344
0.291 0.193 0.344
0.291 0.191 0.344
0.291 0.189 0.343
0.291 0.186 0.343
0.291 0.184 0.343
0.291 0.182 0.342
0.290 0.179 0.342
0.291 0.177 0.342
0.290 0.175 0.341
0.290 0.172 0.341
0.290 0.170 0.341
0.290 0.168 0.340
0.290 0.165 0.340
0.290 0.163 0.340
0.290 0.161 0.340
0.290 0.158 0.339
0.290 0.156 0.339
0.290 0.154 0.338
0.290 0.151 0.338
0.290 0.149 0.338
0.290 0.147 0.338
0.290 0.144 0.337
0.290 0.142 0.337
0.290 0.139 0.337
0.290 0.137 0.337
0.290 0.135 0.336
0.290 0.132 0.336
0.290 0.130 0.335
0.290 0.127 0.335
0.290 0.125 0.335
0.290 0.122 0.335
0.290 0.120 0.334
0.289 0.118 0.334
0.289 0.115 0.333
0.290 0.113 0.333
0.289 0.110 0.333
0.289 0.108 0.333
0.289 0.105 0.332
0.289 0.103 0.332
0.289 0.100 0.332
0.289 0.098 0.331
0.289 0.095 0.331
0.289 0.093 0.331
0.289 0.090 0.330
0.289 0.088 0.330
0.289 0.085 0.330
0.289 0.083 0.329
0.288 0.080 0.328
0.287 0.078 0.327
0.286 0.075 0.325
0.286 0.073 0.325
0.286 0.070 0.324
0.285 0.067 0.323
0.285 0.065 0.323
0.285 0.062 0.322
0.285 0.060 0.322
0.285 0.057 0.321
0.285 0.055 0.321
0.284 0.052 0.321
0.284 0.050 0.320
0.284 0.047 0.320
0.284 0.044 0.319
0.283 0.042 0.318
0.283 0.039 0.318
0.283 0.037 0.317
0.283 0.034 0.317
0.283 0.031 0.317
0.283 0.029 0.316
0.283 0.026 0.316
0.282 0.024 0.315
0.283 0.021 0.315
0.283 0.018 0.315
0.283 0.016 0.314
0.282 0.013 0.314
0.282 0.010 0.313
0.282 0.008 0.312
0.281 0.005 0.311
0.280 0.003 0.310
0.279 0.000 0.308
0.275 -0.001 0.303
0.260 0.000 0.287
0.242 0.003 0.266
0.228 0.004 0.251
0.218 0.005 0.239
0.206 0.006 0.226
0.180 0.012 0.197
0.150 0.019 0.164
0.143 0.020 0.156
0.142 0.019 0.154
0.141 0.017 0.153
0.139 0.016 0.151
0.137 0.015 0.149
0.135 0.014 0.147
0.134 0.013 0.144
0.132 0.012 0.142
0.130 0.011 0.139
0.128 0.010 0.138
0.127 0.009 0.136
0.126 0.008 0.135
0.125 0.007 0.134
0.125 0.005 0.133
0.124 0.004 0.132
0.122 0.003 0.130
0.120 0.003 0.127
0.117 0.002 0.125
0.115 0.002 0.122
0.113 0.001 0.119
0.110 0.001 0.116
0.108 0.001 0.113
0.105 0.000 0.110
0.103 0.000 0.107
0.100 0.000 0.104
0.097 0.000 0.101
0.095 0.000 0.099
0.093 0.000 0.096
0.091 -0.001 0.094
0.089 -0.001 0.091
0.086 -0.001 0.089
0.084 -0.001 0.087
0.082 -0.001 0.084
0.081 -0.002 0.082
0.079 -0.002 0.080
0.077 -0.002 0.078
0.075 -0.002 0.076
0.074 -0.003 0.074
0.072 -0.003 0.072
0.070 -0.003 0.070
0.069 -0.003 0.068
0.067 -0.003 0.067
0.065 -0.003 0.065
0.064 -0.004 0.063
0.062 -0.004 0.061
0.061 -0.004 0.059
0.059 -0.004 0.057
0.057 -0.004 0.056
0.056 -0.004 0.054
0.055 -0.004 0.052
0.053 -0.004 0.051
0.052 -0.004 0.049
0.050 -0.004 0.047
0.049 -0.004 0.046
0.048 -0.005 0.044
0.046 -0.005 0.043
0.045 -0.005 0.041
0.043 -0.005 0.039
0.042 -0.005 0.038
0.041 -0.005 0.037
0.040 -0.005 0.035
0.038 -0.005 0.034
0.037 -0.005 0.032
0.036 -0.004 0.031
0.034 -0.004 0.029
0.033 -0.004 0.028
0.032 -0.004 0.027
0.031 -0.004 0.026
0.030 -0.005 0.024
0.029 -0.005 0.023
0.028 -0.005 0.022
0.027 -0.005 0.021
0.026 -0.005 0.020
0.025 -0.005 0.018
0.024 -0.005 0.017
0.023 -0.004 0.016
0.022 -0.004 0.015
0.021 -0.004 0.014
0.020 -0.004 0.013
0.019 -0.004 0.012
0.018 -0.004 0.011
0.017 -0.004 0.010
0.016 -0.004 0.008
0.015 -0.004 0.007
0.014 -0.004 0.006
0.014 -0.004 0.006
0.013 -0.004 0.005
0.012 -0.004 0.004
0.011 -0.004 0.003
0.010 -0.004 0.002
0.009 -0.004 0.001
0.009 -0.004 0.000
0.008 -0.004 -0.001
0.007 -0.004 -0.002
0.006 -0.004 -0.003
0.006 -0.004 -0.003
0.005 -0.003 -0.004
0.004 -0.004 -0.005
0.004 -0.004 -0.006
0.003 -0.004 -0.006
0.002 -0.004 -0.007
0.002 -0.004 -0.008
0.001 -0.004 -0.009
0.000 -0.004 -0.009
0.000 -0.004 -0.010
-0.001 -0.004 -0.011
-0.001 -0.004 -0.011
-0.002 -0.004 -0.012
-0.003 -0.004 -0.013
-0.003 -0.004 -0.013
-0.004 -0.004 -0.014
-0.004 -0.004 -0.015
-0.005 -0.004 -0.015
-0.005 -0.004 -0.016
-0.006 -0.004 -0.017
-0.006 -0.004 -0.017
-0.007 -0.004 -0.018
-0.007 -0.004 -0.018
-0.008 -0.004 -0.019
-0.008 -0.004 -0.019
-0.009 -0.004 -0.020
-0.009 -0.004 -0.020
-0.010 -0.004 -0.021
-0.010 -0.004 -0.021
-0.011 -0.004 -0.022
-0.011 -0.004 -0.023
-0.011 -0.004 -0.023
-0.012 -0.004 -0.024
-0.012 -0.004 -0.024
-0.013 -0.004 -0.025
-0.013 -0.004 -0.025
-0.014 -0.004 -0.026
-0.014 -0.004 -0.026
-0.015 -0.004 -0.027
-0.015 -0.004 -0.027
-0.016 -0.004 -0.028
-0.016 -0.004 -0.028
-0.016 -0.005 -0.028
-0.017 -0.005 -0.029
-0.017 -0.004 -0.030
-0.018 -0.004 -0.030
-0.018 -0.004 -0.031
-0.019 -0.004 -0.031
-0.019 -0.004 -0.031
-0.019 -0.004 -0.032
-0.020 -0.004 -0.032
-0.020 -0.004 -0.033
-0.021 -0.004 -0.034
-0.021 -0.004 -0.034
-0.022 -0.003 -0.034
-0.022 -0.003 -0.035
-0.023 -0.002 -0.036
-0.024 -0.001 -0.037
-0.020 -0.008 -0.034
0.292 0.227 0.352
0.292 0.225 0.352
0.292 0.223 0.351
0.292 0.221 0.351
0.291 0.218 0.350
0.291 0.216 0.349
0.291 0.214 0.349
0.291 0.212 0.348
0.291 0.209 0.348
0.291 0.207 0.348
0.290 0.205 0.347
0.290 0.202 0.347
0.290 0.200 0.346
0.290 0.198 0.346
0.290 0.195 0.345
0.290 0.193 0.345
0.290 0.191 0.345
0.290 0.189 0.344
0.289 0.186 0.344
0.289 0.184 0.344
0.289 0.182 0.343
0.289 0.179 0.343
0.289 0.177 0.343
0.289 0.175 0.342
0.289 0.172 0.342
0.289 0.170 0.342
0.289 0.168 0.341
0.289 0.165 0.341
0.289 0.163 0.341
0.289 0.161 0.340
0.289 0.158 0.340
0.289 0.156 0.340
0.289 0.154 0.340
0.289 0.151 0.339
0.289 0.149 0.339
0.289 0.147 0.339
0.289 0.144 0.339
0.289 0.142 0.338
0.289 0.139 0.338
0.289 0.137 0.338
0.289 0.135 0.337
0.289 0.132 0.337
0.289 0.130 0.337
0.289 0.127 0.336
0.289 0.125 0.336
0.289 0.122 0.336
0.288 0.120 0.335
0.288 0.118 0.335
0.288 0.115 0.335
0.288 0.113 0.334
0.288 0.110 0.334
0.288 0.108 0.333
0.288 0.105 0.333
0.288 0.103 0.333
0.288 0.100 0.333
0.288 0.098 0.333
0.288 0.095 0.332
0.288 0.093 0.332
0.288 0.090 0.332
0.288 0.088 0.331
0.288 0.085 0.331
0.288 0.083 0.330
0.287 0.080 0.329
0.286 0.078 0.328
0.285 0.075 0.327
0.285 0.072 0.326
0.284 0.070 0.325
0.284 0.067 0.325
0.284 0.065 0.324
0.284 0.062 0.324
0.283 0.060 0.323
0.283 0.057 0.322
0.283 0.055 0.322
0.283 0.052 0.322
0.283 0.050 0.321
0.283 0.047 0.321
0.283 0.044 0.320
0.282 0.042 0.320
0.282 0.039 0.319
0.282 0.037 0.319
0.282 0.034 0.318
0.282 0.031 0.318
0.281 0.029 0.317
0.281 0.026 0.317
0.281 0.024 0.316
0.281 0.021 0.316
0.281 0.018 0.316
0.282 0.015 0.316
0.281 0.013 0.315
0.281 0.010 0.314
0.280 0.008 0.314
0.280 0.005 0.313
0.279 0.003 0.312
0.278 0.000 0.310
0.275 -0.002 0.307
0.261 -0.001 0.291
0.242 0.002 0.269
0.226 0.004 0.251
0.212 0.006 0.235
0.178 0.014 0.197
0.150 0.021 0.165
0.143 0.021 0.158
0.142 0.020 0.156
0.141 0.019 0.155
0.139 0.018 0.153
0.137 0.016 0.151
0.136 0.015 0.148
0.134 0.014 0.147
0.133 0.013 0.145
0.131 0.012 0.143
0.129 0.011 0.140
0.127 0.010 0.138
0.126 0.009 0.137
0.125 0.008 0.135
0.124 0.007 0.135
0.124 0.005 0.134
0.123 0.004 0.133
0.121 0.003 0.130
0.119 0.003 0.128
0.116 0.002 0.125
0.114 0.002 0.122
0.112 0.001 0.119
0.109 0.001 0.116
0.107 0.001 0.114
0.104 0.000 0.111
0.102 0.000 0.108
0.099 0.000 0.105
0.097 0.000 0.102
0.094 0.000 0.099
0.092 0.000 0.097
0.090 -0.001 0.094
0.088 -0.001 0.092
0.086 -0.001 0.090
0.084 -0.001 0.087
0.082 -0.001 0.085
0.080 -0.002 0.083
0.078 -0.002 0.081
0.077 -0.002 0.079
0.075 -0.003 0.077
0.073 -0.003 0.075
0.071 -0.003 0.073
0.070 -0.003 0.071
0.068 -0.003 0.069
0.066 -0.003 0.067
0.065 -0.004 0.065
0.063 -0.004 0.063
0.062 -0.004 0.061
0.060 -0.004 0.060
0.058 -0.004 0.058
0.057 -0.004 0.056
0.055 -0.004 0.054
0.054 -0.004 0.053
0.052 -0.004 0.051
0.051 -0.004 0.049
0.050 -0.004 0.048
0.048 -0.004 0.046
0.047 -0.004 0.044
0.046 -0.005 0.043
0.044 -0.005 0.041
0.043 -0.005 0.040
0.042 -0.005 0.038
0.040 -0.005 0.037
0.039 -0.005 0.036
0.038 -0.005 0.034
0.037 -0.005 0.033
0.035 -0.005 0.031
0.034 -0.004 0.030
0.033 -0.004 0.028
0.032 -0.005 0.027
0.031 -0.005 0.026
0.030 -0.005 0.025
0.029 -0.005 0.024
0.028 -0.005 0.023
0.027 -0.005 0.021
0.026 -0.005 0.020
0.025 -0.005 0.019
0.023 -0.005 0.018
0.022 -0.004 0.016
0.021 -0.004 0.015
0.020 -0.004 0.014
0.019 -0.004 0.013
0.019 -0.004 0.012
0.018 -0.004 0.011
0.017 -0.004 0.010
0.016 -0.004 0.009
0.015 -0.004 0.008
0.014 -0.004 0.007
0.013 -0.004 0.006
0.012 -0.004 0.005
0.011 -0.004 0.004
0.011 -0.004 0.003
0.010 -0.004 0.002
0.009 -0.004 0.001
0.008 -0.004 0.000
0.008 -0.004 -0.001
0.007 -0.004 -0.001
0.006 -0.004 -0.002
0.005 -0.004 -0.003
0.005 -0.004 -0.004
0.004 -0.004 -0.005
0.003 -0.004 -0.005
0.003 -0.004 -0.006
0.002 -0.004 -0.007
0.001 -0.004 -0.008
0.001 -0.004 -0.008
0.000 -0.004 -0.009
-0.001 -0.004 -0.010
-0.001 -0.004 -0.010
-0.002 -0.004 -0.011
-0.002 -0.004 -0.012
-0.003 -0.004 -0.012
-0.003 -0.004 -0.013
-0.004 -0.004 -0.014
-0.005 -0.004 -0.014
-0.005 -0.004 -0.015
-0.006 -0.004 -0.016
-0.006 -0.004 -0.016
-0.007 -0.004 -0.017
-0.007 -0.004 -0.017
-0.008 -0.004 -0.018
-0.008 -0.004 -0.019
-0.009 -0.004 -0.019
-0.009 -0.004 -0.020
-0.010 -0.004 -0.020
-0.010 -0.004 -0.021
-0.010 -0.004 -0.021
-0.011 -0.004 -0.022
-0.011 -0.004 -0.022
-0.012 -0.004 -0.023
-0.012 -0.004 -0.023
-0.013 -0.005 -0.024
-0.013 -0.004 -0.024
-0.014 -0.004 -0.025
-0.014 -0.004 -0.025
-0.014 -0.005 -0.026
-0.015 -0.005 -0.026
-0.015 -0.005 -0.027
-0.016 -0.004 -0.027
-0.016 -0.004 -0.028
-0.016 -0.005 -0.028
-0.017 -0.005 -0.029
-0.017 -0.004 -0.029
-0.018 -0.004 -0.030
-0.018 -0.004 -0.030
-0.019 -0.004 -0.031
-0.019 -0.004 -0.031
-0.019 -0.004 -0.032
-0.020 -0.004 -0.032
-0.021 -0.004 -0.033
-0.021 -0.004 -0.033
-0.021 -0.004 -0.034
-0.022 -0.004 -0.034
-0.022 -0.003 -0.035
-0.023 -0.002 -0.036
-0.024 -0.001 -0.037
-0.021 -0.008 -0.034
0.291 0.227 0.352
0.291 0.225 0.353
0.291 0.223 0.352
0.291 0.221 0.351
0.290 0.218 0.351
0.290 0.216 0.350
0.290 0.214 0.350
0.289 0.211 0.349
0.289 0.209 0.349
0.289 0.207 0.348
0.289 0.205 0.348
0.289 0.202 0.348
0.289 0.200 0.347
0.289 0.198 0.347
0.289 0.195 0.346
0.288 0.193 0.346
0.289 0.191 0.346
0.288 0.189 0.345
0.288 0.186 0.345
0.288 0.184 0.344
0.288 0.182 0.344
0.288 0.179 0.344
0.288 0.177 0.344
0.288 0.175 0.343
0.288 0.172 0.343
0.288 0.170 0.343
0.288 0.168 0.342
0.288 0.165 0.342
0.288 0.163 0.342
0.288 0.161 0.341
0.288 0.158 0.341
0.288 0.156 0.341
0.287 0.154 0.340
0.288 0.151 0.340
0.288 0.149 0.340
0.288 0.147 0.340
0.288 0.144 0.339
0.287 0.142 0.339
0.288 0.139 0.339
0.287 0.137 0.338
0.288 0.135 0.339
0.288 0.132 0.338
0.287 0.130 0.338
0.287 0.127 0.337
0.287 0.125 0.337
0.287 0.122 0.337
0.287 0.120 0.336
0.287 0.117 0.336
0.287 0.115 0.336
0.287 0.113 0.335
0.287 0.110 0.335
0.287 0.108 0.335
0.287 0.105 0.334
0.287 0.103 0.334
0.287 0.100 0.334
0.287 0.098 0.334
0.287 0.095 0.333
0.287 0.093 0.333
0.287 0.090 0.333
0.287 0.088 0.332
0.287 0.085 0.332
0.286 0.083 0.331
0.286 0.080 0.330
0.285 0.077 0.329
0.284 0.075 0.328
0.283 0.072 0.327
0.283 0.070 0.326
0.283 0.067 0.326
0.283 0.065 0.325
0.283 0.062 0.325
0.282 0.060 0.324
0.282 0.057 0.323
0.282 0.055 0.323
0.282 0.052 0.322
0.281 0.049 0.322
0.281 0.047 0.322
0.281 0.044 0.321
0.281 0.042 0.321
0.281 0.039 0.320
0.281 0.037 0.320
0.281 0.034 0.319
0.280 0.031 0.318
0.280 0.029 0.318
0.280 0.026 0.318
0.280 0.023 0.317
0.280 0.021 0.317
0.280 0.018 0.317
0.280 0.015 0.317
0.280 0.013 0.316
0.280 0.010 0.316
0.280 0.007 0.315
0.279 0.005 0.315
0.278 0.002 0.313
0.278 0.000 0.313
0.275 -0.002 0.309
0.261 -0.001 0.293
0.239 0.003 0.267
0.217 0.007 0.242
0.187 0.013 0.209
0.149 0.023 0.166
0.144 0.022 0.160
0.142 0.021 0.158
0.141 0.020 0.157
0.140 0.019 0.155
0.138 0.018 0.153
0.136 0.016 0.151
0.135 0.015 0.149
0.133 0.014 0.147
0.132 0.013 0.145
0.130 0.012 0.143
0.128 0.011 0.141
0.127 0.010 0.139
0.125 0.009 0.137
0.124 0.008 0.136
0.124 0.007 0.135
0.123 0.005 0.134
0.122 0.004 0.133
0.120 0.003 0.131
0.118 0.003 0.128
0.116 0.002 0.125
0.113 0.002 0.123
0.111 0.001 0.120
0.108 0.001 0.117
0.106 0.001 0.114
0.103 0.001 0.111
0.101 0.000 0.108
0.098 0.000 0.105
0.096 0.000 0.103
0.094 0.000 0.100
0.091 0.000 0.097
0.089 -0.001 0.095
0.087 -0.001 0.092
0.085 -0.001 0.090
0.083 -0.001 0.088
0.081 -0.002 0.086
0.080 -0.002 0.083
0.078 -0.002 0.081
0.076 -0.002 0.079
0.074 -0.003 0.077
0.073 -0.003 0.075
0.071 -0.003 0.073
0.069 -0.003 0.071
0.068 -0.003 0.069
0.066 -0.003 0.067
0.064 -0.004 0.066
0.063 -0.004 0.064
0.061 -0.004 0.062
0.060 -0.004 0.060
0.058 -0.004 0.058
0.056 -0.004 0.056
0.055 -0.004 0.055
0.053 -0.004 0.053
0.052 -0.004 0.051
0.051 -0.004 0.050
0.049 -0.004 0.048
0.048 -0.004 0.046
0.046 -0.005 0.045
0.045 -0.005 0.043
0.044 -0.005 0.042
0.043 -0.005 0.040
0.041 -0.005 0.039
0.040 -0.005 0.037
0.039 -0.005 0.036
0.038 -0.005 0.035
0.036 -0.005 0.033
0.035 -0.005 0.032
0.034 -0.005 0.030
0.032 -0.004 0.029
0.031 -0.004 0.027
0.030 -0.005 0.026
0.029 -0.005 0.025
0.028 -0.005 0.024
0.027 -0.005 0.023
0.026 -0.005 0.022
0.025 -0.005 0.020
0.024 -0.005 0.019
0.023 -0.005 0.018
0.022 -0.005 0.017
0.021 -0.004 0.016
0.020 -0.004 0.014
0.019 -0.004 0.013
0.018 -0.004 0.012
0.017 -0.004 0.011
0.016 -0.004 0.010
0.015 -0.004 0.009
0.014 -0.004 0.008
0.014 -0.004 0.007
0.013 -0.004 0.006
0.012 -0.004 0.005
0.011 -0.004 0.004
0.010 -0.004 0.003
0.010 -0.004 0.002
0.009 -0.004 0.001
0.008 -0.004 0.001
0.007 -0.004 0.000
0.006 -0.004 -0.001
0.006 -0.004 -0.002
0.005 -0.004 -0.003
0.005 -0.004 -0.003
0.004 -0.004 -0.004
0.003 -0.004 -0.005
0.002 -0.004 -0.006
0.002 -0.004 -0.007
0.001 -0.004 -0.007
0.000 -0.004 -0.008
0.000 -0.004 -0.009
-0.001 -0.004 -0.009
-0.001 -0.004 -0.010
-0.002 -0.004 -0.011
-0.003 -0.004 -0.012
-0.003 -0.004 -0.012
-0.004 -0.004 -0.013
-0.004 -0.004 -0.013
-0.005 -0.004 -0.014
-0.005 -0.004 -0.015
-0.006 -0.004 -0.015
-0.006 -0.004 -0.016
-0.007 -0.004 -0.017
-0.008 -0.004 -0.017
-0.008 -0.004 -0.018
-0.008 -0.004 -0.018
-0.009 -0.004 -0.019
-0.009 -0.004 -0.020
-0.010 -0.004 -0.020
-0.010 -0.004 -0.020
-0.011 -0.004 -0.021
-0.011 -0.004 -0.022
-0.012 -0.004 -0.022
-0.012 -0.004 -0.023
-0.013 -0.004 -0.023
-0.013 -0.005 -0.024
-0.013 -0.005 -0.024
-0.014 -0.004 -0.025
-0.014 -0.004 -0.025
-0.015 -0.005 -0.026
-0.015 -0.005 -0.026
-0.016 -0.005 -0.027
-0.016 -0.005 -0.027
-0.016 -0.005 -0.028
-0.017 -0.005 -0.028
-0.017 -0.005 -0.028
-0.018 -0.004 -0.029
-0.018 -0.004 -0.030
-0.019 -0.004 -0.030
-0.019 -0.004 -0.031
-0.019 -0.004 -0.031
-0.020 -0.004 -0.031
-0.020 -0.004 -0.032
-0.021 -0.004 -0.033
-0.021 -0.004 -0.033
-0.022 -0.004 -0.033
-0.022 -0.004 -0.034
-0.022 -0.003 -0.034
-0.024 -0.002 -0.036
-0.025 -0.001 -0.037
-0.021 -0.008 -0.033
0.289 0.227 0.353
0.290 0.225 0.353
0.290 0.223 0.353
0.289 0.221 0.352
0.289 0.218 0.352
0.289 0.216 0.351
0.288 0.214 0.351
0.288 0.211 0.350
0.288 0.209 0.350
0.288 0.207 0.349
0.288 0.205 0.349
0.288 0.202 0.348
0.288 0.200 0.348
0.287 0.198 0.348
0.287 0.195 0.347
0.287 0.193 0.347
0.287 0.191 0.346
0.287 0.189 0.346
0.287 0.186 0.346
0.287 0.184 0.345
0.287 0.182 0.345
0.287 0.179 0.345
0.286 0.177 0.344
0.287 0.175 0.344
0.287 0.172 0.344
0.287 0.170 0.344
0.287 0.168 0.343
0.286 0.165 0.343
0.286 0.163 0.343
0.286 0.161 0.342
0.286 0.158 0.342
0.286 0.156 0.342
0.286 0.154 0.342
0.286 0.151 0.341
0.286 0.149 0.341
0.286 0.146 0.341
0.286 0.144 0.340
0.286 0.142 0.340
0.286 0.139 0.340
0.286 0.137 0.339
0.286 0.134 0.339
0.286 0.132 0.339
0.286 0.130 0.339
0.286 0.127 0.339
0.286 0.125 0.338
0.286 0.122 0.338
0.286 0.120 0.337
0.286 0.117 0.337
0.286 0.115 0.337
0.286 0.112 0.337
0.286 0.110 0.336
0.286 0.108 0.336
0.286 0.105 0.336
0.286 0.103 0.335
0.286 0.100 0.335
0.285 0.098 0.334
0.286 0.095 0.334
0.286 0.093 0.334
0.285 0.090 0.334
0.286 0.088 0.334
0.285 0.085 0.333
0.285 0.082 0.333
0.285 0.080 0.331
0.283 0.077 0.330
0.283 0.075 0.329
0.282 0.072 0.328
0.282 0.070 0.327
0.282 0.067 0.327
0.282 0.065 0.326
0.281 0.062 0.326
0.281 0.060 0.325
0.281 0.057 0.325
0.281 0.055 0.324
0.281 0.052 0.324
0.280 0.049 0.323
0.280 0.047 0.323
0.280 0.044 0.322
0.280 0.042 0.322
0.280 0.039 0.321
0.279 0.036 0.321
0.279 0.034 0.320
0.279 0.031 0.320
0.279 0.029 0.319
0.279 0.026 0.319
0.279 0.023 0.319
0.279 0.021 0.318
0.279 0.018 0.318
0.279 0.015 0.318
0.279 0.013 0.318
0.279 0.010 0.317
0.279 0.007 0.317
0.278 0.005 0.316
0.277 0.002 0.315
0.277 0.000 0.314
0.274 -0.002 0.311
0.256 0.000 0.290
0.211 0.010 0.238
0.175 0.018 0.197
0.151 0.023 0.170
0.144 0.024 0.162
0.143 0.022 0.161
0.142 0.021 0.159
0.140 0.020 0.157
0.139 0.019 0.156
0.137 0.018 0.154
0.135 0.016 0.151
0.134 0.015 0.149
0.132 0.014 0.148
0.131 0.013 0.146
0.129 0.012 0.144
0.127 0.011 0.141
0.126 0.010 0.139
0.124 0.009 0.138
0.123 0.008 0.137
0.123 0.007 0.136
0.122 0.005 0.135
0.121 0.004 0.133
0.119 0.003 0.131
0.117 0.003 0.128
0.115 0.002 0.126
0.112 0.002 0.123
0.110 0.002 0.120
0.107 0.001 0.117
0.105 0.001 0.114
0.102 0.001 0.111
0.100 0.000 0.109
0.098 0.000 0.106
0.095 0.000 0.103
0.093 0.000 0.100
0.091 0.000 0.098
0.089 -0.001 0.095
0.086 -0.001 0.093
0.085 -0.001 0.090
0.083 -0.001 0.088
0.081 -0.002 0.086
0.079 -0.002 0.084
0.077 -0.002 0.082
0.075 -0.002 0.080
0.074 -0.003 0.078
0.072 -0.003 0.076
0.070 -0.003 0.074
0.069 -0.003 0.072
0.067 -0.003 0.070
0.065 -0.003 0.068
0.064 -0.004 0.066
0.062 -0.004 0.064
0.061 -0.004 0.062
0.059 -0.004 0.060
0.058 -0.004 0.059
0.056 -0.004 0.057
0.054 -0.004 0.055
0.053 -0.004 0.053
0.051 -0.004 0.052
0.050 -0.004 0.050
0.049 -0.004 0.048
0.047 -0.005 0.047
0.046 -0.005 0.045
0.045 -0.005 0.044
0.043 -0.005 0.042
0.042 -0.005 0.041
0.041 -0.005 0.039
0.039 -0.005 0.038
0.038 -0.005 0.036
0.037 -0.005 0.035
0.036 -0.005 0.033
0.034 -0.005 0.032
0.033 -0.005 0.031
0.032 -0.005 0.029
0.031 -0.005 0.028
0.030 -0.005 0.027
0.029 -0.005 0.026
0.028 -0.005 0.024
0.027 -0.005 0.023
0.026 -0.005 0.022
0.025 -0.005 0.021
0.024 -0.005 0.020
0.023 -0.005 0.018
0.022 -0.005 0.017
0.021 -0.004 0.016
0.020 -0.004 0.015
0.019 -0.004 0.014
0.018 -0.004 0.013
0.017 -0.004 0.011
0.016 -0.004 0.010
0.015 -0.004 0.009
0.014 -0.004 0.008
0.013 -0.004 0.007
0.012 -0.004 0.006
0.011 -0.004 0.005
0.011 -0.004 0.004
0.010 -0.004 0.004
0.009 -0.004 0.003
0.008 -0.004 0.002
0.008 -0.004 0.001
0.007 -0.004 0.000
0.006 -0.004 -0.001
0.005 -0.004 -0.002
0.005 -0.004 -0.002
0.004 -0.004 -0.003
0.003 -0.004 -0.004
0.003 -0.004 -0.005
0.002 -0.004 -0.006
0.001 -0.004 -0.006
0.001 -0.004 -0.007
0.000 -0.004 -0.008
0.000 -0.004 -0.008
-0.001 -0.004 -0.009
-0.002 -0.004 -0.010
-0.002 -0.004 -0.011
-0.003 -0.004 -0.011
-0.003 -0.004 -0.012
-0.004 -0.004 -0.012
-0.005 -0.004 -0.013
-0.005 -0.004 -0.014
-0.005 -0.004 -0.014
-0.006 -0.004 -0.015
-0.007 -0.004 -0.016
-0.007 -0.004 -0.016
-0.008 -0.004 -0.017
-0.008 -0.004 -0.018
-0.009 -0.004 -0.018
-0.009 -0.004 -0.019
-0.010 -0.004 -0.019
-0.010 -0.004 -0.020
-0.011 -0.004 -0.020
-0.011 -0.004 -0.021
-0.011 -0.004 -0.021
-0.012 -0.004 -0.022
-0.012 -0.005 -0.022
-0.013 -0.004 -0.023
-0.013 -0.005 -0.023
-0.014 -0.005 -0.024
-0.014 -0.005 -0.024
-0.015 -0.005 -0.025
-0.015 -0.005 -0.025
-0.015 -0.005 -0.026
-0.016 -0.005 -0.026
-0.016 -0.005 -0.027
-0.017 -0.005 -0.027
-0.017 -0.005 -0.028
-0.017 -0.005 -0.028
-0.018 -0.004 -0.029
-0.018 -0.004 -0.029
-0.019 -0.004 -0.030
-0.019 -0.004 -0.030
-0.020 -0.004 -0.031
-0.020 -0.004 -0.031
-0.021 -0.004 -0.032
-0.021 -0.004 -0.032
-0.021 -0.004 -0.033
-0.022 -0.004 -0.033
-0.022 -0.004 -0.034
-0.023 -0.003 -0.034
-0.024 -0.002 -0.035
-0.025 -0.001 -0.036
-0.021 -0.008 -0.033
0.288 0.227 0.354
0.289 0.225 0.354
0.288 0.223 0.354
0.288 0.221 0.353
0.288 0.218 0.352
0.287 0.216 0.352
0.287 0.214 0.351
0.287 0.211 0.351
0.287 0.209 0.351
0.287 0.207 0.350
0.286 0.205 0.350
0.286 0.202 0.349
0.286 0.200 0.349
0.286 0.198 0.349
0.286 0.195 0.348
0.286 0.193 0.348
0.286 0.191 0.347
0.286 0.188 0.347
0.286 0.186 0.347
0.285 0.184 0.346
0.285 0.182 0.346
0.285 0.179 0.346
0.285 0.177 0.345
0.285 0.175 0.345
0.285 0.172 0.345
0.285 0.170 0.344
0.285 0.168 0.344
0.285 0.165 0.344
0.285 0.163 0.344
0.285 0.161 0.343
0.285 0.158 0.343
0.285 0.156 0.343
0.285 0.154 0.342
0.285 0.151 0.342
0.285 0.149 0.342
0.285 0.146 0.342
0.285 0.144 0.342
0.285 0.142 0.341
0.285 0.139 0.341
0.285 0.137 0.341
0.285 0.134 0.340
0.285 0.132 0.340
0.285 0.130 0.340
0.285 0.127 0.340
0.285 0.125 0.339
0.285 0.122 0.339
0.285 0.120 0.338
0.285 0.117 0.338
0.285 0.115 0.338
0.285 0.112 0.337
0.284 0.110 0.337
0.285 0.108 0.337
0.285 0.105 0.337
0.284 0.103 0.336
0.284 0.100 0.336
0.284 0.098 0.336
0.284 0.095 0.335
0.285 0.093 0.335
0.284 0.090 0.335
0.284 0.087 0.334
0.284 0.085 0.334
0.284 0.082 0.334
0.283 0.080 0.332
0.282 0.077 0.331
0.282 0.075 0.330
0.281 0.072 0.329
0.281 0.070 0.328
0.280 0.067 0.328
0.280 0.065 0.327
0.280 0.062 0.327
0.280 0.060 0.326
0.280 0.057 0.326
0.280 0.054 0.326
0.279 0.052 0.325
0.279 0.049 0.324
0.279 0.047 0.324
0.279 0.044 0.323
0.279 0.042 0.323
0.278 0.039 0.322
0.278 0.036 0.322
0.278 0.034 0.322
0.278 0.031 0.321
0.278 0.029 0.321
0.278 0.026 0.320
0.278 0.023 0.320
0.278 0.021 0.320
0.278 0.018 0.320
0.278 0.015 0.319
0.278 0.013 0.319
0.277 0.010 0.318
0.278 0.007 0.318
0.277 0.005 0.317
0.274 0.003 0.314
0.274 0.000 0.313
0.271 -0.002 0.309
0.205 0.013 0.234
0.162 0.024 0.185
0.148 0.026 0.169
0.143 0.026 0.163
0.142 0.024 0.162
0.142 0.022 0.162
0.141 0.021 0.160
0.139 0.020 0.158
0.138 0.019 0.156
0.136 0.017 0.154
0.135 0.016 0.152
0.133 0.015 0.150
0.132 0.014 0.148
0.130 0.013 0.146
0.128 0.012 0.144
0.126 0.011 0.142
0.125 0.010 0.140
0.123 0.009 0.138
0.122 0.008 0.137
0.122 0.007 0.136
0.121 0.005 0.135
0.120 0.004 0.133
0.118 0.004 0.131
0.116 0.003 0.128
0.113 0.002 0.126
0.111 0.002 0.123
0.109 0.002 0.120
0.106 0.001 0.118
0.104 0.001 0.115
0.102 0.001 0.112
0.099 0.000 0.109
0.097 0.000 0.106
0.094 0.000 0.103
0.092 0.000 0.101
0.090 0.000 0.098
0.088 -0.001 0.095
0.086 -0.001 0.093
0.084 -0.001 0.091
0.082 -0.001 0.089
0.080 -0.002 0.086
0.078 -0.002 0.084
0.077 -0.002 0.082
0.075 -0.002 0.080
0.073 -0.003 0.078
0.071 -0.003 0.076
0.070 -0.003 0.074
0.068 -0.003 0.072
0.066 -0.003 0.070
0.065 -0.004 0.068
0.063 -0.004 0.066
0.062 -0.004 0.065
0.060 -0.004 0.063
0.058 -0.004 0.061
0.057 -0.004 0.059
0.055 -0.004 0.057
0.054 -0.004 0.055
0.052 -0.004 0.054
0.051 -0.004 0.052
0.049 -0.004 0.050
0.048 -0.004 0.049
0.047 -0.004 0.047
0.045 -0.005 0.046
0.044 -0.005 0.044
0.043 -0.005 0.043
0.041 -0.005 0.041
0.040 -0.005 0.039
0.039 -0.005 0.038
0.038 -0.005 0.037
0.036 -0.005 0.035
0.035 -0.005 0.034
0.034 -0.005 0.032
0.033 -0.005 0.031
0.032 -0.005 0.029
0.030 -0.005 0.028
0.029 -0.005 0.027
0.028 -0.005 0.026
0.027 -0.005 0.025
0.026 -0.005 0.023
0.025 -0.005 0.022
0.024 -0.005 0.021
0.023 -0.005 0.020
0.022 -0.005 0.019
0.021 -0.005 0.017
0.020 -0.005 0.016
0.019 -0.005 0.015
0.018 -0.004 0.014
0.017 -0.004 0.013
0.016 -0.004 0.012
0.015 -0.004 0.011
0.015 -0.004 0.010
0.014 -0.004 0.009
0.013 -0.004 0.008
0.012 -0.004 0.007
0.011 -0.004 0.006
0.010 -0.004 0.005
0.010 -0.004 0.004
0.009 -0.004 0.003
0.008 -0.004 0.002
0.007 -0.004 0.001
0.006 -0.004 0.000
0.006 -0.004 -0.001
0.005 -0.004 -0.001
0.004 -0.004 -0.002
0.004 -0.004 -0.003
0.003 -0.004 -0.004
0.002 -0.004 -0.004
0.002 -0.004 -0.005
0.001 -0.004 -0.006
0.001 -0.004 -0.007
0.000 -0.004 -0.007
-0.001 -0.004 -0.008
-0.001 -0.004 -0.009
-0.002 -0.004 -0.010
-0.003 -0.004 -0.010
-0.003 -0.004 -0.011
-0.004 -0.004 -0.012
-0.004 -0.004 -0.012
-0.005 -0.004 -0.013
-0.005 -0.004 -0.013
-0.006 -0.004 -0.014
-0.006 -0.004 -0.015
-0.007 -0.004 -0.015
-0.007 -0.004 -0.016
-0.008 -0.004 -0.017
-0.009 -0.004 -0.017
-0.009 -0.004 -0.018
-0.009 -0.004 -0.018
-0.010 -0.004 -0.019
-0.010 -0.004 -0.020
-0.011 -0.004 -0.020
-0.011 -0.004 -0.021
-0.012 -0.004 -0.021
-0.012 -0.004 -0.022
-0.013 -0.005 -0.022
-0.013 -0.005 -0.023
-0.013 -0.005 -0.023
-0.014 -0.005 -0.024
-0.014 -0.005 -0.024
-0.015 -0.005 -0.025
-0.015 -0.005 -0.025
-0.016 -0.005 -0.026
-0.016 -0.005 -0.026
-0.016 -0.005 -0.027
-0.017 -0.005 -0.027
-0.017 -0.005 -0.027
-0.018 -0.005 -0.028
-0.018 -0.005 -0.029
-0.019 -0.005 -0.029
-0.019 -0.004 -0.030
-0.019 -0.004 -0.030
-0.020 -0.004 -0.031
-0.020 -0.005 -0.031
-0.021 -0.004 -0.032
-0.021 -0.004 -0.032
-0.022 -0.004 -0.033
-0.022 -0.004 -0.033
-0.022 -0.004 -0.033
-0.023 -0.003 -0.034
-0.024 -0.002 -0.035
-0.025 -0.001 -0.036
-0.021 -0.009 -0.033
0.287 0.227 0.355
0.287 0.225 0.355
0.287 0.223 0.355
0.287 0.221 0.354
0.286 0.218 0.353
0.286 0.216 0.353
0.286 0.214 0.352
0.286 0.211 0.352
0.286 0.209 0.351
0.285 0.207 0.351
0.285 0.205 0.351
0.285 0.202 0.350
0.285 0.200 0.350
0.285 0.198 0.349
0.285 0.195 0.349
0.285 0.193 0.349
0.284 0.191 0.348
0.284 0.188 0.348
0.284 0.186 0.348
0.284 0.184 0.347
0.284 0.181 0.347
0.284 0.179 0.346
0.284 0.177 0.346
0.284 0.175 0.346
0.284 0.172 0.346
0.284 0.170 0.345
0.284 0.168 0.345
0.284 0.165 0.345
0.284 0.163 0.344
0.284 0.161 0.344
0.284 0.158 0.344
0.284 0.156 0.344
0.284 0.154 0.344
0.284 0.151 0.343
0.284 0.149 0.343
0.284 0.146 0.343
0.284 0.144 0.342
0.284 0.142 0.342
0.284 0.139 0.342
0.284 0.137 0.342
0.284 0.134 0.341
0.284 0.132 0.341
0.284 0.130 0.341
0.284 0.127 0.340
0.283 0.125 0.340
0.283 0.122 0.340
0.283 0.120 0.339
0.283 0.117 0.339
0.283 0.115 0.339
0.283 0.112 0.338
0.283 0.110 0.338
0.283 0.107 0.338
0.283 0.105 0.338
0.283 0.102 0.338
0.283 0.100 0.337
0.283 0.097 0.337
0.283 0.095 0.337
0.283 0.092 0.336
0.283 0.090 0.336
0.283 0.087 0.336
0.283 0.085 0.335
0.283 0.082 0.335
0.282 0.080 0.333
0.281 0.077 0.332
0.280 0.075 0.331
0.280 0.072 0.330
0.280 0.070 0.330
0.279 0.067 0.329
0.279 0.065 0.329
0.279 0.062 0.328
0.279 0.060 0.327
0.278 0.057 0.327
0.278 0.054 0.327
0.278 0.052 0.326
0.278 0.049 0.325
0.278 0.047 0.325
0.277 0.044 0.324
0.277 0.042 0.324
0.277 0.039 0.323
0.277 0.036 0.323
0.277 0.034 0.323
0.277 0.031 0.322
0.276 0.028 0.322
0.276 0.026 0.321
0.276 0.023 0.321
0.276 0.021 0.321
0.276 0.018 0.321
0.277 0.015 0.320
0.277 0.012 0.320
0.276 0.010 0.319
0.275 0.007 0.317
0.273 0.005 0.315
0.272 0.003 0.314
0.271 0.000 0.312
0.261 0.000 0.300
0.152 0.028 0.176
0.143 0.029 0.165
0.142 0.027 0.163
0.141 0.026 0.162
0.141 0.024 0.162
0.141 0.022 0.161
0.140 0.021 0.160
0.138 0.020 0.159
0.137 0.019 0.156
0.135 0.017 0.155
0.134 0.016 0.153
0.132 0.015 0.151
0.131 0.014 0.149
0.129 0.013 0.147
0.127 0.012 0.144
0.125 0.011 0.142
0.124 0.010 0.140
0.123 0.009 0.139
0.122 0.008 0.137
0.121 0.007 0.136
0.120 0.006 0.135
0.119 0.004 0.134
0.117 0.004 0.131
0.114 0.003 0.128
0.112 0.003 0.126
0.110 0.002 0.123
0.108 0.002 0.121
0.106 0.001 0.118
0.103 0.001 0.115
0.101 0.001 0.112
0.098 0.000 0.109
0.096 0.000 0.107
0.094 0.000 0.104
0.092 0.000 0.101
0.089 0.000 0.099
0.087 -0.001 0.096
0.085 -0.001 0.094
0.083 -0.001 0.091
0.081 -0.001 0.089
0.079 -0.002 0.087
0.078 -0.002 0.085
0.076 -0.002 0.083
0.074 -0.002 0.081
0.072 -0.003 0.079
0.071 -0.003 0.077
0.069 -0.003 0.075
0.067 -0.003 0.073
0.066 -0.003 0.071
0.064 -0.004 0.069
0.063 -0.004 0.067
0.061 -0.004 0.065
0.060 -0.004 0.063
0.058 -0.004 0.061
0.056 -0.004 0.060
0.055 -0.004 0.058
0.053 -0.004 0.056
0.052 -0.004 0.054
0.050 -0.004 0.052
0.049 -0.004 0.051
0.047 -0.004 0.049
0.046 -0.004 0.047
0.045 -0.004 0.046
0.043 -0.005 0.044
0.042 -0.005 0.043
0.041 -0.005 0.041
0.039 -0.005 0.040
0.038 -0.005 0.038
0.037 -0.005 0.037
0.036 -0.005 0.035
0.035 -0.005 0.034
0.034 -0.005 0.033
0.032 -0.005 0.031
0.031 -0.005 0.030
0.030 -0.005 0.028
0.029 -0.005 0.027
0.028 -0.005 0.026
0.027 -0.005 0.025
0.026 -0.005 0.024
0.025 -0.005 0.022
0.024 -0.005 0.021
0.023 -0.005 0.020
0.022 -0.005 0.019
0.021 -0.005 0.018
0.020 -0.005 0.017
0.019 -0.005 0.015
0.018 -0.004 0.014
0.017 -0.004 0.013
0.016 -0.004 0.012
0.015 -0.004 0.011
0.014 -0.004 0.010
0.013 -0.004 0.009
0.012 -0.004 0.008
0.012 -0.004 0.007
0.011 -0.004 0.006
0.010 -0.004 0.005
0.009 -0.004 0.004
0.008 -0.004 0.003
0.008 -0.004 0.002
0.007 -0.004 0.001
0.006 -0.004 0.001
0.005 -0.004 0.000
0.005 -0.004 -0.001
0.004 -0.004 -0.002
0.003 -0.004 -0.003
0.003 -0.004 -0.003
0.002 -0.004 -0.004
0.001 -0.004 -0.005
0.001 -0.004 -0.006
0.000 -0.004 -0.006
0.000 -0.004 -0.007
-0.001 -0.004 -0.008
-0.002 -0.004 -0.009
-0.002 -0.004 -0.009
-0.003 -0.004 -0.010
-0.004 -0.004 -0.011
-0.004 -0.004 -0.011
-0.005 -0.004 -0.012
-0.005 -0.004 -0.013
-0.006 -0.004 -0.013
-0.006 -0.004 -0.014
-0.007 -0.004 -0.015
-0.007 -0.004 -0.015
-0.008 -0.004 -0.016
-0.008 -0.004 -0.016
-0.009 -0.004 -0.017
-0.009 -0.004 -0.018
-0.010 -0.004 -0.018
-0.010 -0.004 -0.019
-0.011 -0.004 -0.019
-0.011 -0.004 -0.020
-0.012 -0.005 -0.020
-0.012 -0.005 -0.021
-0.012 -0.005 -0.021
-0.013 -0.005 -0.022
-0.013 -0.005 -0.022
-0.014 -0.005 -0.023
-0.014 -0.005 -0.023
-0.015 -0.005 -0.024
-0.015 -0.005 -0.024
-0.015 -0.005 -0.025
-0.016 -0.005 -0.025
-0.016 -0.005 -0.026
-0.017 -0.005 -0.026
-0.017 -0.005 -0.027
-0.017 -0.005 -0.027
-0.018 -0.005 -0.028
-0.018 -0.005 -0.028
-0.019 -0.005 -0.029
-0.019 -0.004 -0.029
-0.020 -0.004 -0.030
-0.020 -0.005 -0.030
-0.020 -0.005 -0.031
-0.021 -0.005 -0.031
-0.021 -0.004 -0.032
-0.022 -0.004 -0.032
-0.022 -0.004 -0.033
-0.023 -0.004 -0.033
-0.023 -0.003 -0.034
-0.024 -0.002 -0.035
-0.025 -0.001 -0.036
-0.021 -0.009 -0.032
0.286 0.227 0.356
0.286 0.225 0.356
0.286 0.223 0.356
0.285 0.221 0.355
0.285 0.218 0.354
0.285 0.216 0.354
0.285 0.214 0.353
0.284 0.211 0.353
0.284 0.209 0.352
0.284 0.207 0.352
0.284 0.204 0.352
0.284 0.202 0.351
0.284 0.200 0.351
0.284 0.198 0.350
0.284 0.195 0.350
0.283 0.193 0.350
0.283 0.191 0.349
0.283 0.188 0.349
0.283 0.186 0.348
0.283 0.184 0.348
0.283 0.181 0.348
0.283 0.179 0.347
0.283 0.177 0.347
0.283 0.174 0.347
0.283 0.172 0.347
0.283 0.170 0.346
0.283 0.168 0.346
0.283 0.165 0.346
0.283 0.163 0.346
0.283 0.161 0.345
0.282 0.158 0.345
0.282 0.156 0.345
0.283 0.153 0.344
0.283 0.151 0.344
0.283 0.149 0.344
0.283 0.146 0.344
0.282 0.144 0.343
0.282 0.142 0.343
0.283 0.139 0.343
0.282 0.137 0.343
0.282 0.134 0.342
0.282 0.132 0.342
0.282 0.130 0.342
0.282 0.127 0.341
0.282 0.125 0.341
0.282 0.122 0.341
0.282 0.120 0.340
0.282 0.117 0.340
0.282 0.115 0.340
0.282 0.112 0.340
0.282 0.110 0.339
0.282 0.107 0.339
0.282 0.105 0.339
0.282 0.102 0.339
0.282 0.100 0.338
0.282 0.097 0.338
0.282 0.095 0.338
0.282 0.092 0.337
0.282 0.090 0.337
0.282 0.087 0.337
0.282 0.085 0.336
0.281 0.082 0.335
0.280 0.080 0.334
0.280 0.077 0.333
0.279 0.075 0.332
0.279 0.072 0.331
0.278 0.070 0.331
0.278 0.067 0.330
0.278 0.065 0.330
0.278 0.062 0.329
0.278 0.059 0.329
0.277 0.057 0.328
0.277 0.054 0.327
0.277 0.052 0.327
0.277 0.049 0.327
0.276 0.047 0.326
0.276 0.044 0.325
0.276 0.041 0.325
0.276 0.039 0.324
0.276 0.036 0.324
0.275 0.034 0.323
0.275 0.031 0.323
0.275 0.028 0.323
0.275 0.026 0.322
0.275 0.023 0.322
0.275 0.020 0.322
0.275 0.018 0.322
0.276 0.015 0.322
0.275 0.012 0.321
0.274 0.010 0.319
0.272 0.008 0.317
0.270 0.006 0.314
0.272 0.002 0.316
0.265 0.002 0.308
0.174 0.023 0.203
0.140 0.031 0.163
0.141 0.029 0.164
0.139 0.028 0.162
0.140 0.026 0.162
0.140 0.024 0.162
0.140 0.023 0.162
0.139 0.021 0.161
0.137 0.020 0.158
0.136 0.019 0.157
0.134 0.017 0.155
0.133 0.016 0.153
0.131 0.015 0.151
0.130 0.014 0.149
0.128 0.013 0.147
0.126 0.012 0.145
0.124 0.011 0.143
0.123 0.010 0.141
0.122 0.009 0.139
0.120 0.008 0.138
0.120 0.007 0.137
0.119 0.006 0.135
0.118 0.004 0.134
0.116 0.004 0.132
0.114 0.003 0.129
0.112 0.002 0.127
0.110 0.002 0.124
0.107 0.002 0.121
0.105 0.001 0.119
0.103 0.001 0.116
0.100 0.001 0.113
0.098 0.000 0.110
0.095 0.000 0.107
0.093 0.000 0.105
0.091 0.000 0.102
0.089 -0.001 0.099
0.086 -0.001 0.097
0.084 -0.001 0.094
0.083 -0.001 0.092
0.081 -0.001 0.090
0.079 -0.002 0.087
0.077 -0.002 0.085
0.075 -0.002 0.083
0.073 -0.002 0.081
0.072 -0.003 0.079
0.070 -0.003 0.077
0.068 -0.003 0.075
0.067 -0.003 0.073
0.065 -0.003 0.071
0.063 -0.003 0.069
0.062 -0.004 0.067
0.060 -0.004 0.065
0.059 -0.004 0.064
0.057 -0.004 0.062
0.056 -0.004 0.060
0.054 -0.004 0.058
0.053 -0.004 0.056
0.051 -0.004 0.054
0.050 -0.004 0.053
0.048 -0.004 0.051
0.047 -0.004 0.049
0.045 -0.004 0.048
0.044 -0.004 0.046
0.043 -0.004 0.045
0.042 -0.005 0.043
0.040 -0.005 0.042
0.039 -0.005 0.040
0.038 -0.005 0.039
0.037 -0.005 0.037
0.035 -0.005 0.036
0.034 -0.005 0.034
0.033 -0.005 0.033
0.032 -0.005 0.032
0.031 -0.005 0.030
0.030 -0.005 0.029
0.028 -0.005 0.027
0.028 -0.005 0.026
0.027 -0.005 0.025
0.025 -0.005 0.024
0.024 -0.005 0.023
0.023 -0.005 0.022
0.022 -0.005 0.020
0.021 -0.005 0.019
0.020 -0.005 0.018
0.019 -0.005 0.017
0.018 -0.004 0.016
0.017 -0.004 0.015
0.017 -0.004 0.014
0.016 -0.004 0.012
0.015 -0.004 0.011
0.014 -0.004 0.010
0.013 -0.004 0.009
0.012 -0.004 0.008
0.011 -0.004 0.007
0.010 -0.004 0.006
0.010 -0.004 0.005
0.009 -0.004 0.004
0.008 -0.004 0.003
0.007 -0.004 0.003
0.006 -0.004 0.002
0.006 -0.004 0.001
0.005 -0.004 0.000
0.004 -0.004 -0.001
0.004 -0.004 -0.002
0.003 -0.004 -0.002
0.002 -0.004 -0.003
0.002 -0.004 -0.004
0.001 -0.004 -0.005
0.000 -0.004 -0.006
0.000 -0.004 -0.006
-0.001 -0.004 -0.007
-0.001 -0.004 -0.008
-0.002 -0.004 -0.008
-0.003 -0.004 -0.009
-0.003 -0.004 -0.010
-0.004 -0.004 -0.010
-0.004 -0.004 -0.011
-0.005 -0.004 -0.012
-0.005 -0.004 -0.012
-0.006 -0.004 -0.013
-0.006 -0.004 -0.014
-0.007 -0.004 -0.014
-0.007 -0.004 -0.015
-0.008 -0.004 -0.016
-0.009 -0.004 -0.016
-0.009 -0.004 -0.017
-0.009 -0.004 -0.017
-0.010 -0.004 -0.018
-0.011 -0.004 -0.019
-0.011 -0.004 -0.019
-0.011 -0.005 -0.020
-0.012 -0.005 -0.020
-0.012 -0.005 -0.021
-0.013 -0.005 -0.021
-0.013 -0.005 -0.022
-0.013 -0.005 -0.022
-0.014 -0.005 -0.023
-0.014 -0.005 -0.023
-0.015 -0.005 -0.024
-0.015 -0.005 -0.024
-0.016 -0.005 -0.025
-0.016 -0.005 -0.025
-0.016 -0.005 -0.026
-0.017 -0.005 -0.026
-0.017 -0.006 -0.026
-0.017 -0.005 -0.027
-0.018 -0.005 -0.027
-0.018 -0.005 -0.028
-0.019 -0.005 -0.029
-0.020 -0.005 -0.029
-0.020 -0.005 -0.030
-0.020 -0.005 -0.030
-0.021 -0.005 -0.030
-0.021 -0.005 -0.031
-0.021 -0.005 -0.031
-0.022 -0.004 -0.032
-0.022 -0.005 -0.032
-0.023 -0.004 -0.033
-0.023 -0.004 -0.034
-0.025 -0.002 -0.035
-0.025 -0.001 -0.036
-0.022 -0.009 -0.032
0.285 0.227 0.357
0.285 0.225 0.357
0.285 0.223 0.357
0.284 0.220 0.356
0.284 0.218 0.355
0.284 0.216 0.355
0.283 0.214 0.354
0.283 0.211 0.354
0.283 0.209 0.353
0.283 0.207 0.353
0.283 0.204 0.353
0.283 0.202 0.352
0.283 0.200 0.352
0.282 0.198 0.352
0.282 0.195 0.351
0.282 0.193 0.351
0.282 0.191 0.350
0.282 0.188 0.350
0.282 0.186 0.349
0.282 0.184 0.349
0.281 0.181 0.349
0.281 0.179 0.348
0.281 0.177 0.348
0.281 0.174 0.348
0.281 0.172 0.348
0.281 0.170 0.347
0.281 0.168 0.347
0.281 0.165 0.347
0.281 0.163 0.346
0.281 0.161 0.346
0.281 0.158 0.346
0.281 0.156 0.346
0.281 0.153 0.345
0.281 0.151 0.345
0.281 0.149 0.345
0.281 0.146 0.345
0.281 0.144 0.344
0.281 0.142 0.344
0.281 0.139 0.344
0.281 0.137 0.344
0.281 0.134 0.343
0.281 0.132 0.343
0.281 0.129 0.343
0.281 0.127 0.342
0.281 0.125 0.342
0.281 0.122 0.342
0.281 0.120 0.342
0.281 0.117 0.341
0.281 0.115 0.341
0.281 0.112 0.341
0.281 0.110 0.340
0.281 0.107 0.340
0.281 0.105 0.340
0.281 0.102 0.339
0.281 0.100 0.339
0.281 0.097 0.339
0.281 0.095 0.339
0.281 0.092 0.339
0.281 0.090 0.338
0.280 0.087 0.338
0.280 0.085 0.337
0.280 0.082 0.336
0.279 0.080 0.335
0.278 0.077 0.334
0.278 0.075 0.334
0.278 0.072 0.333
0.277 0.070 0.332
0.277 0.067 0.331
0.277 0.064 0.331
0.276 0.062 0.330
0.276 0.059 0.330
0.276 0.057 0.329
0.276 0.054 0.329
0.275 0.052 0.328
0.275 0.049 0.328
0.275 0.047 0.327
0.275 0.044 0.327
0.274 0.041 0.326
0.274 0.039 0.325
0.274 0.036 0.325
0.274 0.034 0.324
0.274 0.031 0.324
0.274 0.028 0.324
0.274 0.026 0.323
0.274 0.023 0.323
0.274 0.020 0.323
0.274 0.018 0.323
0.275 0.015 0.323
0.274 0.012 0.322
0.273 0.010 0.320
0.271 0.008 0.318
0.271 0.005 0.317
0.257 0.006 0.301
0.146 0.032 0.172
0.139 0.033 0.163
0.137 0.031 0.161
0.137 0.030 0.161
0.138 0.028 0.163
0.139 0.026 0.163
0.139 0.024 0.163
0.139 0.023 0.162
0.137 0.021 0.160
0.136 0.020 0.159
0.135 0.019 0.158
0.134 0.017 0.156
0.132 0.016 0.154
0.130 0.015 0.152
0.129 0.014 0.149
0.127 0.013 0.147
0.125 0.012 0.145
0.124 0.011 0.143
0.122 0.010 0.142
0.121 0.009 0.140
0.120 0.008 0.138
0.119 0.007 0.137
0.118 0.006 0.136
0.117 0.005 0.134
0.115 0.004 0.132
0.113 0.003 0.130
0.111 0.002 0.128
0.109 0.002 0.125
0.107 0.001 0.122
0.104 0.001 0.119
0.102 0.001 0.116
0.100 0.000 0.114
0.097 0.000 0.111
0.095 0.000 0.108
0.092 0.000 0.105
0.090 0.000 0.102
0.088 -0.001 0.100
0.086 -0.001 0.097
0.084 -0.001 0.095
0.082 -0.001 0.092
0.080 -0.001 0.090
0.078 -0.002 0.088
0.076 -0.002 0.086
0.075 -0.002 0.084
0.073 -0.002 0.081
0.071 -0.003 0.079
0.069 -0.003 0.077
0.068 -0.003 0.075
0.066 -0.003 0.073
0.064 -0.003 0.071
0.063 -0.003 0.069
0.061 -0.004 0.068
0.060 -0.004 0.066
0.058 -0.004 0.064
0.057 -0.004 0.062
0.055 -0.004 0.060
0.054 -0.004 0.058
0.052 -0.004 0.057
0.051 -0.004 0.055
0.049 -0.004 0.053
0.048 -0.004 0.051
0.046 -0.004 0.050
0.045 -0.004 0.048
0.044 -0.004 0.046
0.042 -0.005 0.045
0.041 -0.005 0.043
0.040 -0.005 0.042
0.038 -0.005 0.040
0.037 -0.005 0.039
0.036 -0.005 0.037
0.035 -0.005 0.036
0.034 -0.005 0.035
0.033 -0.005 0.033
0.031 -0.005 0.032
0.030 -0.005 0.031
0.029 -0.005 0.029
0.028 -0.005 0.028
0.027 -0.005 0.027
0.026 -0.005 0.026
0.025 -0.005 0.024
0.024 -0.005 0.023
0.023 -0.005 0.022
0.022 -0.005 0.021
0.021 -0.005 0.020
0.020 -0.005 0.018
0.019 -0.005 0.017
0.018 -0.004 0.016
0.017 -0.004 0.015
0.016 -0.004 0.014
0.015 -0.005 0.013
0.014 -0.004 0.012
0.013 -0.004 0.011
0.013 -0.004 0.010
0.012 -0.004 0.009
0.011 -0.004 0.008
0.010 -0.004 0.007
0.009 -0.004 0.006
0.008 -0.004 0.005
0.008 -0.004 0.004
0.007 -0.004 0.003
0.006 -0.004 0.002
0.005 -0.004 0.001
0.005 -0.004 0.000
0.004 -0.004 -0.001
0.003 -0.004 -0.001
0.003 -0.004 -0.002
0.002 -0.004 -0.003
0.001 -0.004 -0.004
0.001 -0.004 -0.005
0.000 -0.004 -0.005
-0.001 -0.004 -0.006
-0.001 -0.004 -0.007
-0.002 -0.004 -0.007
-0.002 -0.004 -0.008
-0.003 -0.004 -0.009
-0.003 -0.004 -0.010
-0.004 -0.004 -0.010
-0.005 -0.004 -0.011
-0.005 -0.004 -0.011
-0.006 -0.004 -0.012
-0.006 -0.004 -0.013
-0.007 -0.004 -0.013
-0.007 -0.004 -0.014
-0.008 -0.004 -0.015
-0.008 -0.004 -0.015
-0.009 -0.004 -0.016
-0.009 -0.004 -0.016
-0.010 -0.004 -0.017
-0.010 -0.004 -0.018
-0.011 -0.004 -0.018
-0.011 -0.004 -0.019
-0.012 -0.005 -0.019
-0.012 -0.005 -0.020
-0.012 -0.005 -0.020
-0.013 -0.005 -0.021
-0.013 -0.005 -0.021
-0.014 -0.005 -0.022
-0.014 -0.005 -0.022
-0.015 -0.005 -0.023
-0.015 -0.005 -0.023
-0.015 -0.005 -0.024
-0.016 -0.005 -0.024
-0.016 -0.005 -0.025
-0.017 -0.005 -0.025
-0.017 -0.005 -0.026
-0.017 -0.006 -0.026
-0.018 -0.006 -0.027
-0.018 -0.005 -0.027
-0.019 -0.005 -0.028
-0.019 -0.005 -0.028
-0.020 -0.005 -0.029
-0.020 -0.005 -0.029
-0.020 -0.005 -0.030
-0.021 -0.005 -0.030
-0.021 -0.005 -0.031
-0.022 -0.005 -0.031
-0.022 -0.005 -0.032
-0.022 -0.005 -0.032
-0.023 -0.005 -0.033
-0.024 -0.004 -0.033
-0.025 -0.002 -0.035
-0.026 -0.001 -0.036
-0.022 -0.009 -0.032
0.283 0.227 0.358
0.284 0.225 0.358
0.283 0.223 0.357
0.283 0.220 0.357
0.282 0.218 0.356
0.282 0.216 0.356
0.282 0.213 0.355
0.282 0.211 0.355
0.282 0.209 0.354
0.282 0.207 0.354
0.282 0.204 0.354
0.281 0.202 0.353
0.281 0.200 0.353
0.281 0.198 0.352
0.281 0.195 0.352
0.281 0.193 0.351
0.281 0.191 0.351
0.281 0.188 0.351
0.281 0.186 0.350
0.280 0.184 0.350
0.280 0.181 0.350
0.280 0.179 0.349
0.280 0.177 0.349
0.280 0.174 0.349
0.280 0.172 0.348
0.280 0.170 0.348
0.280 0.167 0.348
0.280 0.165 0.348
0.280 0.163 0.347
0.280 0.160 0.347
0.280 0.158 0.347
0.280 0.156 0.347
0.280 0.153 0.346
0.280 0.151 0.346
0.280 0.149 0.346
0.280 0.146 0.346
0.280 0.144 0.346
0.280 0.141 0.345
0.280 0.139 0.345
0.280 0.137 0.344
0.280 0.134 0.344
0.280 0.132 0.344
0.280 0.129 0.344
0.280 0.127 0.343
0.279 0.125 0.343
0.279 0.122 0.342
0.280 0.120 0.342
0.280 0.117 0.342
0.280 0.115 0.342
0.279 0.112 0.342
0.280 0.110 0.342
0.280 0.107 0.341
0.279 0.105 0.341
0.279 0.102 0.340
0.279 0.100 0.340
0.279 0.097 0.340
0.280 0.095 0.340
0.279 0.092 0.339
0.279 0.090 0.339
0.279 0.087 0.339
0.279 0.085 0.338
0.278 0.082 0.337
0.278 0.080 0.336
0.277 0.077 0.335
0.277 0.075 0.334
0.276 0.072 0.334
0.276 0.070 0.333
0.276 0.067 0.332
0.275 0.064 0.332
0.275 0.062 0.331
0.275 0.059 0.331
0.275 0.057 0.330
0.275 0.054 0.330
0.274 0.052 0.329
0.274 0.049 0.328
0.274 0.047 0.328
0.274 0.044 0.328
0.273 0.041 0.327
0.273 0.039 0.327
0.273 0.036 0.326
0.273 0.034 0.325
0.272 0.031 0.325
0.272 0.028 0.324
0.272 0.026 0.324
0.273 0.023 0.324
0.273 0.020 0.324
0.273 0.017 0.325
0.273 0.015 0.324
0.271 0.013 0.321
0.272 0.010 0.322
0.272 0.007 0.322
0.266 0.006 0.314
0.137 0.036 0.164
0.132 0.036 0.158
0.133 0.034 0.159
0.134 0.032 0.159
0.137 0.030 0.163
0.138 0.027 0.164
0.139 0.026 0.164
0.139 0.024 0.164
0.138 0.023 0.163
0.136 0.021 0.161
0.135 0.020 0.160
0.134 0.018 0.158
0.133 0.017 0.157
0.131 0.016 0.155
0.130 0.015 0.152
0.128 0.014 0.150
0.126 0.013 0.148
0.125 0.012 0.146
0.123 0.011 0.144
0.122 0.010 0.142
0.120 0.009 0.141
0.119 0.008 0.139
0.118 0.007 0.138
0.117 0.006 0.136
0.116 0.004 0.135
0.114 0.004 0.133
0.113 0.003 0.131
0.111 0.002 0.128
0.108 0.002 0.125
0.106 0.001 0.123
0.104 0.001 0.120
0.101 0.001 0.117
0.099 0.000 0.114
0.097 0.000 0.111
0.094 0.000 0.108
0.092 0.000 0.106
0.089 0.000 0.103
0.087 -0.001 0.100
0.085 -0.001 0.098
0.083 -0.001 0.095
0.081 -0.001 0.093
0.079 -0.001 0.090
0.078 -0.002 0.088
0.076 -0.002 0.086
0.074 -0.002 0.084
0.072 -0.002 0.082
0.070 -0.003 0.080
0.069 -0.003 0.078
0.067 -0.003 0.076
0.065 -0.003 0.074
0.064 -0.003 0.072
0.062 -0.003 0.070
0.061 -0.004 0.068
0.059 -0.004 0.066
0.058 -0.004 0.064
0.056 -0.004 0.062
0.055 -0.004 0.061
0.053 -0.004 0.059
0.052 -0.004 0.057
0.050 -0.004 0.055
0.048 -0.004 0.053
0.047 -0.004 0.052
0.046 -0.004 0.050
0.044 -0.004 0.048
0.043 -0.005 0.047
0.042 -0.005 0.045
0.040 -0.005 0.044
0.039 -0.005 0.042
0.038 -0.005 0.041
0.037 -0.005 0.039
0.035 -0.005 0.038
0.034 -0.005 0.036
0.033 -0.005 0.035
0.032 -0.005 0.034
0.031 -0.005 0.032
0.030 -0.005 0.031
0.029 -0.005 0.030
0.028 -0.005 0.028
0.027 -0.005 0.027
0.026 -0.005 0.026
0.025 -0.005 0.025
0.024 -0.005 0.023
0.023 -0.005 0.022
0.022 -0.005 0.021
0.021 -0.005 0.020
0.020 -0.005 0.019
0.019 -0.005 0.017
0.018 -0.004 0.016
0.017 -0.004 0.015
0.016 -0.004 0.014
0.015 -0.005 0.013
0.014 -0.004 0.012
0.013 -0.004 0.011
0.012 -0.004 0.010
0.011 -0.004 0.009
0.011 -0.004 0.008
0.010 -0.004 0.007
0.009 -0.004 0.006
0.008 -0.004 0.005
0.007 -0.004 0.004
0.007 -0.004 0.003
0.006 -0.004 0.002
0.005 -0.004 0.001
0.004 -0.004 0.000
0.004 -0.004 0.000
0.003 -0.004 -0.001
0.002 -0.004 -0.002
0.002 -0.004 -0.003
0.001 -0.004 -0.004
0.000 -0.004 -0.004
0.000 -0.004 -0.005
-0.001 -0.004 -0.006
-0.001 -0.004 -0.006
-0.002 -0.004 -0.007
-0.003 -0.004 -0.008
-0.003 -0.004 -0.008
-0.004 -0.004 -0.009
-0.004 -0.004 -0.010
-0.005 -0.004 -0.011
-0.005 -0.004 -0.011
-0.006 -0.004 -0.012
-0.006 -0.005 -0.012
-0.007 -0.004 -0.013
-0.007 -0.004 -0.014
-0.008 -0.004 -0.014
-0.009 -0.005 -0.015
-0.009 -0.005 -0.016
-0.009 -0.005 -0.016
-0.010 -0.005 -0.017
-0.010 -0.005 -0.017
-0.011 -0.005 -0.018
-0.011 -0.005 -0.018
-0.012 -0.005 -0.019
-0.012 -0.005 -0.019
-0.013 -0.005 -0.020
-0.013 -0.005 -0.020
-0.014 -0.005 -0.021
-0.014 -0.005 -0.022
-0.014 -0.005 -0.022
-0.015 -0.005 -0.023
-0.015 -0.005 -0.023
-0.016 -0.005 -0.024
-0.016 -0.005 -0.024
-0.017 -0.005 -0.025
-0.017 -0.005 -0.025
-0.017 -0.006 -0.025
-0.017 -0.006 -0.026
-0.018 -0.006 -0.026
-0.018 -0.006 -0.027
-0.019 -0.005 -0.028
-0.019 -0.005 -0.028
-0.020 -0.005 -0.029
-0.020 -0.005 -0.029
-0.021 -0.005 -0.029
-0.021 -0.005 -0.030
-0.021 -0.005 -0.030
-0.022 -0.005 -0.031
-0.022 -0.005 -0.032
-0.023 -0.005 -0.032
-0.023 -0.004 -0.032
-0.024 -0.004 -0.033
-0.025 -0.002 -0.034
-0.026 -0.001 -0.035
-0.022 -0.009 -0.032
0.282 0.227 0.359
0.282 0.225 0.359
0.282 0.223 0.358
0.282 0.220 0.358
0.281 0.218 0.357
0.281 0.216 0.356
0.281 0.213 0.356
0.281 0.211 0.356
0.281 0.209 0.355
0.280 0.207 0.355
0.280 0.204 0.355
0.280 0.202 0.354
0.280 0.200 0.354
0.280 0.197 0.353
0.280 0.195 0.353
0.280 0.193 0.353
0.279 0.191 0.352
0.279 0.188 0.352
0.279 0.186 0.351
0.279 0.184 0.351
0.279 0.181 0.351
0.279 0.179 0.350
0.279 0.177 0.350
0.279 0.174 0.350
0.279 0.172 0.349
0.279 0.170 0.349
0.279 0.167 0.349
0.279 0.165 0.348
0.278 0.163 0.348
0.279 0.160 0.348
0.279 0.158 0.348
0.279 0.156 0.348
0.279 0.153 0.347
0.279 0.151 0.347
0.279 0.149 0.347
0.279 0.146 0.347
0.279 0.144 0.347
0.279 0.141 0.346
0.279 0.139 0.346
0.278 0.137 0.345
0.279 0.134 0.345
0.278 0.132 0.345
0.279 0.129 0.345
0.279 0.127 0.345
0.278 0.125 0.344
0.278 0.122 0.344
0.278 0.120 0.343
0.278 0.117 0.343
0.278 0.115 0.343
0.278 0.112 0.343
0.278 0.110 0.343
0.278 0.107 0.342
0.278 0.105 0.342
0.278 0.102 0.342
0.278 0.100 0.341
0.278 0.097 0.341
0.278 0.095 0.341
0.278 0.092 0.340
0.278 0.090 0.340
0.278 0.087 0.340
0.278 0.085 0.340
0.277 0.082 0.339
0.277 0.080 0.337
0.276 0.077 0.337
0.275 0.075 0.335
0.275 0.072 0.335
0.275 0.069 0.334
0.275 0.067 0.334
0.274 0.064 0.333
0.274 0.062 0.332
0.274 0.059 0.332
0.274 0.057 0.332
0.273 0.054 0.331
0.273 0.052 0.330
0.273 0.049 0.330
0.273 0.046 0.329
0.272 0.044 0.329
0.272 0.041 0.328
0.272 0.039 0.328
0.272 0.036 0.327
0.271 0.034 0.326
0.271 0.031 0.326
0.271 0.028 0.326
0.271 0.026 0.326
0.271 0.023 0.325
0.272 0.020 0.326
0.272 0.017 0.325
0.270 0.015 0.324
0.270 0.012 0.323
0.274 0.009 0.327
0.259 0.010 0.309
0.143 0.036 0.173
0.130 0.038 0.157
0.131 0.036 0.158
0.132 0.034 0.158
0.134 0.032 0.161
0.136 0.029 0.163
0.138 0.027 0.165
0.138 0.025 0.166
0.138 0.024 0.165
0.137 0.022 0.163
0.136 0.021 0.162
0.135 0.020 0.160
0.134 0.018 0.159
0.132 0.017 0.157
0.130 0.016 0.155
0.129 0.015 0.153
0.127 0.014 0.151
0.126 0.013 0.149
0.124 0.012 0.147
0.123 0.011 0.145
0.122 0.010 0.144
0.120 0.009 0.142
0.119 0.008 0.140
0.117 0.007 0.138
0.116 0.006 0.137
0.115 0.004 0.135
0.114 0.003 0.134
0.112 0.003 0.131
0.110 0.002 0.129
0.108 0.002 0.126
0.105 0.001 0.123
0.103 0.001 0.120
0.100 0.001 0.117
0.098 0.000 0.114
0.096 0.000 0.112
0.093 0.000 0.109
0.091 0.000 0.106
0.089 0.000 0.103
0.086 0.000 0.100
0.084 -0.001 0.098
0.082 -0.001 0.095
0.080 -0.001 0.093
0.079 -0.002 0.091
0.077 -0.002 0.089
0.075 -0.002 0.087
0.073 -0.002 0.084
0.072 -0.002 0.082
0.070 -0.003 0.080
0.068 -0.003 0.078
0.066 -0.003 0.076
0.065 -0.003 0.074
0.063 -0.003 0.072
0.062 -0.004 0.070
0.060 -0.004 0.068
0.059 -0.004 0.067
0.057 -0.004 0.065
0.055 -0.004 0.063
0.054 -0.004 0.061
0.052 -0.004 0.059
0.051 -0.004 0.057
0.050 -0.004 0.056
0.048 -0.004 0.054
0.046 -0.004 0.052
0.045 -0.004 0.050
0.044 -0.005 0.049
0.043 -0.005 0.047
0.041 -0.005 0.046
0.040 -0.005 0.044
0.039 -0.005 0.042
0.037 -0.005 0.041
0.036 -0.005 0.039
0.035 -0.005 0.038
0.034 -0.005 0.037
0.033 -0.005 0.035
0.032 -0.005 0.034
0.030 -0.005 0.033
0.029 -0.005 0.031
0.028 -0.005 0.030
0.027 -0.005 0.029
0.026 -0.005 0.027
0.025 -0.005 0.026
0.024 -0.005 0.025
0.023 -0.005 0.024
0.022 -0.005 0.023
0.021 -0.005 0.021
0.020 -0.005 0.020
0.019 -0.005 0.019
0.018 -0.005 0.018
0.017 -0.005 0.017
0.016 -0.004 0.015
0.015 -0.005 0.014
0.014 -0.004 0.013
0.014 -0.004 0.012
0.013 -0.004 0.011
0.012 -0.004 0.010
0.011 -0.004 0.009
0.010 -0.004 0.008
0.009 -0.004 0.007
0.008 -0.004 0.006
0.008 -0.004 0.005
0.007 -0.004 0.004
0.006 -0.004 0.004
0.005 -0.004 0.003
0.005 -0.004 0.002
0.004 -0.004 0.001
0.003 -0.004 0.000
0.003 -0.004 -0.001
0.002 -0.004 -0.002
0.001 -0.004 -0.003
0.001 -0.004 -0.003
0.000 -0.004 -0.004
-0.001 -0.004 -0.005
-0.001 -0.004 -0.005
-0.002 -0.004 -0.006
-0.002 -0.004 -0.007
-0.003 -0.004 -0.007
-0.003 -0.004 -0.008
-0.004 -0.004 -0.009
-0.005 -0.004 -0.010
-0.005 -0.004 -0.010
-0.006 -0.004 -0.011
-0.006 -0.004 -0.012
-0.007 -0.005 -0.012
-0.007 -0.004 -0.013
-0.008 -0.004 -0.014
-0.008 -0.004 -0.014
-0.009 -0.004 -0.015
-0.009 -0.005 -0.015
-0.010 -0.005 -0.016
-0.010 -0.005 -0.016
-0.011 -0.005 -0.017
-0.011 -0.005 -0.017
-0.012 -0.005 -0.018
-0.012 -0.005 -0.019
-0.012 -0.005 -0.019
-0.013 -0.005 -0.020
-0.013 -0.005 -0.020
-0.014 -0.005 -0.021
-0.014 -0.005 -0.021
-0.015 -0.005 -0.022
-0.015 -0.005 -0.022
-0.016 -0.005 -0.023
-0.016 -0.005 -0.023
-0.016 -0.005 -0.024
-0.017 -0.005 -0.024
-0.017 -0.005 -0.025
-0.017 -0.006 -0.025
-0.018 -0.006 -0.025
-0.018 -0.006 -0.026
-0.019 -0.006 -0.027
-0.019 -0.005 -0.027
-0.020 -0.005 -0.028
-0.020 -0.005 -0.028
-0.020 -0.006 -0.029
-0.021 -0.005 -0.029
-0.021 -0.005 -0.030
-0.021 -0.005 -0.030
-0.022 -0.005 -0.031
-0.023 -0.005 -0.031
-0.023 -0.005 -0.032
-0.023 -0.004 -0.032
-0.024 -0.004 -0.033
-0.025 -0.002 -0.034
-0.026 -0.001 -0.035
-0.022 -0.009 -0.031
0.281 0.227 0.359
0.281 0.225 0.360
0.281 0.223 0.359
0.280 0.220 0.359
0.280 0.218 0.358
0.280 0.216 0.357
0.280 0.213 0.357
0.279 0.211 0.356
0.279 0.209 0.356
0.279 0.207 0.356
0.279 0.204 0.355
0.279 0.202 0.355
0.279 0.200 0.355
0.279 0.198 0.354
0.279 0.195 0.354
0.278 0.193 0.353
0.278 0.191 0.353
0.278 0.188 0.353
0.278 0.186 0.352
0.278 0.184 0.352
0.278 0.181 0.352
0.278 0.179 0.352
0.278 0.177 0.351
0.278 0.174 0.351
0.278 0.172 0.350
0.278 0.170 0.350
0.277 0.167 0.350
0.277 0.165 0.349
0.277 0.163 0.349
0.277 0.160 0.349
0.277 0.158 0.349
0.277 0.156 0.349
0.277 0.153 0.348
0.277 0.151 0.348
0.278 0.149 0.348
0.278 0.146 0.348
0.278 0.144 0.348
0.277 0.141 0.347
0.277 0.139 0.347
0.277 0.137 0.347
0.277 0.134 0.346
0.277 0.132 0.346
0.277 0.129 0.346
0.277 0.127 0.346
0.277 0.124 0.345
0.277 0.122 0.345
0.277 0.120 0.344
0.277 0.117 0.344
0.277 0.115 0.344
0.277 0.112 0.344
0.277 0.110 0.343
0.277 0.107 0.343
0.277 0.105 0.343
0.277 0.102 0.343
0.277 0.100 0.343
0.277 0.097 0.342
0.277 0.095 0.342
0.277 0.092 0.342
0.277 0.090 0.341
0.277 0.087 0.341
0.277 0.085 0.340
0.276 0.082 0.340
0.276 0.080 0.339
0.275 0.077 0.338
0.274 0.074 0.337
0.274 0.072 0.336
0.273 0.069 0.335
0.273 0.067 0.335
0.273 0.064 0.334
0.273 0.062 0.333
0.272 0.059 0.333
0.272 0.057 0.333
0.272 0.054 0.332
0.272 0.052 0.331
0.271 0.049 0.331
0.271 0.046 0.330
0.271 0.044 0.330
0.271 0.041 0.329
0.271 0.039 0.329
0.270 0.036 0.328
0.270 0.033 0.327
0.270 0.031 0.327
0.270 0.028 0.327
0.270 0.026 0.326
0.270 0.023 0.327
0.270 0.020 0.326
0.268 0.018 0.324
0.268 0.015 0.323
0.271 0.012 0.327
0.255 0.013 0.308
0.135 0.039 0.165
0.130 0.039 0.158
0.130 0.037 0.158
0.129 0.036 0.157
0.132 0.034 0.160
0.135 0.031 0.164
0.138 0.029 0.167
0.138 0.027 0.167
0.138 0.025 0.166
0.137 0.024 0.165
0.136 0.022 0.164
0.135 0.021 0.162
0.134 0.020 0.161
0.132 0.019 0.159
0.131 0.017 0.158
0.129 0.016 0.156
0.128 0.015 0.153
0.126 0.014 0.151
0.125 0.013 0.150
0.124 0.012 0.148
0.122 0.011 0.146
0.121 0.009 0.145
0.120 0.009 0.143
0.118 0.008 0.141
0.117 0.007 0.139
0.115 0.006 0.137
0.114 0.004 0.136
0.113 0.003 0.134
0.111 0.003 0.132
0.109 0.002 0.129
0.106 0.002 0.126
0.104 0.002 0.123
0.102 0.001 0.120
0.099 0.001 0.117
0.097 0.001 0.115
0.095 0.000 0.112
0.093 0.000 0.109
0.090 0.000 0.106
0.088 0.000 0.103
0.086 -0.001 0.101
0.084 -0.001 0.098
0.082 -0.001 0.096
0.080 -0.001 0.094
0.078 -0.002 0.092
0.076 -0.002 0.089
0.075 -0.002 0.087
0.073 -0.002 0.085
0.071 -0.003 0.083
0.069 -0.003 0.081
0.067 -0.003 0.078
0.066 -0.003 0.076
0.064 -0.003 0.074
0.063 -0.003 0.072
0.061 -0.004 0.071
0.060 -0.004 0.069
0.058 -0.004 0.067
0.056 -0.004 0.065
0.055 -0.004 0.063
0.053 -0.004 0.061
0.052 -0.004 0.059
0.050 -0.004 0.058
0.049 -0.004 0.056
0.048 -0.004 0.054
0.046 -0.004 0.052
0.045 -0.004 0.051
0.043 -0.005 0.049
0.042 -0.005 0.048
0.041 -0.005 0.046
0.039 -0.005 0.044
0.038 -0.005 0.043
0.037 -0.004 0.041
0.036 -0.005 0.040
0.034 -0.005 0.038
0.033 -0.005 0.037
0.032 -0.005 0.036
0.031 -0.005 0.034
0.030 -0.005 0.033
0.029 -0.005 0.032
0.028 -0.005 0.030
0.027 -0.005 0.029
0.026 -0.005 0.028
0.025 -0.005 0.026
0.024 -0.005 0.025
0.023 -0.005 0.024
0.022 -0.005 0.023
0.021 -0.005 0.022
0.020 -0.005 0.020
0.019 -0.005 0.019
0.018 -0.005 0.018
0.017 -0.005 0.017
0.016 -0.004 0.016
0.015 -0.004 0.015
0.014 -0.004 0.014
0.013 -0.004 0.012
0.012 -0.004 0.011
0.011 -0.004 0.010
0.011 -0.004 0.010
0.010 -0.004 0.009
0.009 -0.004 0.007
0.008 -0.004 0.007
0.007 -0.004 0.006
0.007 -0.004 0.005
0.006 -0.004 0.004
0.005 -0.004 0.003
0.004 -0.004 0.002
0.004 -0.004 0.001
0.003 -0.004 0.000
0.002 -0.004 -0.001
0.002 -0.004 -0.001
0.001 -0.004 -0.002
0.000 -0.004 -0.003
0.000 -0.004 -0.004
-0.001 -0.004 -0.005
-0.002 -0.004 -0.005
-0.002 -0.004 -0.006
-0.003 -0.004 -0.007
-0.003 -0.004 -0.007
-0.004 -0.004 -0.008
-0.004 -0.005 -0.009
-0.005 -0.005 -0.009
-0.005 -0.004 -0.010
-0.006 -0.005 -0.011
-0.006 -0.005 -0.011
-0.007 -0.005 -0.012
-0.008 -0.005 -0.013
-0.008 -0.005 -0.013
-0.009 -0.005 -0.014
-0.009 -0.005 -0.014
-0.009 -0.005 -0.015
-0.010 -0.005 -0.015
-0.010 -0.005 -0.016
-0.011 -0.005 -0.017
-0.011 -0.005 -0.017
-0.012 -0.005 -0.018
-0.012 -0.005 -0.018
-0.013 -0.005 -0.019
-0.013 -0.005 -0.019
-0.014 -0.005 -0.020
-0.014 -0.005 -0.020
-0.014 -0.005 -0.021
-0.015 -0.005 -0.021
-0.015 -0.005 -0.022
-0.016 -0.005 -0.023
-0.016 -0.005 -0.023
-0.017 -0.005 -0.024
-0.017 -0.005 -0.024
-0.017 -0.005 -0.025
-0.018 -0.006 -0.025
-0.018 -0.006 -0.025
-0.018 -0.006 -0.026
-0.019 -0.006 -0.026
-0.019 -0.006 -0.027
-0.020 -0.005 -0.028
-0.020 -0.005 -0.028
-0.021 -0.005 -0.028
-0.021 -0.006 -0.029
-0.021 -0.006 -0.029
-0.022 -0.005 -0.030
-0.022 -0.005 -0.030
-0.023 -0.005 -0.031
-0.023 -0.005 -0.031
-0.024 -0.004 -0.032
-0.024 -0.004 -0.033
-0.025 -0.003 -0.034
-0.026 -0.002 -0.035
-0.023 -0.009 -0.031
0.279 0.227 0.360
0.280 0.225 0.361
0.279 0.223 0.360
0.279 0.220 0.359
0.279 0.218 0.359
0.279 0.216 0.358
0.278 0.213 0.358
0.278 0.211 0.358
0.278 0.209 0.357
0.278 0.207 0.357
0.278 0.204 0.356
0.278 0.202 0.356
0.278 0.200 0.356
0.277 0.197 0.355
0.277 0.195 0.355
0.277 0.193 0.354
0.277 0.191 0.354
0.277 0.188 0.354
0.277 0.186 0.353
0.277 0.184 0.353
0.277 0.181 0.353
0.277 0.179 0.353
0.277 0.177 0.352
0.277 0.174 0.352
0.276 0.172 0.352
0.276 0.170 0.351
0.276 0.167 0.351
0.276 0.165 0.350
0.276 0.163 0.350
0.276 0.160 0.350
0.276 0.158 0.350
0.276 0.156 0.349
0.276 0.153 0.349
0.276 0.151 0.349
0.276 0.149 0.349
0.276 0.146 0.349
0.276 0.144 0.349
0.276 0.141 0.348
0.276 0.139 0.348
0.276 0.137 0.348
0.276 0.134 0.347
0.276 0.132 0.347
0.276 0.129 0.346
0.276 0.127 0.346
0.276 0.124 0.346
0.276 0.122 0.346
0.276 0.119 0.345
0.275 0.117 0.345
0.276 0.115 0.345
0.275 0.112 0.344
0.276 0.110 0.344
0.275 0.107 0.344
0.276 0.105 0.344
0.276 0.102 0.344
0.276 0.100 0.344
0.276 0.097 0.344
0.276 0.095 0.343
0.276 0.092 0.343
0.276 0.090 0.343
0.276 0.087 0.342
0.276 0.085 0.342
0.275 0.082 0.341
0.275 0.079 0.340
0.274 0.077 0.339
0.273 0.074 0.338
0.272 0.072 0.337
0.272 0.069 0.336
0.272 0.067 0.336
0.272 0.064 0.335
0.272 0.062 0.335
0.271 0.059 0.334
0.271 0.057 0.333
0.271 0.054 0.333
0.270 0.051 0.332
0.270 0.049 0.332
0.270 0.046 0.331
0.270 0.044 0.331
0.270 0.041 0.330
0.269 0.039 0.329
0.269 0.036 0.329
0.268 0.033 0.328
0.269 0.031 0.329
0.269 0.028 0.328
0.269 0.025 0.328
0.268 0.023 0.326
0.266 0.021 0.324
0.267 0.018 0.324
0.270 0.014 0.328
0.247 0.017 0.300
0.129 0.042 0.160
0.127 0.041 0.157
0.130 0.039 0.160
0.128 0.038 0.158
0.131 0.035 0.161
0.134 0.033 0.165
0.138 0.030 0.168
0.139 0.028 0.170
0.139 0.026 0.169
0.137 0.025 0.168
0.136 0.024 0.166
0.135 0.022 0.164
0.134 0.021 0.163
0.133 0.020 0.162
0.132 0.019 0.160
0.130 0.017 0.158
0.129 0.016 0.156
0.127 0.015 0.154
0.126 0.014 0.152
0.124 0.013 0.151
0.123 0.012 0.149
0.122 0.011 0.147
0.121 0.009 0.146
0.119 0.008 0.144
0.117 0.008 0.141
0.116 0.007 0.139
0.115 0.005 0.138
0.114 0.004 0.137
0.112 0.003 0.135
0.110 0.003 0.132
0.108 0.002 0.129
0.105 0.002 0.126
0.103 0.002 0.123
0.101 0.001 0.120
0.099 0.001 0.118
0.096 0.000 0.115
0.094 0.000 0.113
0.092 0.000 0.110
0.090 0.000 0.107
0.087 0.000 0.104
0.085 -0.001 0.101
0.083 -0.001 0.099
0.081 -0.001 0.097
0.080 -0.002 0.095
0.078 -0.002 0.092
0.076 -0.002 0.090
0.074 -0.002 0.088
0.072 -0.002 0.086
0.070 -0.003 0.083
0.069 -0.003 0.081
0.067 -0.003 0.079
0.065 -0.003 0.077
0.064 -0.003 0.075
0.062 -0.003 0.073
0.060 -0.004 0.071
0.059 -0.004 0.069
0.057 -0.004 0.067
0.056 -0.004 0.065
0.054 -0.004 0.063
0.053 -0.004 0.062
0.051 -0.004 0.060
0.050 -0.004 0.058
0.048 -0.004 0.056
0.047 -0.004 0.055
0.046 -0.004 0.053
0.044 -0.005 0.051
0.043 -0.005 0.050
0.042 -0.005 0.048
0.040 -0.005 0.046
0.039 -0.005 0.045
0.038 -0.005 0.043
0.036 -0.005 0.042
0.035 -0.005 0.040
0.034 -0.005 0.039
0.033 -0.005 0.037
0.032 -0.005 0.036
0.031 -0.005 0.035
0.029 -0.005 0.033
0.028 -0.005 0.032
0.027 -0.005 0.030
0.026 -0.005 0.029
0.025 -0.005 0.028
0.024 -0.005 0.027
0.023 -0.005 0.025
0.022 -0.005 0.024
0.021 -0.005 0.023
0.020 -0.005 0.022
0.019 -0.005 0.021
0.018 -0.005 0.019
0.017 -0.005 0.018
0.016 -0.004 0.017
0.015 -0.004 0.016
0.014 -0.004 0.015
0.014 -0.004 0.014
0.013 -0.004 0.013
0.012 -0.004 0.012
0.011 -0.004 0.011
0.010 -0.004 0.010
0.009 -0.004 0.009
0.009 -0.004 0.008
0.008 -0.004 0.007
0.007 -0.004 0.006
0.006 -0.004 0.005
0.006 -0.004 0.004
0.005 -0.004 0.003
0.004 -0.004 0.002
0.003 -0.004 0.002
0.003 -0.004 0.001
0.002 -0.004 0.000
0.001 -0.004 -0.001
0.001 -0.004 -0.002
0.000 -0.004 -0.003
-0.001 -0.004 -0.003
-0.001 -0.004 -0.004
-0.002 -0.004 -0.005
-0.003 -0.004 -0.006
-0.003 -0.004 -0.006
-0.004 -0.004 -0.007
-0.004 -0.004 -0.008
-0.005 -0.005 -0.008
-0.005 -0.005 -0.009
-0.006 -0.005 -0.010
-0.006 -0.005 -0.010
-0.007 -0.005 -0.011
-0.007 -0.005 -0.012
-0.008 -0.005 -0.012
-0.008 -0.005 -0.013
-0.009 -0.005 -0.014
-0.009 -0.005 -0.014
-0.010 -0.005 -0.015
-0.010 -0.005 -0.015
-0.011 -0.005 -0.016
-0.011 -0.005 -0.016
-0.012 -0.005 -0.017
-0.012 -0.005 -0.018
-0.013 -0.005 -0.018
-0.013 -0.005 -0.019
-0.013 -0.006 -0.019
-0.014 -0.006 -0.020
-0.014 -0.005 -0.020
-0.015 -0.006 -0.021
-0.015 -0.005 -0.021
-0.016 -0.006 -0.022
-0.016 -0.006 -0.022
-0.016 -0.005 -0.023
-0.017 -0.006 -0.023
-0.017 -0.006 -0.024
-0.018 -0.006 -0.024
-0.018 -0.006 -0.025
-0.018 -0.006 -0.025
-0.019 -0.006 -0.026
-0.019 -0.006 -0.026
-0.020 -0.006 -0.027
-0.020 -0.005 -0.027
-0.020 -0.005 -0.028
-0.021 -0.005 -0.028
-0.021 -0.006 -0.029
-0.021 -0.006 -0.029
-0.022 -0.006 -0.029
-0.023 -0.005 -0.030
-0.023 -0.005 -0.031
-0.023 -0.005 -0.031
-0.024 -0.005 -0.032
-0.025 -0.004 -0.033
-0.026 -0.003 -0.034
-0.026 -0.002 -0.034
-0.023 -0.010 -0.031
0.278 0.227 0.361
0.278 0.225 0.362
0.278 0.223 0.361
0.278 0.220 0.360
0.277 0.218 0.360
0.277 0.216 0.359
0.277 0.213 0.359
0.277 0.211 0.358
0.277 0.209 0.358
0.277 0.207 0.358
0.277 0.204 0.357
0.277 0.202 0.357
0.276 0.200 0.357
0.276 0.197 0.356
0.276 0.195 0.356
0.276 0.193 0.355
0.276 0.190 0.355
0.276 0.188 0.355
0.275 0.186 0.354
0.276 0.184 0.354
0.276 0.181 0.354
0.276 0.179 0.354
0.276 0.177 0.353
0.275 0.174 0.353
0.275 0.172 0.352
0.275 0.170 0.352
0.275 0.167 0.352
0.275 0.165 0.351
0.275 0.163 0.351
0.275 0.160 0.351
0.274 0.158 0.350
0.275 0.156 0.350
0.275 0.153 0.350
0.275 0.151 0.350
0.275 0.149 0.350
0.275 0.146 0.350
0.275 0.144 0.350
0.275 0.141 0.349
0.275 0.139 0.349
0.275 0.137 0.349
0.275 0.134 0.348
0.274 0.132 0.348
0.274 0.129 0.347
0.275 0.127 0.347
0.274 0.124 0.347
0.274 0.122 0.347
0.274 0.119 0.347
0.274 0.117 0.346
0.274 0.115 0.346
0.274 0.112 0.346
0.274 0.110 0.345
0.274 0.107 0.345
0.274 0.105 0.345
0.275 0.102 0.345
0.275 0.100 0.345
0.275 0.097 0.345
0.275 0.095 0.344
0.275 0.092 0.344
0.275 0.090 0.344
0.275 0.087 0.344
0.274 0.085 0.343
0.274 0.082 0.342
0.273 0.079 0.341
0.272 0.077 0.340
0.272 0.074 0.339
0.271 0.072 0.338
0.271 0.069 0.337
0.271 0.067 0.337
0.270 0.064 0.336
0.270 0.062 0.336
0.270 0.059 0.335
0.270 0.057 0.334
0.269 0.054 0.334
0.269 0.051 0.333
0.269 0.049 0.333
0.269 0.046 0.332
0.268 0.044 0.332
0.268 0.041 0.331
0.267 0.039 0.330
0.267 0.036 0.330
0.267 0.033 0.329
0.267 0.031 0.329
0.267 0.028 0.329
0.266 0.026 0.327
0.263 0.024 0.324
0.263 0.021 0.323
0.268 0.017 0.329
0.256 0.017 0.314
0.123 0.045 0.154
0.122 0.044 0.153
0.126 0.041 0.156
0.126 0.040 0.157
0.130 0.037 0.161
0.134 0.034 0.166
0.137 0.032 0.170
0.139 0.029 0.172
0.140 0.028 0.172
0.139 0.026 0.171
0.138 0.025 0.169
0.136 0.023 0.168
0.135 0.022 0.166
0.134 0.021 0.165
0.132 0.020 0.163
0.131 0.018 0.161
0.129 0.017 0.159
0.128 0.016 0.157
0.127 0.015 0.155
0.125 0.014 0.153
0.124 0.013 0.151
0.122 0.012 0.149
0.121 0.011 0.148
0.120 0.009 0.146
0.119 0.008 0.145
0.117 0.007 0.142
0.115 0.007 0.140
0.114 0.005 0.139
0.113 0.004 0.137
0.111 0.003 0.135
0.109 0.003 0.132
0.106 0.003 0.129
0.104 0.002 0.126
0.102 0.002 0.123
0.100 0.001 0.121
0.098 0.001 0.119
0.096 0.000 0.116
0.094 0.000 0.113
0.092 0.000 0.111
0.089 -0.001 0.108
0.087 -0.001 0.105
0.085 -0.001 0.102
0.083 -0.001 0.100
0.081 -0.002 0.098
0.079 -0.002 0.096
0.077 -0.002 0.093
0.075 -0.002 0.091
0.073 -0.002 0.088
0.072 -0.002 0.086
0.070 -0.003 0.084
0.068 -0.003 0.082
0.066 -0.003 0.079
0.065 -0.003 0.077
0.063 -0.003 0.075
0.061 -0.003 0.073
0.060 -0.003 0.071
0.058 -0.004 0.069
0.057 -0.004 0.068
0.055 -0.004 0.066
0.054 -0.004 0.064
0.052 -0.004 0.062
0.051 -0.004 0.060
0.049 -0.004 0.058
0.048 -0.004 0.057
0.046 -0.004 0.055
0.045 -0.004 0.053
0.044 -0.005 0.052
0.042 -0.005 0.050
0.041 -0.005 0.048
0.040 -0.005 0.047
0.038 -0.005 0.045
0.037 -0.005 0.043
0.036 -0.004 0.042
0.035 -0.005 0.040
0.033 -0.005 0.039
0.032 -0.005 0.038
0.031 -0.005 0.036
0.030 -0.005 0.035
0.029 -0.005 0.033
0.028 -0.005 0.032
0.027 -0.005 0.031
0.026 -0.005 0.029
0.025 -0.005 0.028
0.024 -0.005 0.027
0.023 -0.005 0.026
0.022 -0.005 0.025
0.021 -0.005 0.023
0.020 -0.005 0.022
0.019 -0.005 0.021
0.018 -0.005 0.020
0.017 -0.005 0.018
0.016 -0.004 0.017
0.015 -0.004 0.016
0.014 -0.004 0.015
0.013 -0.004 0.014
0.012 -0.004 0.013
0.011 -0.004 0.012
0.011 -0.004 0.011
0.010 -0.004 0.010
0.009 -0.004 0.009
0.008 -0.004 0.008
0.008 -0.004 0.007
0.007 -0.004 0.006
0.006 -0.004 0.005
0.005 -0.004 0.004
0.005 -0.004 0.004
0.004 -0.004 0.003
0.003 -0.004 0.002
0.002 -0.004 0.001
0.002 -0.004 0.000
0.001 -0.004 -0.001
0.000 -0.004 -0.002
0.000 -0.004 -0.002
-0.001 -0.004 -0.003
-0.002 -0.004 -0.004
-0.002 -0.004 -0.005
-0.003 -0.004 -0.005
-0.003 -0.004 -0.006
-0.004 -0.004 -0.007
-0.004 -0.004 -0.007
-0.005 -0.005 -0.008
-0.005 -0.005 -0.009
-0.006 -0.005 -0.009
-0.006 -0.005 -0.010
-0.007 -0.005 -0.011
-0.007 -0.005 -0.011
-0.008 -0.005 -0.012
-0.009 -0.005 -0.013
-0.009 -0.005 -0.013
-0.009 -0.005 -0.014
-0.010 -0.005 -0.014
-0.010 -0.005 -0.015
-0.011 -0.005 -0.015
-0.011 -0.005 -0.016
-0.012 -0.005 -0.017
-0.012 -0.005 -0.017
-0.013 -0.005 -0.018
-0.013 -0.005 -0.018
-0.014 -0.006 -0.019
-0.014 -0.006 -0.019
-0.014 -0.006 -0.020
-0.015 -0.006 -0.020
-0.015 -0.005 -0.021
-0.016 -0.006 -0.022
-0.016 -0.006 -0.022
-0.017 -0.006 -0.022
-0.017 -0.006 -0.023
-0.017 -0.006 -0.024
-0.018 -0.006 -0.024
-0.018 -0.006 -0.024
-0.019 -0.006 -0.025
-0.019 -0.006 -0.025
-0.019 -0.006 -0.026
-0.020 -0.006 -0.027
-0.020 -0.005 -0.027
-0.021 -0.005 -0.028
-0.021 -0.006 -0.028
-0.021 -0.006 -0.028
-0.022 -0.006 -0.029
-0.022 -0.006 -0.029
-0.023 -0.005 -0.030
-0.023 -0.005 -0.031
-0.023 -0.005 -0.031
-0.024 -0.005 -0.031
-0.025 -0.004 -0.032
-0.026 -0.003 -0.034
-0.027 -0.002 -0.035
-0.023 -0.010 -0.031
0.277 0.227 0.362
0.277 0.225 0.363
0.277 0.223 0.362
0.277 0.220 0.361
0.276 0.218 0.361
0.276 0.216 0.360
0.276 0.213 0.360
0.276 0.211 0.359
0.276 0.209 0.359
0.275 0.207 0.359
0.275 0.204 0.358
0.275 0.202 0.358
0.275 0.200 0.357
0.275 0.197 0.357
0.275 0.195 0.357
0.275 0.193 0.356
0.274 0.190 0.356
0.274 0.188 0.355
0.274 0.186 0.355
0.274 0.184 0.355
0.274 0.181 0.355
0.274 0.179 0.355
0.274 0.177 0.354
0.274 0.174 0.354
0.274 0.172 0.354
0.274 0.170 0.353
0.274 0.167 0.353
0.274 0.165 0.352
0.274 0.163 0.352
0.273 0.160 0.352
0.273 0.158 0.351
0.273 0.155 0.351
0.273 0.153 0.351
0.273 0.151 0.351
0.274 0.148 0.351
0.274 0.146 0.351
0.274 0.144 0.350
0.274 0.141 0.350
0.274 0.139 0.350
0.273 0.136 0.349
0.273 0.134 0.349
0.273 0.132 0.349
0.273 0.129 0.348
0.273 0.127 0.348
0.273 0.124 0.348
0.273 0.122 0.348
0.273 0.119 0.348
0.273 0.117 0.347
0.273 0.115 0.347
0.273 0.112 0.347
0.273 0.110 0.347
0.273 0.107 0.346
0.273 0.105 0.346
0.273 0.102 0.346
0.274 0.100 0.346
0.274 0.097 0.346
0.273 0.095 0.345
0.274 0.092 0.345
0.273 0.090 0.345
0.273 0.087 0.345
0.273 0.084 0.344
0.273 0.082 0.343
0.272 0.079 0.342
0.271 0.077 0.341
0.271 0.074 0.340
0.270 0.072 0.339
0.270 0.069 0.339
0.269 0.067 0.338
0.269 0.064 0.337
0.269 0.062 0.337
0.268 0.059 0.336
0.268 0.056 0.335
0.268 0.054 0.335
0.267 0.051 0.334
0.267 0.049 0.334
0.267 0.046 0.333
0.267 0.044 0.332
0.266 0.041 0.332
0.266 0.039 0.331
0.266 0.036 0.331
0.265 0.033 0.330
0.266 0.031 0.330
0.265 0.028 0.329
0.262 0.026 0.325
0.260 0.024 0.322
0.264 0.020 0.326
0.242 0.022 0.300
0.114 0.048 0.144
0.116 0.046 0.146
0.120 0.044 0.151
0.121 0.042 0.153
0.126 0.039 0.158
0.132 0.036 0.165
0.136 0.033 0.171
0.139 0.031 0.173
0.139 0.029 0.174
0.139 0.027 0.174
0.139 0.026 0.172
0.137 0.025 0.171
0.136 0.023 0.169
0.135 0.022 0.168
0.134 0.021 0.166
0.132 0.019 0.164
0.131 0.018 0.162
0.129 0.017 0.160
0.128 0.016 0.158
0.126 0.015 0.156
0.124 0.014 0.154
0.123 0.013 0.152
0.122 0.012 0.150
0.120 0.010 0.149
0.120 0.009 0.147
0.118 0.008 0.145
0.116 0.007 0.143
0.114 0.006 0.141
0.113 0.005 0.139
0.112 0.004 0.138
0.110 0.004 0.135
0.108 0.003 0.132
0.105 0.003 0.129
0.103 0.002 0.126
0.101 0.002 0.124
0.099 0.001 0.121
0.097 0.001 0.119
0.095 0.000 0.117
0.093 0.000 0.114
0.091 0.000 0.111
0.089 -0.001 0.109
0.087 -0.001 0.106
0.084 -0.001 0.103
0.082 -0.001 0.100
0.080 -0.001 0.098
0.079 -0.002 0.096
0.077 -0.002 0.094
0.075 -0.002 0.091
0.073 -0.002 0.089
0.071 -0.002 0.086
0.069 -0.003 0.084
0.067 -0.003 0.082
0.066 -0.003 0.080
0.064 -0.003 0.078
0.062 -0.003 0.076
0.061 -0.003 0.074
0.059 -0.003 0.072
0.057 -0.004 0.070
0.056 -0.004 0.068
0.054 -0.004 0.066
0.053 -0.004 0.064
0.051 -0.004 0.062
0.050 -0.004 0.060
0.048 -0.004 0.058
0.047 -0.004 0.057
0.046 -0.004 0.055
0.044 -0.004 0.053
0.043 -0.004 0.052
0.042 -0.005 0.050
0.040 -0.004 0.048
0.039 -0.005 0.047
0.038 -0.005 0.045
0.037 -0.005 0.044
0.035 -0.004 0.042
0.034 -0.005 0.041
0.033 -0.005 0.039
0.032 -0.005 0.038
0.031 -0.005 0.036
0.030 -0.005 0.035
0.028 -0.005 0.034
0.027 -0.005 0.032
0.026 -0.005 0.031
0.025 -0.005 0.030
0.024 -0.005 0.028
0.023 -0.005 0.027
0.022 -0.005 0.026
0.021 -0.005 0.025
0.020 -0.005 0.024
0.019 -0.005 0.022
0.018 -0.005 0.021
0.017 -0.005 0.020
0.016 -0.005 0.019
0.015 -0.004 0.018
0.014 -0.004 0.016
0.014 -0.004 0.015
0.013 -0.005 0.014
0.012 -0.005 0.013
0.011 -0.005 0.012
0.010 -0.005 0.011
0.009 -0.004 0.010
0.009 -0.004 0.009
0.008 -0.004 0.008
0.007 -0.004 0.007
0.006 -0.004 0.007
0.006 -0.004 0.006
0.005 -0.004 0.005
0.004 -0.004 0.004
0.003 -0.004 0.003
0.003 -0.004 0.002
0.002 -0.004 0.001
0.001 -0.004 0.000
0.001 -0.004 -0.001
0.000 -0.004 -0.001
-0.001 -0.004 -0.002
-0.001 -0.004 -0.003
-0.002 -0.004 -0.004
-0.002 -0.005 -0.004
-0.003 -0.004 -0.005
-0.004 -0.004 -0.006
-0.004 -0.004 -0.006
-0.005 -0.005 -0.007
-0.005 -0.005 -0.008
-0.006 -0.005 -0.008
-0.006 -0.005 -0.009
-0.007 -0.005 -0.010
-0.007 -0.005 -0.010
-0.008 -0.005 -0.011
-0.008 -0.005 -0.011
-0.009 -0.005 -0.012
-0.009 -0.005 -0.013
-0.010 -0.005 -0.014
-0.010 -0.005 -0.014
-0.011 -0.005 -0.015
-0.011 -0.005 -0.015
-0.012 -0.005 -0.016
-0.012 -0.005 -0.016
-0.013 -0.005 -0.017
-0.013 -0.005 -0.017
-0.013 -0.006 -0.018
-0.014 -0.006 -0.019
-0.014 -0.006 -0.019
-0.015 -0.006 -0.020
-0.015 -0.006 -0.020
-0.016 -0.006 -0.021
-0.016 -0.006 -0.021
-0.016 -0.006 -0.022
-0.017 -0.006 -0.022
-0.017 -0.006 -0.023
-0.018 -0.006 -0.023
-0.018 -0.006 -0.024
-0.018 -0.006 -0.024
-0.019 -0.006 -0.025
-0.019 -0.006 -0.025
-0.020 -0.006 -0.026
-0.020 -0.006 -0.026
-0.021 -0.005 -0.027
-0.021 -0.006 -0.027
-0.021 -0.006 -0.028
-0.022 -0.006 -0.028
-0.022 -0.006 -0.029
-0.022 -0.006 -0.029
-0.023 -0.005 -0.030
-0.023 -0.005 -0.030
-0.024 -0.006 -0.031
-0.024 -0.005 -0.031
-0.025 -0.005 -0.032
-0.026 -0.003 -0.033
-0.027 -0.002 -0.034
-0.023 -0.010 -0.030
0.276 0.227 0.363
0.276 0.225 0.363
0.276 0.223 0.363
0.275 0.220 0.362
0.275 0.218 0.362
0.275 0.216 0.361
0.275 0.213 0.361
0.274 0.211 0.360
0.274 0.209 0.360
0.274 0.206 0.360
0.274 0.204 0.359
0.274 0.202 0.359
0.274 0.200 0.358
0.274 0.197 0.358
0.273 0.195 0.358
0.273 0.193 0.357
0.273 0.190 0.357
0.273 0.188 0.356
0.273 0.186 0.356
0.273 0.183 0.356
0.273 0.181 0.356
0.273 0.179 0.356
0.273 0.177 0.355
0.273 0.174 0.355
0.273 0.172 0.355
0.273 0.170 0.354
0.272 0.167 0.354
0.273 0.165 0.354
0.272 0.163 0.353
0.272 0.160 0.353
0.272 0.158 0.353
0.272 0.155 0.352
0.272 0.153 0.352
0.272 0.151 0.352
0.272 0.148 0.352
0.272 0.146 0.352
0.272 0.144 0.352
0.272 0.141 0.351
0.272 0.139 0.351
0.272 0.136 0.350
0.272 0.134 0.350
0.272 0.132 0.350
0.272 0.129 0.350
0.272 0.127 0.350
0.272 0.124 0.349
0.272 0.122 0.349
0.272 0.119 0.348
0.272 0.117 0.348
0.272 0.114 0.348
0.272 0.112 0.348
0.272 0.110 0.348
0.272 0.107 0.348
0.272 0.105 0.348
0.272 0.102 0.347
0.272 0.100 0.347
0.272 0.097 0.347
0.272 0.095 0.347
0.272 0.092 0.346
0.272 0.089 0.346
0.272 0.087 0.346
0.272 0.084 0.345
0.272 0.082 0.345
0.271 0.079 0.343
0.270 0.077 0.342
0.269 0.074 0.341
0.269 0.072 0.340
0.269 0.069 0.340
0.268 0.067 0.339
0.268 0.064 0.338
0.267 0.062 0.338
0.267 0.059 0.337
0.267 0.056 0.336
0.267 0.054 0.336
0.266 0.051 0.335
0.266 0.049 0.335
0.265 0.046 0.334
0.265 0.044 0.333
0.265 0.041 0.332
0.265 0.038 0.332
0.265 0.036 0.332
0.264 0.033 0.331
0.264 0.031 0.330
0.261 0.029 0.327
0.257 0.027 0.322
0.260 0.024 0.325
0.251 0.023 0.313
0.100 0.053 0.128
0.106 0.050 0.136
0.112 0.047 0.143
0.114 0.045 0.146
0.120 0.042 0.153
0.128 0.039 0.163
0.133 0.036 0.168
0.137 0.033 0.173
0.139 0.031 0.175
0.140 0.029 0.176
0.139 0.027 0.175
0.138 0.026 0.173
0.136 0.025 0.171
0.134 0.023 0.169
0.134 0.022 0.168
0.133 0.021 0.166
0.132 0.019 0.165
0.131 0.018 0.164
0.129 0.017 0.162
0.128 0.016 0.160
0.126 0.015 0.157
0.124 0.014 0.155
0.122 0.013 0.153
0.121 0.011 0.151
0.120 0.010 0.150
0.119 0.009 0.148
0.117 0.008 0.146
0.115 0.007 0.144
0.113 0.006 0.141
0.112 0.005 0.140
0.111 0.004 0.138
0.109 0.004 0.136
0.106 0.003 0.132
0.104 0.003 0.129
0.102 0.002 0.127
0.101 0.002 0.125
0.098 0.001 0.122
0.096 0.001 0.120
0.094 0.000 0.117
0.092 0.000 0.115
0.090 0.000 0.112
0.088 -0.001 0.109
0.086 -0.001 0.106
0.084 -0.001 0.104
0.082 -0.001 0.101
0.080 -0.002 0.099
0.078 -0.002 0.096
0.076 -0.002 0.094
0.074 -0.002 0.091
0.072 -0.002 0.089
0.070 -0.002 0.087
0.068 -0.003 0.084
0.067 -0.003 0.082
0.065 -0.003 0.080
0.063 -0.003 0.078
0.062 -0.003 0.076
0.060 -0.003 0.074
0.058 -0.003 0.072
0.057 -0.004 0.070
0.055 -0.004 0.068
0.054 -0.004 0.066
0.052 -0.004 0.064
0.051 -0.004 0.062
0.049 -0.004 0.061
0.048 -0.004 0.059
0.046 -0.004 0.057
0.045 -0.004 0.055
0.044 -0.004 0.053
0.042 -0.004 0.052
0.041 -0.004 0.050
0.040 -0.004 0.049
0.038 -0.004 0.047
0.037 -0.004 0.046
0.036 -0.004 0.044
0.035 -0.005 0.043
0.033 -0.004 0.041
0.032 -0.005 0.039
0.031 -0.005 0.038
0.030 -0.005 0.037
0.029 -0.005 0.035
0.028 -0.005 0.034
0.027 -0.005 0.033
0.026 -0.005 0.031
0.025 -0.005 0.030
0.024 -0.005 0.029
0.023 -0.005 0.027
0.022 -0.005 0.026
0.021 -0.005 0.025
0.020 -0.005 0.024
0.019 -0.005 0.023
0.018 -0.005 0.021
0.017 -0.005 0.020
0.016 -0.005 0.019
0.015 -0.004 0.018
0.014 -0.004 0.017
0.013 -0.004 0.016
0.012 -0.004 0.015
0.011 -0.004 0.014
0.011 -0.004 0.013
0.010 -0.004 0.012
0.009 -0.004 0.011
0.008 -0.004 0.010
0.007 -0.004 0.008
0.007 -0.004 0.008
0.006 -0.005 0.007
0.005 -0.004 0.006
0.004 -0.004 0.005
0.004 -0.004 0.004
0.003 -0.005 0.003
0.002 -0.004 0.002
0.002 -0.004 0.001
0.001 -0.004 0.001
0.000 -0.004 0.000
0.000 -0.004 -0.001
-0.001 -0.004 -0.002
-0.001 -0.004 -0.002
-0.002 -0.004 -0.003
-0.003 -0.005 -0.004
-0.003 -0.005 -0.005
-0.004 -0.005 -0.005
-0.004 -0.005 -0.006
-0.005 -0.005 -0.007
-0.006 -0.005 -0.008
-0.006 -0.005 -0.008
-0.007 -0.005 -0.009
-0.007 -0.005 -0.009
-0.008 -0.005 -0.010
-0.008 -0.005 -0.011
-0.009 -0.005 -0.011
-0.009 -0.005 -0.012
-0.010 -0.005 -0.013
-0.010 -0.005 -0.013
-0.011 -0.005 -0.014
-0.011 -0.005 -0.014
-0.011 -0.005 -0.015
-0.012 -0.005 -0.016
-0.012 -0.005 -0.016
-0.013 -0.005 -0.017
-0.013 -0.006 -0.017
-0.014 -0.006 -0.018
-0.014 -0.006 -0.018
-0.015 -0.006 -0.019
-0.015 -0.006 -0.019
-0.015 -0.006 -0.020
-0.016 -0.006 -0.020
-0.016 -0.006 -0.021
-0.017 -0.006 -0.022
-0.017 -0.006 -0.022
-0.018 -0.006 -0.023
-0.018 -0.006 -0.023
-0.019 -0.006 -0.024
-0.019 -0.006 -0.024
-0.019 -0.006 -0.024
-0.019 -0.006 -0.025
-0.020 -0.006 -0.026
-0.020 -0.006 -0.026
-0.021 -0.005 -0.027
-0.021 -0.005 -0.027
-0.022 -0.005 -0.028
-0.022 -0.006 -0.028
-0.022 -0.006 -0.028
-0.023 -0.006 -0.029
-0.023 -0.006 -0.029
-0.024 -0.005 -0.030
-0.024 -0.005 -0.030
-0.024 -0.005 -0.031
-0.025 -0.005 -0.032
-0.026 -0.003 -0.033
-0.027 -0.002 -0.034
-0.023 -0.010 -0.030
0.274 0.227 0.364
0.275 0.225 0.364
0.274 0.222 0.364
0.274 0.220 0.363
0.274 0.218 0.363
0.274 0.216 0.362
0.273 0.213 0.362
0.273 0.211 0.361
0.273 0.209 0.361
0.273 0.206 0.360
0.273 0.204 0.360
0.273 0.202 0.360
0.273 0.200 0.359
0.272 0.197 0.359
0.272 0.195 0.359
0.272 0.193 0.358
0.272 0.190 0.358
0.272 0.188 0.357
0.272 0.186 0.357
0.272 0.183 0.357
0.272 0.181 0.357
0.272 0.179 0.357
0.272 0.177 0.356
0.272 0.174 0.356
0.271 0.172 0.355
0.271 0.170 0.355
0.271 0.167 0.355
0.271 0.165 0.355
0.271 0.163 0.354
0.271 0.160 0.354
0.271 0.158 0.354
0.271 0.155 0.353
0.271 0.153 0.353
0.271 0.151 0.353
0.271 0.148 0.353
0.271 0.146 0.353
0.271 0.144 0.352
0.271 0.141 0.352
0.271 0.139 0.352
0.271 0.136 0.351
0.271 0.134 0.351
0.271 0.132 0.351
0.271 0.129 0.351
0.271 0.127 0.351
0.271 0.124 0.350
0.271 0.122 0.350
0.271 0.119 0.350
0.271 0.117 0.350
0.271 0.114 0.350
0.271 0.112 0.349
0.271 0.109 0.349
0.271 0.107 0.349
0.271 0.105 0.349
0.271 0.102 0.349
0.271 0.100 0.349
0.271 0.097 0.348
0.271 0.094 0.348
0.271 0.092 0.348
0.271 0.089 0.347
0.271 0.087 0.347
0.271 0.084 0.346
0.270 0.082 0.346
0.270 0.079 0.345
0.269 0.077 0.343
0.268 0.074 0.342
0.268 0.072 0.341
0.267 0.069 0.341
0.267 0.067 0.340
0.267 0.064 0.339
0.266 0.062 0.339
0.266 0.059 0.338
0.265 0.056 0.337
0.265 0.054 0.337
0.265 0.051 0.336
0.265 0.049 0.336
0.264 0.046 0.335
0.264 0.044 0.334
0.263 0.041 0.333
0.263 0.038 0.333
0.263 0.036 0.333
0.262 0.033 0.331
0.260 0.031 0.328
0.257 0.029 0.324
0.260 0.026 0.327
0.242 0.027 0.306
0.091 0.056 0.119
0.096 0.053 0.125
0.100 0.051 0.130
0.107 0.048 0.138
0.112 0.045 0.145
0.121 0.042 0.155
0.130 0.038 0.167
0.135 0.035 0.173
0.136 0.033 0.173
0.136 0.031 0.173
0.134 0.030 0.170
0.132 0.029 0.168
0.132 0.027 0.168
0.134 0.025 0.170
0.134 0.023 0.170
0.133 0.022 0.168
0.130 0.021 0.165
0.129 0.020 0.163
0.129 0.018 0.163
0.128 0.017 0.162
0.126 0.016 0.160
0.125 0.015 0.158
0.123 0.014 0.156
0.122 0.012 0.154
0.121 0.011 0.153
0.120 0.010 0.151
0.118 0.009 0.149
0.117 0.008 0.147
0.115 0.007 0.144
0.113 0.006 0.142
0.111 0.005 0.140
0.110 0.004 0.138
0.108 0.004 0.136
0.106 0.003 0.133
0.103 0.003 0.129
0.101 0.003 0.127
0.099 0.002 0.124
0.097 0.001 0.122
0.095 0.001 0.119
0.093 0.000 0.117
0.092 0.000 0.115
0.089 0.000 0.111
0.087 0.000 0.109
0.085 -0.001 0.106
0.083 -0.001 0.104
0.081 -0.001 0.102
0.079 -0.002 0.099
0.077 -0.002 0.097
0.075 -0.002 0.094
0.073 -0.002 0.092
0.071 -0.002 0.089
0.070 -0.002 0.087
0.068 -0.003 0.085
0.066 -0.003 0.083
0.064 -0.003 0.081
0.063 -0.003 0.078
0.061 -0.003 0.076
0.059 -0.003 0.074
0.058 -0.003 0.072
0.056 -0.003 0.070
0.054 -0.004 0.068
0.053 -0.004 0.066
0.051 -0.004 0.064
0.050 -0.004 0.063
0.048 -0.004 0.061
0.047 -0.004 0.059
0.046 -0.004 0.057
0.044 -0.004 0.055
0.043 -0.004 0.054
0.042 -0.004 0.052
0.040 -0.004 0.050
0.039 -0.004 0.049
0.038 -0.004 0.047
0.037 -0.004 0.046
0.035 -0.004 0.044
0.034 -0.005 0.043
0.033 -0.004 0.041
0.032 -0.004 0.040
0.031 -0.005 0.038
0.030 -0.005 0.037
0.029 -0.005 0.036
0.027 -0.005 0.034
0.026 -0.005 0.033
0.025 -0.005 0.032
0.024 -0.005 0.030
0.023 -0.005 0.029
0.022 -0.005 0.028
0.021 -0.005 0.027
0.020 -0.005 0.025
0.019 -0.005 0.024
0.018 -0.005 0.023
0.017 -0.005 0.022
0.016 -0.005 0.021
0.015 -0.005 0.019
0.014 -0.004 0.018
0.013 -0.004 0.017
0.013 -0.004 0.016
0.012 -0.004 0.015
0.011 -0.004 0.014
0.010 -0.004 0.013
0.009 -0.004 0.012
0.009 -0.004 0.011
0.008 -0.004 0.010
0.007 -0.004 0.009
0.006 -0.004 0.008
0.006 -0.004 0.007
0.005 -0.004 0.006
0.004 -0.004 0.005
0.003 -0.004 0.004
0.003 -0.004 0.003
0.002 -0.004 0.003
0.001 -0.004 0.002
0.001 -0.004 0.001
0.000 -0.005 0.000
-0.001 -0.004 -0.001
-0.001 -0.005 -0.001
-0.002 -0.004 -0.002
-0.002 -0.005 -0.003
-0.003 -0.005 -0.004
-0.004 -0.005 -0.004
-0.004 -0.005 -0.005
-0.005 -0.005 -0.006
-0.005 -0.005 -0.007
-0.006 -0.005 -0.007
-0.006 -0.005 -0.008
-0.007 -0.005 -0.009
-0.007 -0.005 -0.009
-0.008 -0.005 -0.010
-0.008 -0.005 -0.010
-0.009 -0.005 -0.011
-0.009 -0.005 -0.012
-0.010 -0.005 -0.012
-0.010 -0.005 -0.013
-0.011 -0.005 -0.014
-0.011 -0.005 -0.014
-0.012 -0.005 -0.015
-0.012 -0.006 -0.015
-0.013 -0.006 -0.016
-0.013 -0.006 -0.016
-0.013 -0.006 -0.017
-0.014 -0.006 -0.017
-0.014 -0.006 -0.018
-0.015 -0.006 -0.018
-0.015 -0.006 -0.019
-0.016 -0.006 -0.020
-0.016 -0.006 -0.020
-0.017 -0.006 -0.021
-0.017 -0.006 -0.021
-0.017 -0.006 -0.022
-0.018 -0.006 -0.022
-0.018 -0.006 -0.023
-0.019 -0.006 -0.023
-0.019 -0.006 -0.024
-0.019 -0.006 -0.024
-0.020 -0.006 -0.025
-0.020 -0.006 -0.025
-0.021 -0.006 -0.026
-0.021 -0.005 -0.027
-0.022 -0.005 -0.027
-0.022 -0.005 -0.028
-0.022 -0.006 -0.028
-0.022 -0.006 -0.028
-0.023 -0.006 -0.029
-0.023 -0.005 -0.029
-0.024 -0.005 -0.030
-0.024 -0.005 -0.030
-0.025 -0.005 -0.031
-0.025 -0.005 -0.031
-0.026 -0.003 -0.033
-0.027 -0.002 -0.034
-0.024 -0.010 -0.030
0.273 0.227 0.365
0.273 0.225 0.365
0.273 0.222 0.365
0.273 0.220 0.364
0.272 0.218 0.363
0.272 0.216 0.363
0.272 0.213 0.363
0.272 0.211 0.362
0.272 0.209 0.362
0.272 0.206 0.361
0.271 0.204 0.361
0.271 0.202 0.361
0.271 0.200 0.360
0.271 0.197 0.360
0.271 0.195 0.360
0.271 0.193 0.359
0.271 0.190 0.359
0.271 0.188 0.359
0.270 0.186 0.358
0.271 0.183 0.358
0.270 0.181 0.358
0.270 0.179 0.357
0.270 0.177 0.357
0.270 0.174 0.357
0.270 0.172 0.357
0.270 0.170 0.356
0.270 0.167 0.356
0.270 0.165 0.356
0.270 0.162 0.355
0.270 0.160 0.355
0.270 0.158 0.355
0.270 0.155 0.354
0.270 0.153 0.354
0.270 0.151 0.354
0.270 0.148 0.354
0.270 0.146 0.354
0.270 0.144 0.353
0.270 0.141 0.353
0.270 0.139 0.353
0.269 0.136 0.352
0.270 0.134 0.352
0.270 0.132 0.352
0.270 0.129 0.352
0.270 0.127 0.352
0.269 0.124 0.351
0.270 0.122 0.351
0.269 0.119 0.351
0.270 0.117 0.351
0.270 0.114 0.351
0.270 0.112 0.351
0.270 0.109 0.350
0.270 0.107 0.350
0.270 0.104 0.350
0.270 0.102 0.350
0.270 0.099 0.350
0.270 0.097 0.350
0.270 0.094 0.349
0.270 0.092 0.349
0.270 0.089 0.349
0.270 0.087 0.348
0.270 0.084 0.348
0.269 0.082 0.347
0.269 0.079 0.346
0.268 0.077 0.344
0.267 0.074 0.343
0.266 0.072 0.342
0.266 0.069 0.342
0.266 0.067 0.341
0.265 0.064 0.340
0.265 0.061 0.339
0.264 0.059 0.339
0.264 0.056 0.338
0.264 0.054 0.338
0.264 0.051 0.337
0.263 0.049 0.336
0.263 0.046 0.336
0.262 0.044 0.335
0.262 0.041 0.334
0.262 0.038 0.334
0.262 0.036 0.333
0.260 0.033 0.331
0.254 0.032 0.324
0.257 0.029 0.327
0.255 0.026 0.325
0.087 0.058 0.116
0.089 0.056 0.118
0.088 0.055 0.117
0.094 0.052 0.124
0.102 0.049 0.134
0.112 0.045 0.146
0.119 0.042 0.155
0.125 0.039 0.161
0.116 0.040 0.151
0.099 0.043 0.130
0.073 0.049 0.097
0.061 0.051 0.083
0.073 0.046 0.097
0.094 0.039 0.123
0.115 0.031 0.148
0.119 0.028 0.153
0.127 0.024 0.163
0.127 0.022 0.163
0.126 0.020 0.162
0.126 0.019 0.161
0.125 0.017 0.160
0.125 0.016 0.159
0.123 0.015 0.158
0.122 0.014 0.156
0.120 0.013 0.154
0.120 0.011 0.153
0.119 0.010 0.151
0.117 0.009 0.150
0.116 0.008 0.148
0.114 0.007 0.145
0.112 0.006 0.143
0.111 0.005 0.141
0.110 0.004 0.139
0.108 0.003 0.137
0.105 0.003 0.134
0.103 0.003 0.131
0.100 0.002 0.128
0.096 0.003 0.122
0.089 0.005 0.113
0.082 0.007 0.105
0.082 0.006 0.104
0.081 0.005 0.104
0.081 0.004 0.103
0.082 0.002 0.104
0.083 0.000 0.105
0.082 -0.001 0.104
0.080 -0.001 0.102
0.078 -0.001 0.099
0.076 -0.002 0.097
0.074 -0.002 0.095
0.072 -0.002 0.092
0.071 -0.002 0.090
0.069 -0.002 0.088
0.067 -0.003 0.085
0.065 -0.003 0.083
0.064 -0.003 0.081
0.062 -0.003 0.079
0.060 -0.003 0.077
0.059 -0.003 0.075
0.057 -0.003 0.073
0.055 -0.003 0.070
0.054 -0.003 0.068
0.052 -0.004 0.066
0.051 -0.004 0.065
0.049 -0.004 0.063
0.048 -0.004 0.061
0.046 -0.004 0.059
0.045 -0.004 0.057
0.043 -0.004 0.055
0.042 -0.004 0.054
0.041 -0.004 0.052
0.039 -0.004 0.050
0.038 -0.004 0.049
0.037 -0.004 0.047
0.036 -0.004 0.046
0.035 -0.004 0.044
0.033 -0.004 0.043
0.032 -0.004 0.041
0.031 -0.004 0.040
0.030 -0.005 0.039
0.029 -0.005 0.037
0.028 -0.005 0.036
0.027 -0.005 0.035
0.026 -0.005 0.033
0.025 -0.005 0.032
0.024 -0.005 0.031
0.023 -0.005 0.029
0.022 -0.005 0.028
0.021 -0.005 0.027
0.020 -0.005 0.026
0.019 -0.005 0.024
0.018 -0.005 0.023
0.017 -0.005 0.022
0.016 -0.005 0.021
0.015 -0.005 0.020
0.014 -0.005 0.018
0.013 -0.004 0.017
0.012 -0.004 0.016
0.011 -0.004 0.015
0.010 -0.004 0.014
0.010 -0.004 0.013
0.009 -0.004 0.012
0.008 -0.004 0.011
0.007 -0.004 0.010
0.006 -0.004 0.009
0.006 -0.004 0.008
0.005 -0.004 0.007
0.004 -0.004 0.006
0.004 -0.004 0.005
0.003 -0.004 0.004
0.002 -0.004 0.004
0.002 -0.004 0.003
0.001 -0.005 0.002
0.000 -0.005 0.001
0.000 -0.005 0.001
-0.001 -0.005 0.000
-0.001 -0.005 -0.001
-0.002 -0.005 -0.002
-0.003 -0.005 -0.003
-0.003 -0.005 -0.003
-0.004 -0.005 -0.004
-0.004 -0.005 -0.005
-0.005 -0.005 -0.006
-0.006 -0.005 -0.006
-0.006 -0.005 -0.007
-0.007 -0.005 -0.007
-0.007 -0.005 -0.008
-0.008 -0.005 -0.009
-0.008 -0.005 -0.010
-0.009 -0.005 -0.010
-0.009 -0.005 -0.011
-0.010 -0.005 -0.011
-0.010 -0.005 -0.012
-0.011 -0.005 -0.013
-0.011 -0.005 -0.013
-0.012 -0.005 -0.014
-0.012 -0.005 -0.015
-0.012 -0.006 -0.015
-0.013 -0.006 -0.016
-0.013 -0.006 -0.016
-0.014 -0.006 -0.017
-0.014 -0.006 -0.017
-0.014 -0.006 -0.018
-0.015 -0.006 -0.018
-0.015 -0.006 -0.019
-0.016 -0.006 -0.019
-0.016 -0.006 -0.020
-0.017 -0.006 -0.020
-0.017 -0.006 -0.021
-0.018 -0.006 -0.021
-0.018 -0.006 -0.022
-0.018 -0.006 -0.022
-0.019 -0.006 -0.023
-0.019 -0.006 -0.024
-0.020 -0.006 -0.024
-0.020 -0.006 -0.025
-0.020 -0.006 -0.025
-0.021 -0.006 -0.026
-0.022 -0.005 -0.026
-0.022 -0.005 -0.027
-0.022 -0.006 -0.027
-0.023 -0.006 -0.028
-0.023 -0.006 -0.028
-0.023 -0.006 -0.028
-0.024 -0.006 -0.029
-0.024 -0.005 -0.030
-0.024 -0.006 -0.030
-0.025 -0.005 -0.031
-0.025 -0.005 -0.031
-0.027 -0.003 -0.032
-0.027 -0.002 -0.033
-0.024 -0.010 -0.030
0.272 0.227 0.366
0.272 0.225 0.366
0.272 0.222 0.366
0.271 0.220 0.365
0.271 0.218 0.364
0.271 0.216 0.364
0.271 0.213 0.364
0.271 0.211 0.363
0.271 0.209 0.363
0.270 0.206 0.362
0.270 0.204 0.362
0.270 0.202 0.362
0.270 0.200 0.361
0.270 0.197 0.361
0.270 0.195 0.361
0.270 0.193 0.360
0.270 0.190 0.360
0.269 0.188 0.359
0.269 0.186 0.359
0.269 0.183 0.359
0.269 0.181 0.358
0.269 0.179 0.358
0.269 0.176 0.358
0.269 0.174 0.358
0.269 0.172 0.357
0.269 0.170 0.357
0.269 0.167 0.357
0.269 0.165 0.357
0.269 0.162 0.356
0.269 0.160 0.356
0.269 0.158 0.356
0.269 0.155 0.356
0.269 0.153 0.355
0.269 0.151 0.355
0.268 0.148 0.355
0.269 0.146 0.355
0.268 0.144 0.354
0.269 0.141 0.354
0.269 0.139 0.354
0.268 0.136 0.353
0.268 0.134 0.353
0.268 0.131 0.353
0.269 0.129 0.353
0.269 0.127 0.353
0.268 0.124 0.352
0.268 0.122 0.352
0.268 0.119 0.352
0.269 0.117 0.352
0.269 0.114 0.352
0.269 0.112 0.352
0.268 0.109 0.351
0.269 0.107 0.351
0.269 0.104 0.351
0.269 0.102 0.351
0.269 0.099 0.351
0.269 0.097 0.350
0.269 0.094 0.350
0.269 0.092 0.350
0.269 0.089 0.350
0.269 0.087 0.350
0.269 0.084 0.349
0.268 0.082 0.348
0.267 0.079 0.347
0.266 0.077 0.346
0.265 0.074 0.344
0.265 0.072 0.343
0.265 0.069 0.343
0.264 0.066 0.342
0.264 0.064 0.341
0.264 0.061 0.341
0.263 0.059 0.340
0.263 0.056 0.339
0.262 0.054 0.339
0.262 0.051 0.338
0.262 0.049 0.338
0.261 0.046 0.337
0.261 0.044 0.335
0.260 0.041 0.335
0.260 0.038 0.334
0.260 0.036 0.334
0.256 0.034 0.328
0.255 0.031 0.327
0.242 0.031 0.311
0.084 0.059 0.113
0.088 0.057 0.118
0.084 0.057 0.113
0.086 0.055 0.116
0.089 0.053 0.119
0.101 0.049 0.133
0.109 0.046 0.144
0.109 0.044 0.143
0.074 0.052 0.100
0.046 0.058 0.066
0.046 0.057 0.065
0.045 0.056 0.064
0.044 0.056 0.063
0.045 0.054 0.064
0.048 0.053 0.067
0.047 0.052 0.066
0.050 0.050 0.069
0.099 0.033 0.130
0.111 0.027 0.145
0.118 0.023 0.153
0.121 0.020 0.157
0.121 0.019 0.157
0.121 0.017 0.156
0.121 0.015 0.156
0.119 0.014 0.154
0.118 0.013 0.153
0.119 0.011 0.153
0.117 0.010 0.151
0.117 0.009 0.150
0.115 0.008 0.148
0.113 0.007 0.146
0.112 0.006 0.144
0.111 0.005 0.142
0.109 0.004 0.140
0.107 0.003 0.137
0.105 0.003 0.135
0.101 0.003 0.130
0.094 0.005 0.122
0.066 0.018 0.087
0.049 0.026 0.067
0.045 0.027 0.061
0.045 0.026 0.061
0.043 0.026 0.059
0.045 0.023 0.061
0.045 0.022 0.061
0.077 0.003 0.099
0.078 0.001 0.101
0.079 -0.001 0.102
0.077 -0.001 0.100
0.076 -0.002 0.097
0.074 -0.002 0.095
0.072 -0.002 0.093
0.070 -0.002 0.090
0.068 -0.002 0.088
0.067 -0.003 0.086
0.065 -0.003 0.084
0.063 -0.003 0.081
0.061 -0.003 0.079
0.060 -0.003 0.077
0.058 -0.003 0.075
0.056 -0.003 0.073
0.055 -0.003 0.071
0.053 -0.003 0.069
0.051 -0.003 0.067
0.050 -0.003 0.065
0.048 -0.003 0.063
0.047 -0.003 0.061
0.045 -0.004 0.059
0.044 -0.004 0.057
0.042 -0.004 0.055
0.041 -0.004 0.054
0.040 -0.004 0.052
0.039 -0.004 0.050
0.038 -0.004 0.049
0.036 -0.004 0.048
0.035 -0.004 0.046
0.034 -0.004 0.045
0.033 -0.004 0.043
0.032 -0.004 0.042
0.030 -0.004 0.040
0.029 -0.004 0.039
0.028 -0.004 0.037
0.027 -0.005 0.036
0.026 -0.005 0.035
0.025 -0.005 0.033
0.024 -0.005 0.032
0.023 -0.005 0.031
0.022 -0.005 0.030
0.021 -0.005 0.029
0.020 -0.005 0.027
0.019 -0.005 0.026
0.018 -0.005 0.025
0.017 -0.005 0.024
0.016 -0.005 0.022
0.015 -0.005 0.021
0.015 -0.005 0.020
0.014 -0.005 0.019
0.013 -0.005 0.018
0.012 -0.004 0.016
0.011 -0.004 0.015
0.010 -0.004 0.014
0.009 -0.004 0.013
0.008 -0.004 0.012
0.008 -0.004 0.011
0.007 -0.004 0.010
0.006 -0.004 0.009
0.005 -0.004 0.008
0.005 -0.004 0.007
0.004 -0.004 0.007
0.003 -0.004 0.006
0.002 -0.004 0.005
0.002 -0.004 0.004
0.001 -0.004 0.003
0.001 -0.005 0.002
0.000 -0.005 0.002
-0.001 -0.005 0.001
-0.001 -0.005 0.000
-0.002 -0.005 -0.001
-0.002 -0.005 -0.002
-0.003 -0.005 -0.002
-0.004 -0.005 -0.003
-0.004 -0.005 -0.004
-0.005 -0.005 -0.005
-0.005 -0.005 -0.005
-0.006 -0.005 -0.006
-0.006 -0.005 -0.007
-0.007 -0.005 -0.007
-0.007 -0.005 -0.008
-0.008 -0.005 -0.009
-0.008 -0.005 -0.009
-0.009 -0.005 -0.010
-0.010 -0.005 -0.011
-0.010 -0.005 -0.011
-0.011 -0.005 -0.012
-0.011 -0.005 -0.012
-0.011 -0.005 -0.013
-0.012 -0.005 -0.014
-0.012 -0.006 -0.014
-0.013 -0.006 -0.015
-0.013 -0.006 -0.015
-0.014 -0.006 -0.016
-0.014 -0.006 -0.016
-0.014 -0.006 -0.017
-0.015 -0.006 -0.017
-0.015 -0.006 -0.018
-0.016 -0.006 -0.018
-0.016 -0.006 -0.019
-0.017 -0.006 -0.020
-0.017 -0.006 -0.020
-0.017 -0.006 -0.021
-0.018 -0.006 -0.021
-0.018 -0.006 -0.022
-0.019 -0.006 -0.022
-0.019 -0.006 -0.023
-0.019 -0.006 -0.023
-0.020 -0.006 -0.024
-0.020 -0.006 -0.024
-0.021 -0.006 -0.025
-0.021 -0.006 -0.026
-0.022 -0.006 -0.026
-0.022 -0.005 -0.027
-0.022 -0.006 -0.027
-0.023 -0.006 -0.027
-0.023 -0.006 -0.028
-0.024 -0.006 -0.028
-0.024 -0.005 -0.029
-0.024 -0.005 -0.029
-0.025 -0.006 -0.030
-0.025 -0.005 -0.030
-0.026 -0.005 -0.031
-0.027 -0.003 -0.032
-0.028 -0.002 -0.033
-0.024 -0.010 -0.030
0.270 0.227 0.367
0.271 0.225 0.367
0.271 0.222 0.367
0.270 0.220 0.366
0.270 0.218 0.365
0.270 0.215 0.365
0.270 0.213 0.365
0.270 0.211 0.364
0.269 0.209 0.364
0.269 0.206 0.364
0.269 0.204 0.363
0.269 0.202 0.363
0.269 0.200 0.362
0.269 0.197 0.362
0.269 0.195 0.362
0.269 0.193 0.361
0.268 0.190 0.361
0.268 0.188 0.361
0.268 0.186 0.360
0.268 0.183 0.360
0.268 0.181 0.360
0.268 0.179 0.359
0.268 0.176 0.359
0.268 0.174 0.359
0.268 0.172 0.359
0.268 0.170 0.358
0.268 0.167 0.358
0.268 0.165 0.358
0.268 0.162 0.358
0.268 0.160 0.357
0.268 0.158 0.357
0.268 0.155 0.357
0.267 0.153 0.357
0.267 0.151 0.356
0.267 0.148 0.356
0.267 0.146 0.356
0.267 0.144 0.356
0.267 0.141 0.355
0.267 0.139 0.355
0.267 0.136 0.354
0.267 0.134 0.354
0.267 0.131 0.354
0.267 0.129 0.354
0.267 0.127 0.354
0.267 0.124 0.354
0.267 0.122 0.353
0.267 0.119 0.353
0.267 0.117 0.353
0.267 0.114 0.353
0.267 0.112 0.353
0.267 0.109 0.352
0.267 0.107 0.352
0.267 0.104 0.352
0.268 0.102 0.352
0.267 0.099 0.352
0.267 0.097 0.351
0.268 0.094 0.351
0.267 0.092 0.351
0.268 0.089 0.351
0.268 0.087 0.351
0.268 0.084 0.351
0.267 0.082 0.350
0.266 0.079 0.348
0.265 0.077 0.347
0.264 0.074 0.346
0.264 0.072 0.345
0.263 0.069 0.344
0.263 0.066 0.343
0.263 0.064 0.343
0.262 0.061 0.342
0.262 0.059 0.341
0.261 0.056 0.340
0.261 0.054 0.340
0.261 0.051 0.339
0.260 0.049 0.338
0.260 0.046 0.338
0.259 0.043 0.337
0.259 0.041 0.336
0.259 0.038 0.335
0.257 0.036 0.333
0.256 0.033 0.332
0.257 0.031 0.333
0.094 0.059 0.128
0.084 0.059 0.115
0.081 0.059 0.111
0.080 0.058 0.110
0.083 0.056 0.113
0.088 0.053 0.119
0.099 0.049 0.133
0.104 0.047 0.139
0.051 0.059 0.073
0.045 0.059 0.065
0.042 0.059 0.061
0.040 0.059 0.059
0.040 0.058 0.058
0.040 0.057 0.059
0.039 0.056 0.057
0.039 0.055 0.057
0.038 0.055 0.056
0.041 0.053 0.059
0.045 0.050 0.064
0.049 0.048 0.069
0.079 0.036 0.106
0.103 0.027 0.136
0.110 0.022 0.145
0.111 0.020 0.146
0.110 0.019 0.145
0.109 0.018 0.144
0.113 0.015 0.147
0.117 0.012 0.152
0.116 0.010 0.152
0.117 0.008 0.152
0.114 0.008 0.149
0.113 0.007 0.147
0.112 0.006 0.145
0.110 0.005 0.143
0.108 0.004 0.140
0.105 0.004 0.137
0.102 0.004 0.132
0.093 0.007 0.122
0.056 0.024 0.075
0.045 0.029 0.062
0.043 0.029 0.060
0.042 0.028 0.058
0.041 0.028 0.057
0.040 0.027 0.055
0.040 0.026 0.055
0.043 0.023 0.060
0.049 0.019 0.066
0.074 0.003 0.097
0.078 -0.001 0.101
0.077 -0.002 0.101
0.075 -0.002 0.098
0.073 -0.002 0.096
0.071 -0.002 0.093
0.069 -0.002 0.090
0.067 -0.002 0.088
0.066 -0.003 0.086
0.064 -0.003 0.084
0.063 -0.003 0.082
0.061 -0.003 0.080
0.059 -0.003 0.078
0.058 -0.003 0.076
0.056 -0.003 0.073
0.054 -0.003 0.071
0.052 -0.003 0.069
0.051 -0.003 0.067
0.049 -0.003 0.065
0.047 -0.003 0.063
0.046 -0.003 0.061
0.044 -0.003 0.059
0.043 -0.003 0.057
0.042 -0.003 0.055
0.040 -0.003 0.054
0.039 -0.003 0.052
0.038 -0.004 0.051
0.037 -0.004 0.049
0.036 -0.004 0.048
0.034 -0.004 0.046
0.033 -0.004 0.045
0.032 -0.004 0.043
0.031 -0.004 0.042
0.030 -0.004 0.040
0.029 -0.004 0.039
0.028 -0.004 0.038
0.027 -0.004 0.036
0.026 -0.005 0.035
0.025 -0.005 0.034
0.024 -0.005 0.032
0.023 -0.005 0.031
0.022 -0.005 0.030
0.021 -0.005 0.029
0.020 -0.005 0.028
0.019 -0.005 0.026
0.018 -0.005 0.025
0.017 -0.005 0.024
0.016 -0.005 0.023
0.015 -0.005 0.021
0.014 -0.005 0.020
0.013 -0.005 0.019
0.012 -0.005 0.018
0.011 -0.004 0.017
0.011 -0.004 0.016
0.010 -0.004 0.015
0.009 -0.004 0.013
0.008 -0.004 0.013
0.007 -0.004 0.011
0.006 -0.004 0.010
0.006 -0.004 0.010
0.005 -0.004 0.009
0.004 -0.004 0.008
0.004 -0.004 0.007
0.003 -0.004 0.006
0.002 -0.004 0.005
0.001 -0.004 0.004
0.001 -0.004 0.003
0.000 -0.005 0.003
0.000 -0.005 0.002
-0.001 -0.005 0.001
-0.001 -0.005 0.000
-0.002 -0.005 -0.001
-0.003 -0.005 -0.001
-0.003 -0.005 -0.002
-0.004 -0.005 -0.003
-0.004 -0.005 -0.004
-0.005 -0.005 -0.004
-0.006 -0.005 -0.005
-0.006 -0.005 -0.005
-0.007 -0.005 -0.006
-0.007 -0.005 -0.007
-0.008 -0.005 -0.007
-0.008 -0.005 -0.008
-0.009 -0.005 -0.009
-0.009 -0.005 -0.010
-0.010 -0.005 -0.010
-0.010 -0.005 -0.011
-0.011 -0.005 -0.012
-0.011 -0.005 -0.012
-0.012 -0.005 -0.013
-0.012 -0.005 -0.013
-0.013 -0.005 -0.014
-0.013 -0.006 -0.014
-0.013 -0.006 -0.015
-0.014 -0.006 -0.016
-0.014 -0.006 -0.016
-0.015 -0.006 -0.017
-0.015 -0.006 -0.017
-0.015 -0.006 -0.018
-0.016 -0.006 -0.018
-0.016 -0.006 -0.019
-0.017 -0.006 -0.019
-0.017 -0.006 -0.020
-0.018 -0.006 -0.020
-0.018 -0.006 -0.021
-0.018 -0.006 -0.021
-0.019 -0.006 -0.022
-0.019 -0.006 -0.023
-0.020 -0.006 -0.023
-0.020 -0.006 -0.024
-0.020 -0.006 -0.024
-0.021 -0.006 -0.024
-0.021 -0.006 -0.025
-0.022 -0.006 -0.026
-0.022 -0.006 -0.026
-0.023 -0.006 -0.027
-0.023 -0.006 -0.027
-0.023 -0.006 -0.028
-0.024 -0.006 -0.028
-0.024 -0.006 -0.029
-0.025 -0.005 -0.029
-0.025 -0.006 -0.030
-0.025 -0.005 -0.030
-0.026 -0.005 -0.031
-0.027 -0.003 -0.032
-0.028 -0.002 -0.033
-0.025 -0.009 -0.030
0.269 0.227 0.368
0.270 0.225 0.368
0.269 0.222 0.367
0.269 0.220 0.367
0.269 0.218 0.366
0.269 0.215 0.366
0.268 0.213 0.365
0.268 0.211 0.365
0.268 0.209 0.365
0.268 0.206 0.365
0.268 0.204 0.364
0.268 0.202 0.364
0.268 0.200 0.363
0.268 0.197 0.363
0.268 0.195 0.363
0.267 0.193 0.362
0.267 0.190 0.362
0.267 0.188 0.362
0.267 0.186 0.361
0.267 0.183 0.361
0.267 0.181 0.360
0.267 0.179 0.360
0.267 0.176 0.360
0.266 0.174 0.360
0.267 0.172 0.359
0.267 0.169 0.359
0.267 0.167 0.359
0.267 0.165 0.359
0.267 0.162 0.359
0.266 0.160 0.358
0.266 0.158 0.358
0.266 0.155 0.358
0.266 0.153 0.358
0.266 0.151 0.357
0.266 0.148 0.357
0.266 0.146 0.357
0.266 0.143 0.357
0.266 0.141 0.356
0.266 0.139 0.356
0.266 0.136 0.355
0.266 0.134 0.355
0.266 0.131 0.355
0.266 0.129 0.355
0.266 0.127 0.355
0.266 0.124 0.355
0.266 0.122 0.354
0.266 0.119 0.354
0.266 0.117 0.354
0.266 0.114 0.354
0.266 0.112 0.354
0.266 0.109 0.354
0.266 0.107 0.354
0.266 0.104 0.353
0.266 0.102 0.353
0.266 0.099 0.353
0.266 0.097 0.353
0.266 0.094 0.352
0.266 0.092 0.352
0.266 0.089 0.352
0.266 0.087 0.352
0.266 0.084 0.351
0.266 0.082 0.351
0.265 0.079 0.350
0.264 0.076 0.349
0.263 0.074 0.347
0.263 0.071 0.346
0.262 0.069 0.345
0.262 0.066 0.344
0.261 0.064 0.344
0.261 0.061 0.343
0.260 0.059 0.342
0.260 0.056 0.341
0.260 0.054 0.341
0.260 0.051 0.340
0.259 0.048 0.339
0.259 0.046 0.338
0.258 0.043 0.338
0.258 0.041 0.338
0.258 0.038 0.337
0.255 0.036 0.333
0.256 0.033 0.334
0.258 0.030 0.336
0.082 0.061 0.114
0.079 0.060 0.109
0.078 0.059 0.108
0.078 0.058 0.108
0.080 0.056 0.111
0.083 0.054 0.114
0.087 0.052 0.119
0.061 0.057 0.086
0.042 0.061 0.062
0.039 0.061 0.058
0.042 0.059 0.062
0.041 0.058 0.061
0.040 0.058 0.060
0.039 0.057 0.059
0.039 0.056 0.058
0.039 0.055 0.057
0.039 0.054 0.058
0.039 0.053 0.058
0.037 0.053 0.056
0.039 0.051 0.057
0.043 0.049 0.062
0.045 0.047 0.065
0.045 0.046 0.065
0.043 0.046 0.062
0.045 0.044 0.065
0.051 0.041 0.072
0.082 0.027 0.110
0.102 0.017 0.136
0.107 0.014 0.142
0.112 0.010 0.147
0.111 0.009 0.146
0.111 0.007 0.146
0.111 0.006 0.146
0.109 0.005 0.144
0.107 0.004 0.140
0.103 0.005 0.135
0.095 0.007 0.126
0.052 0.027 0.073
0.045 0.029 0.064
0.042 0.030 0.060
0.042 0.029 0.060
0.040 0.029 0.057
0.038 0.029 0.054
0.037 0.029 0.053
0.037 0.027 0.053
0.039 0.025 0.056
0.040 0.023 0.057
0.042 0.021 0.059
0.075 0.001 0.099
0.075 -0.001 0.100
0.074 -0.002 0.098
0.072 -0.002 0.095
0.070 -0.002 0.092
0.068 -0.002 0.090
0.067 -0.002 0.088
0.065 -0.003 0.086
0.063 -0.003 0.084
0.062 -0.003 0.082
0.060 -0.003 0.080
0.059 -0.003 0.078
0.057 -0.004 0.076
0.055 -0.004 0.074
0.053 -0.003 0.072
0.052 -0.003 0.069
0.050 -0.003 0.067
0.048 -0.003 0.065
0.047 -0.003 0.063
0.045 -0.003 0.061
0.044 -0.003 0.059
0.042 -0.003 0.057
0.041 -0.003 0.055
0.040 -0.003 0.054
0.038 -0.003 0.052
0.037 -0.003 0.050
0.036 -0.003 0.049
0.035 -0.004 0.047
0.034 -0.004 0.046
0.033 -0.004 0.045
0.031 -0.004 0.043
0.030 -0.004 0.042
0.029 -0.004 0.040
0.028 -0.004 0.039
0.027 -0.004 0.038
0.026 -0.004 0.037
0.025 -0.005 0.035
0.024 -0.005 0.034
0.023 -0.005 0.033
0.022 -0.005 0.031
0.021 -0.005 0.030
0.020 -0.005 0.029
0.019 -0.005 0.028
0.018 -0.005 0.026
0.018 -0.005 0.025
0.017 -0.005 0.024
0.016 -0.005 0.023
0.015 -0.005 0.022
0.014 -0.005 0.020
0.013 -0.005 0.019
0.012 -0.004 0.018
0.011 -0.005 0.017
0.010 -0.004 0.016
0.009 -0.004 0.015
0.009 -0.004 0.014
0.008 -0.004 0.013
0.007 -0.004 0.012
0.006 -0.004 0.011
0.005 -0.004 0.010
0.005 -0.004 0.009
0.004 -0.004 0.008
0.003 -0.004 0.007
0.003 -0.004 0.006
0.002 -0.004 0.005
0.001 -0.004 0.004
0.001 -0.005 0.004
0.000 -0.005 0.003
-0.001 -0.005 0.002
-0.001 -0.005 0.001
-0.002 -0.005 0.001
-0.002 -0.005 0.000
-0.003 -0.005 -0.001
-0.004 -0.005 -0.002
-0.004 -0.005 -0.002
-0.005 -0.005 -0.003
-0.005 -0.005 -0.004
-0.006 -0.005 -0.005
-0.006 -0.005 -0.005
-0.007 -0.005 -0.006
-0.007 -0.005 -0.007
-0.008 -0.005 -0.007
-0.008 -0.006 -0.008
-0.009 -0.006 -0.008
-0.009 -0.006 -0.009
-0.010 -0.006 -0.010
-0.011 -0.005 -0.011
-0.011 -0.005 -0.011
-0.012 -0.005 -0.012
-0.012 -0.005 -0.013
-0.012 -0.006 -0.013
-0.013 -0.006 -0.014
-0.013 -0.006 -0.014
-0.014 -0.006 -0.015
-0.014 -0.006 -0.015
-0.015 -0.006 -0.016
-0.015 -0.006 -0.016
-0.015 -0.006 -0.017
-0.016 -0.006 -0.017
-0.016 -0.006 -0.018
-0.017 -0.006 -0.019
-0.017 -0.006 -0.019
-0.018 -0.006 -0.020
-0.018 -0.006 -0.020
-0.018 -0.006 -0.021
-0.019 -0.006 -0.021
-0.019 -0.006 -0.022
-0.020 -0.006 -0.022
-0.020 -0.006 -0.023
-0.020 -0.006 -0.023
-0.021 -0.007 -0.024
-0.021 -0.007 -0.024
-0.022 -0.006 -0.025
-0.022 -0.006 -0.026
-0.023 -0.006 -0.026
-0.023 -0.006 -0.026
-0.023 -0.006 -0.027
-0.024 -0.006 -0.027
-0.024 -0.006 -0.028
-0.025 -0.005 -0.029
-0.025 -0.005 -0.029
-0.025 -0.005 -0.030
-0.026 -0.005 -0.030
-0.026 -0.005 -0.031
-0.027 -0.003 -0.032
-0.028 -0.002 -0.033
-0.025 -0.010 -0.029
0.268 0.227 0.369
0.268 0.225 0.369
0.268 0.222 0.368
0.268 0.220 0.368
0.267 0.218 0.367
0.267 0.215 0.367
0.267 0.213 0.367
0.267 0.211 0.366
0.267 0.209 0.366
0.267 0.206 0.366
0.267 0.204 0.365
0.267 0.202 0.365
0.267 0.200 0.365
0.266 0.197 0.364
0.266 0.195 0.364
0.266 0.193 0.363
0.266 0.190 0.363
0.266 0.188 0.363
0.266 0.186 0.362
0.266 0.183 0.362
0.266 0.181 0.362
0.265 0.179 0.361
0.265 0.176 0.361
0.265 0.174 0.361
0.265 0.172 0.360
0.265 0.169 0.360
0.265 0.167 0.360
0.265 0.165 0.360
0.265 0.162 0.360
0.265 0.160 0.359
0.265 0.158 0.359
0.265 0.155 0.359
0.265 0.153 0.359
0.265 0.151 0.358
0.265 0.148 0.358
0.265 0.146 0.358
0.265 0.143 0.357
0.265 0.141 0.358
0.265 0.139 0.357
0.265 0.136 0.357
0.265 0.134 0.356
0.264 0.131 0.356
0.265 0.129 0.356
0.265 0.127 0.356
0.265 0.124 0.356
0.265 0.122 0.356
0.265 0.119 0.355
0.265 0.117 0.355
0.265 0.114 0.355
0.265 0.112 0.354
0.265 0.109 0.355
0.265 0.107 0.355
0.265 0.104 0.355
0.265 0.102 0.354
0.265 0.099 0.354
0.265 0.097 0.354
0.265 0.094 0.353
0.265 0.092 0.353
0.265 0.089 0.353
0.265 0.087 0.353
0.265 0.084 0.353
0.265 0.082 0.352
0.264 0.079 0.351
0.263 0.076 0.349
0.262 0.074 0.348
0.261 0.071 0.347
0.261 0.069 0.346
0.260 0.066 0.345
0.260 0.064 0.344
0.259 0.061 0.344
0.259 0.059 0.343
0.259 0.056 0.342
0.259 0.054 0.342
0.258 0.051 0.342
0.258 0.048 0.340
0.257 0.046 0.339
0.257 0.043 0.339
0.257 0.041 0.339
0.256 0.038 0.337
0.254 0.036 0.334
0.253 0.033 0.333
0.248 0.032 0.326
0.065 0.064 0.093
0.073 0.061 0.103
0.073 0.060 0.104
0.074 0.059 0.104
0.076 0.057 0.107
0.073 0.056 0.103
0.076 0.054 0.107
0.041 0.062 0.062
0.039 0.061 0.060
0.040 0.060 0.061
0.039 0.059 0.060
0.039 0.058 0.060
0.039 0.058 0.059
0.039 0.057 0.059
0.038 0.056 0.058
0.038 0.055 0.058
0.038 0.054 0.057
0.037 0.053 0.057
0.037 0.053 0.056
0.038 0.051 0.057
0.038 0.050 0.058
0.038 0.049 0.058
0.038 0.048 0.058
0.037 0.048 0.055
0.037 0.047 0.056
0.039 0.045 0.059
0.044 0.042 0.065
0.047 0.040 0.068
0.054 0.036 0.077
0.099 0.015 0.132
0.102 0.013 0.136
0.107 0.009 0.142
0.108 0.006 0.144
0.107 0.005 0.143
0.104 0.005 0.138
0.093 0.009 0.125
0.063 0.022 0.088
0.044 0.031 0.063
0.042 0.031 0.061
0.042 0.030 0.061
0.039 0.030 0.057
0.038 0.030 0.056
0.037 0.029 0.054
0.036 0.029 0.053
0.035 0.028 0.052
0.036 0.027 0.053
0.038 0.025 0.055
0.040 0.022 0.058
0.047 0.017 0.066
0.071 0.001 0.096
0.072 -0.001 0.097
0.069 0.000 0.093
0.069 -0.001 0.092
0.066 -0.001 0.090
0.065 -0.002 0.088
0.064 -0.002 0.086
0.062 -0.002 0.084
0.061 -0.003 0.082
0.059 -0.003 0.080
0.058 -0.003 0.078
0.056 -0.004 0.077
0.055 -0.004 0.074
0.053 -0.003 0.072
0.051 -0.003 0.069
0.049 -0.003 0.067
0.048 -0.003 0.065
0.046 -0.003 0.063
0.045 -0.003 0.061
0.043 -0.003 0.059
0.042 -0.003 0.058
0.040 -0.003 0.056
0.039 -0.003 0.054
0.038 -0.003 0.052
0.036 -0.003 0.050
0.035 -0.003 0.049
0.034 -0.003 0.047
0.033 -0.003 0.046
0.032 -0.004 0.045
0.031 -0.004 0.043
0.030 -0.004 0.042
0.029 -0.004 0.041
0.028 -0.004 0.039
0.027 -0.004 0.038
0.026 -0.004 0.037
0.025 -0.004 0.035
0.024 -0.004 0.034
0.023 -0.005 0.033
0.022 -0.005 0.032
0.021 -0.005 0.030
0.020 -0.005 0.029
0.019 -0.005 0.028
0.018 -0.005 0.027
0.017 -0.005 0.026
0.016 -0.005 0.024
0.015 -0.005 0.023
0.014 -0.005 0.022
0.013 -0.005 0.021
0.012 -0.005 0.020
0.011 -0.005 0.018
0.011 -0.005 0.017
0.010 -0.004 0.016
0.009 -0.004 0.015
0.008 -0.004 0.014
0.007 -0.004 0.013
0.007 -0.004 0.012
0.006 -0.004 0.011
0.005 -0.004 0.010
0.004 -0.004 0.009
0.004 -0.004 0.008
0.003 -0.005 0.007
0.002 -0.004 0.007
0.002 -0.005 0.006
0.001 -0.005 0.005
0.000 -0.005 0.004
0.000 -0.005 0.003
-0.001 -0.005 0.002
-0.002 -0.005 0.002
-0.002 -0.005 0.001
-0.003 -0.005 0.000
-0.003 -0.005 -0.001
-0.004 -0.005 -0.001
-0.004 -0.005 -0.002
-0.005 -0.005 -0.003
-0.006 -0.005 -0.003
-0.006 -0.005 -0.004
-0.007 -0.005 -0.005
-0.007 -0.005 -0.006
-0.008 -0.005 -0.006
-0.008 -0.005 -0.007
-0.009 -0.006 -0.008
-0.009 -0.006 -0.008
-0.010 -0.006 -0.009
-0.010 -0.006 -0.010
-0.011 -0.006 -0.010
-0.011 -0.006 -0.011
-0.012 -0.005 -0.012
-0.012 -0.005 -0.012
-0.013 -0.006 -0.013
-0.013 -0.006 -0.013
-0.014 -0.006 -0.014
-0.014 -0.006 -0.014
-0.014 -0.006 -0.015
-0.015 -0.006 -0.016
-0.015 -0.006 -0.016
-0.016 -0.006 -0.017
-0.016 -0.006 -0.017
-0.016 -0.006 -0.018
-0.017 -0.006 -0.018
-0.017 -0.006 -0.019
-0.018 -0.006 -0.019
-0.018 -0.006 -0.020
-0.019 -0.006 -0.020
-0.019 -0.006 -0.021
-0.019 -0.006 -0.022
-0.020 -0.006 -0.022
-0.020 -0.006 -0.023
-0.021 -0.006 -0.023
-0.021 -0.007 -0.023
-0.021 -0.007 -0.024
-0.022 -0.006 -0.025
-0.022 -0.006 -0.025
-0.023 -0.006 -0.026
-0.023 -0.006 -0.026
-0.023 -0.006 -0.027
-0.024 -0.006 -0.027
-0.024 -0.006 -0.028
-0.025 -0.005 -0.028
-0.025 -0.005 -0.029
-0.026 -0.005 -0.029
-0.026 -0.005 -0.030
-0.026 -0.005 -0.030
-0.027 -0.004 -0.032
-0.028 -0.002 -0.033
-0.025 -0.010 -0.029
0.267 0.227 0.370
0.267 0.225 0.370
0.267 0.222 0.369
0.266 0.220 0.369
0.266 0.218 0.368
0.266 0.215 0.368
0.266 0.213 0.368
0.266 0.211 0.367
0.266 0.209 0.367
0.266 0.206 0.367
0.266 0.204 0.366
0.266 0.202 0.366
0.265 0.200 0.366
0.265 0.197 0.365
0.265 0.195 0.365
0.265 0.193 0.365
0.265 0.190 0.364
0.265 0.188 0.364
0.265 0.186 0.363
0.264 0.183 0.363
0.264 0.181 0.363
0.264 0.179 0.362
0.264 0.176 0.362
0.264 0.174 0.362
0.264 0.172 0.362
0.264 0.169 0.361
0.264 0.167 0.361
0.264 0.165 0.361
0.264 0.162 0.361
0.264 0.160 0.360
0.264 0.158 0.360
0.264 0.155 0.360
0.264 0.153 0.359
0.264 0.151 0.359
0.264 0.148 0.359
0.264 0.146 0.359
0.264 0.143 0.359
0.264 0.141 0.358
0.264 0.139 0.358
0.264 0.136 0.358
0.264 0.134 0.358
0.263 0.131 0.357
0.263 0.129 0.357
0.263 0.126 0.357
0.263 0.124 0.357
0.263 0.122 0.357
0.263 0.119 0.356
0.264 0.117 0.356
0.263 0.114 0.356
0.264 0.112 0.356
0.264 0.109 0.356
0.264 0.107 0.355
0.264 0.104 0.355
0.264 0.102 0.355
0.264 0.099 0.355
0.264 0.097 0.355
0.264 0.094 0.355
0.264 0.092 0.355
0.264 0.089 0.355
0.264 0.087 0.355
0.264 0.084 0.354
0.263 0.081 0.353
0.263 0.079 0.352
0.262 0.076 0.351
0.261 0.074 0.350
0.260 0.071 0.348
0.260 0.069 0.348
0.259 0.066 0.347
0.259 0.064 0.345
0.258 0.061 0.345
0.258 0.059 0.344
0.258 0.056 0.344
0.258 0.053 0.343
0.257 0.051 0.342
0.256 0.048 0.341
0.256 0.046 0.340
0.255 0.043 0.339
0.255 0.041 0.340
0.253 0.038 0.336
0.251 0.036 0.334
0.254 0.033 0.337
0.086 0.061 0.121
0.073 0.062 0.104
0.070 0.062 0.101
0.071 0.060 0.102
0.071 0.059 0.102
0.071 0.058 0.102
0.065 0.058 0.094
0.061 0.058 0.089
0.039 0.062 0.060
0.040 0.061 0.062
0.038 0.060 0.060
0.038 0.060 0.059
0.038 0.059 0.059
0.038 0.058 0.059
0.038 0.057 0.058
0.037 0.056 0.058
0.037 0.055 0.057
0.037 0.054 0.057
0.037 0.054 0.057
0.036 0.053 0.056
0.036 0.052 0.056
0.036 0.051 0.056
0.037 0.050 0.057
0.038 0.048 0.058
0.038 0.047 0.057
0.038 0.046 0.058
0.037 0.046 0.057
0.036 0.045 0.056
0.036 0.044 0.056
0.043 0.040 0.063
0.047 0.038 0.068
0.080 0.022 0.110
0.100 0.011 0.136
0.105 0.008 0.141
0.105 0.006 0.141
0.095 0.009 0.129
0.083 0.014 0.113
0.041 0.033 0.061
0.041 0.032 0.060
0.041 0.031 0.061
0.039 0.031 0.058
0.038 0.030 0.056
0.037 0.030 0.055
0.036 0.030 0.054
0.035 0.029 0.053
0.034 0.028 0.052
0.034 0.028 0.051
0.034 0.026 0.052
0.036 0.024 0.054
0.038 0.022 0.056
0.040 0.020 0.059
0.062 0.005 0.086
0.059 0.005 0.082
0.065 0.000 0.089
0.064 0.000 0.088
0.063 -0.001 0.086
0.061 -0.001 0.084
0.060 -0.001 0.082
0.058 -0.001 0.080
0.058 -0.002 0.079
0.056 -0.003 0.078
0.055 -0.003 0.076
0.053 -0.003 0.074
0.051 -0.003 0.071
0.050 -0.003 0.069
0.048 -0.003 0.067
0.046 -0.003 0.065
0.045 -0.002 0.062
0.043 -0.002 0.060
0.041 -0.002 0.058
0.040 -0.002 0.057
0.039 -0.003 0.055
0.038 -0.003 0.053
0.036 -0.003 0.052
0.035 -0.003 0.050
0.034 -0.003 0.049
0.033 -0.003 0.047
0.032 -0.003 0.046
0.031 -0.003 0.045
0.030 -0.003 0.043
0.029 -0.004 0.042
0.028 -0.004 0.041
0.027 -0.004 0.039
0.026 -0.004 0.038
0.025 -0.004 0.037
0.024 -0.004 0.036
0.023 -0.004 0.034
0.022 -0.005 0.033
0.021 -0.005 0.032
0.020 -0.005 0.031
0.019 -0.005 0.029
0.018 -0.005 0.028
0.017 -0.005 0.027
0.016 -0.005 0.026
0.016 -0.005 0.025
0.015 -0.005 0.023
0.014 -0.005 0.022
0.013 -0.005 0.021
0.012 -0.005 0.020
0.011 -0.005 0.019
0.010 -0.005 0.018
0.009 -0.005 0.017
0.009 -0.005 0.016
0.008 -0.004 0.014
0.007 -0.004 0.013
0.006 -0.004 0.012
0.005 -0.004 0.011
0.005 -0.005 0.011
0.004 -0.005 0.010
0.003 -0.004 0.009
0.003 -0.005 0.008
0.002 -0.005 0.007
0.001 -0.005 0.006
0.001 -0.005 0.005
0.000 -0.005 0.004
-0.001 -0.005 0.003
-0.001 -0.005 0.003
-0.002 -0.005 0.002
-0.003 -0.005 0.001
-0.003 -0.005 0.001
-0.004 -0.005 0.000
-0.004 -0.005 -0.001
-0.005 -0.005 -0.002
-0.005 -0.005 -0.003
-0.006 -0.005 -0.003
-0.006 -0.005 -0.004
-0.007 -0.005 -0.005
-0.007 -0.005 -0.005
-0.008 -0.005 -0.006
-0.009 -0.005 -0.007
-0.009 -0.006 -0.007
-0.010 -0.006 -0.008
-0.010 -0.006 -0.009
-0.010 -0.006 -0.009
-0.011 -0.006 -0.010
-0.011 -0.006 -0.011
-0.012 -0.006 -0.011
-0.013 -0.006 -0.012
-0.013 -0.006 -0.013
-0.013 -0.006 -0.013
-0.014 -0.006 -0.014
-0.014 -0.006 -0.014
-0.015 -0.006 -0.015
-0.015 -0.006 -0.015
-0.016 -0.006 -0.016
-0.016 -0.006 -0.016
-0.016 -0.006 -0.017
-0.017 -0.006 -0.018
-0.017 -0.006 -0.018
-0.018 -0.006 -0.019
-0.018 -0.006 -0.019
-0.018 -0.006 -0.020
-0.019 -0.006 -0.020
-0.019 -0.007 -0.021
-0.020 -0.006 -0.021
-0.020 -0.007 -0.022
-0.020 -0.007 -0.022
-0.021 -0.007 -0.023
-0.021 -0.007 -0.023
-0.022 -0.007 -0.024
-0.022 -0.006 -0.024
-0.023 -0.006 -0.025
-0.023 -0.006 -0.026
-0.023 -0.006 -0.026
-0.024 -0.006 -0.026
-0.024 -0.006 -0.027
-0.024 -0.006 -0.027
-0.025 -0.005 -0.028
-0.025 -0.005 -0.029
-0.026 -0.005 -0.029
-0.026 -0.005 -0.030
-0.027 -0.005 -0.030
-0.028 -0.003 -0.032
-0.029 -0.002 -0.033
-0.026 -0.009 -0.029
0.266 0.227 0.371
0.266 0.225 0.371
0.266 0.222 0.371
0.265 0.220 0.370
0.265 0.218 0.369
0.265 0.215 0.369
0.265 0.213 0.369
0.265 0.211 0.368
0.265 0.209 0.368
0.265 0.206 0.368
0.264 0.204 0.367
0.264 0.202 0.367
0.264 0.200 0.367
0.264 0.197 0.366
0.264 0.195 0.366
0.264 0.193 0.366
0.264 0.190 0.365
0.264 0.188 0.365
0.264 0.186 0.365
0.263 0.183 0.364
0.263 0.181 0.364
0.263 0.179 0.363
0.263 0.176 0.363
0.263 0.174 0.363
0.263 0.172 0.363
0.263 0.169 0.363
0.263 0.167 0.362
0.263 0.165 0.362
0.263 0.162 0.362
0.263 0.160 0.361
0.263 0.158 0.361
0.262 0.155 0.361
0.263 0.153 0.361
0.262 0.150 0.360
0.262 0.148 0.360
0.263 0.146 0.360
0.262 0.143 0.360
0.262 0.141 0.359
0.262 0.139 0.359
0.262 0.136 0.359
0.263 0.134 0.359
0.262 0.131 0.359
0.262 0.129 0.358
0.262 0.126 0.358
0.262 0.124 0.358
0.262 0.122 0.358
0.262 0.119 0.358
0.262 0.117 0.357
0.262 0.114 0.357
0.262 0.112 0.357
0.262 0.109 0.357
0.262 0.107 0.357
0.262 0.104 0.356
0.262 0.102 0.356
0.262 0.099 0.356
0.262 0.097 0.356
0.262 0.094 0.356
0.262 0.092 0.356
0.263 0.089 0.356
0.263 0.087 0.356
0.263 0.084 0.355
0.262 0.081 0.354
0.262 0.079 0.353
0.261 0.076 0.352
0.260 0.074 0.351
0.259 0.071 0.350
0.259 0.069 0.349
0.258 0.066 0.348
0.258 0.064 0.347
0.257 0.061 0.346
0.257 0.059 0.345
0.256 0.056 0.345
0.256 0.053 0.344
0.256 0.051 0.344
0.255 0.048 0.342
0.254 0.046 0.341
0.254 0.043 0.340
0.253 0.041 0.340
0.250 0.039 0.335
0.251 0.036 0.336
0.252 0.033 0.337
0.074 0.063 0.107
0.073 0.062 0.106
0.070 0.062 0.101
0.068 0.061 0.100
0.068 0.060 0.099
0.067 0.059 0.097
0.060 0.059 0.088
0.049 0.060 0.075
0.038 0.062 0.061
0.039 0.061 0.062
0.037 0.061 0.059
0.037 0.060 0.059
0.037 0.059 0.058
0.037 0.058 0.058
0.036 0.057 0.058
0.036 0.056 0.057
0.036 0.055 0.057
0.036 0.054 0.057
0.036 0.054 0.057
0.036 0.053 0.056
0.036 0.052 0.056
0.035 0.051 0.056
0.036 0.050 0.056
0.036 0.049 0.057
0.036 0.048 0.057
0.036 0.047 0.056
0.036 0.046 0.056
0.036 0.045 0.056
0.037 0.044 0.057
0.037 0.043 0.058
0.040 0.040 0.061
0.046 0.037 0.068
0.085 0.018 0.118
0.098 0.010 0.134
0.096 0.010 0.132
0.089 0.011 0.123
0.050 0.029 0.073
0.041 0.033 0.062
0.041 0.032 0.061
0.039 0.032 0.059
0.038 0.031 0.058
0.037 0.031 0.056
0.036 0.030 0.055
0.035 0.030 0.053
0.034 0.029 0.052
0.034 0.028 0.052
0.033 0.028 0.051
0.033 0.027 0.051
0.033 0.026 0.051
0.034 0.024 0.052
0.036 0.022 0.054
0.037 0.021 0.055
0.040 0.017 0.059
0.047 0.012 0.068
0.053 0.006 0.076
0.056 0.004 0.079
0.058 0.001 0.082
0.058 0.000 0.081
0.056 0.000 0.079
0.055 -0.001 0.077
0.054 -0.001 0.075
0.052 -0.001 0.074
0.051 -0.002 0.072
0.050 -0.002 0.070
0.048 -0.002 0.068
0.046 -0.002 0.066
0.044 -0.001 0.063
0.043 -0.001 0.061
0.041 -0.001 0.059
0.039 -0.001 0.057
0.038 -0.001 0.055
0.037 -0.001 0.054
0.036 -0.002 0.052
0.035 -0.002 0.051
0.034 -0.002 0.049
0.033 -0.002 0.048
0.032 -0.002 0.047
0.031 -0.003 0.046
0.030 -0.003 0.044
0.029 -0.003 0.043
0.028 -0.003 0.042
0.027 -0.004 0.041
0.026 -0.004 0.040
0.025 -0.004 0.038
0.024 -0.004 0.037
0.023 -0.004 0.036
0.022 -0.004 0.035
0.022 -0.004 0.033
0.021 -0.004 0.032
0.020 -0.004 0.031
0.019 -0.005 0.030
0.018 -0.005 0.028
0.017 -0.005 0.027
0.016 -0.005 0.026
0.015 -0.005 0.025
0.014 -0.005 0.024
0.013 -0.005 0.022
0.012 -0.005 0.021
0.012 -0.005 0.020
0.011 -0.005 0.019
0.010 -0.005 0.018
0.009 -0.005 0.017
0.008 -0.005 0.016
0.007 -0.004 0.015
0.007 -0.004 0.014
0.006 -0.004 0.013
0.005 -0.005 0.012
0.004 -0.005 0.011
0.004 -0.004 0.010
0.003 -0.004 0.009
0.002 -0.005 0.008
0.002 -0.005 0.007
0.001 -0.005 0.006
0.000 -0.005 0.006
0.000 -0.005 0.005
-0.001 -0.005 0.004
-0.002 -0.005 0.003
-0.002 -0.005 0.002
-0.003 -0.005 0.002
-0.003 -0.005 0.001
-0.004 -0.005 0.000
-0.005 -0.005 -0.001
-0.005 -0.005 -0.002
-0.006 -0.005 -0.002
-0.006 -0.005 -0.003
-0.007 -0.005 -0.004
-0.007 -0.005 -0.004
-0.008 -0.006 -0.005
-0.008 -0.006 -0.006
-0.009 -0.005 -0.007
-0.009 -0.006 -0.007
-0.010 -0.006 -0.008
-0.010 -0.006 -0.008
-0.011 -0.006 -0.009
-0.011 -0.006 -0.010
-0.012 -0.006 -0.010
-0.012 -0.006 -0.011
-0.013 -0.006 -0.012
-0.013 -0.006 -0.012
-0.014 -0.006 -0.013
-0.014 -0.006 -0.013
-0.014 -0.006 -0.014
-0.015 -0.006 -0.015
-0.015 -0.006 -0.015
-0.016 -0.006 -0.016
-0.016 -0.006 -0.016
-0.017 -0.006 -0.017
-0.017 -0.006 -0.017
-0.018 -0.006 -0.018
-0.018 -0.006 -0.018
-0.018 -0.007 -0.019
-0.019 -0.007 -0.019
-0.019 -0.007 -0.020
-0.019 -0.007 -0.020
-0.020 -0.006 -0.021
-0.020 -0.007 -0.022
-0.021 -0.007 -0.022
-0.021 -0.007 -0.022
-0.022 -0.007 -0.023
-0.022 -0.007 -0.024
-0.022 -0.006 -0.024
-0.023 -0.006 -0.025
-0.023 -0.006 -0.025
-0.024 -0.006 -0.026
-0.024 -0.006 -0.026
-0.024 -0.006 -0.027
-0.025 -0.006 -0.027
-0.025 -0.006 -0.028
-0.026 -0.005 -0.029
-0.026 -0.005 -0.029
-0.027 -0.005 -0.030
-0.027 -0.004 -0.030
-0.028 -0.003 -0.032
-0.029 -0.002 -0.033
-0.026 -0.009 -0.029
0.265 0.227 0.372
0.265 0.225 0.372
0.265 0.222 0.372
0.264 0.220 0.371
0.264 0.218 0.370
0.264 0.215 0.370
0.264 0.213 0.370
0.264 0.211 0.369
0.264 0.209 0.369
0.263 0.206 0.369
0.263 0.204 0.368
0.263 0.202 0.368
0.263 0.199 0.368
0.263 0.197 0.368
0.263 0.195 0.367
0.263 0.193 0.367
0.263 0.190 0.367
0.263 0.188 0.366
0.262 0.186 0.366
0.262 0.183 0.365
0.262 0.181 0.365
0.262 0.179 0.364
0.262 0.176 0.364
0.262 0.174 0.364
0.262 0.172 0.364
0.262 0.169 0.364
0.262 0.167 0.363
0.262 0.165 0.363
0.262 0.162 0.363
0.262 0.160 0.363
0.261 0.158 0.362
0.261 0.155 0.362
0.261 0.153 0.362
0.261 0.150 0.361
0.261 0.148 0.361
0.261 0.146 0.361
0.261 0.143 0.361
0.261 0.141 0.361
0.261 0.139 0.360
0.261 0.136 0.360
0.261 0.134 0.360
0.261 0.131 0.360
0.261 0.129 0.359
0.261 0.126 0.359
0.261 0.124 0.359
0.261 0.122 0.359
0.261 0.119 0.359
0.261 0.117 0.359
0.261 0.114 0.359
0.261 0.112 0.358
0.261 0.109 0.358
0.261 0.107 0.358
0.261 0.104 0.357
0.261 0.102 0.357
0.261 0.099 0.357
0.261 0.097 0.357
0.261 0.094 0.357
0.261 0.092 0.357
0.262 0.089 0.357
0.262 0.086 0.357
0.262 0.084 0.357
0.261 0.081 0.356
0.260 0.079 0.354
0.260 0.076 0.354
0.259 0.074 0.352
0.258 0.071 0.351
0.258 0.069 0.351
0.257 0.066 0.349
0.257 0.064 0.349
0.256 0.061 0.347
0.255 0.058 0.346
0.255 0.056 0.346
0.255 0.053 0.346
0.255 0.051 0.345
0.254 0.048 0.344
0.253 0.046 0.342
0.252 0.043 0.340
0.251 0.041 0.339
0.248 0.039 0.335
0.251 0.035 0.339
0.252 0.033 0.339
0.073 0.063 0.107
0.073 0.062 0.107
0.068 0.062 0.101
0.066 0.061 0.098
0.065 0.060 0.097
0.063 0.059 0.093
0.055 0.060 0.083
0.045 0.061 0.071
0.038 0.062 0.061
0.038 0.061 0.060
0.036 0.061 0.059
0.036 0.060 0.058
0.036 0.059 0.058
0.036 0.058 0.058
0.035 0.057 0.057
0.035 0.056 0.057
0.035 0.055 0.057
0.035 0.055 0.057
0.035 0.054 0.057
0.035 0.053 0.057
0.035 0.052 0.056
0.035 0.051 0.056
0.035 0.050 0.056
0.035 0.049 0.056
0.035 0.048 0.056
0.035 0.047 0.056
0.035 0.046 0.056
0.035 0.045 0.056
0.035 0.044 0.056
0.036 0.043 0.057
0.038 0.041 0.060
0.042 0.038 0.064
0.045 0.036 0.068
0.082 0.017 0.116
0.081 0.017 0.114
0.067 0.022 0.096
0.042 0.033 0.065
0.040 0.033 0.062
0.039 0.032 0.060
0.037 0.032 0.058
0.037 0.032 0.057
0.036 0.031 0.056
0.035 0.031 0.054
0.034 0.030 0.053
0.033 0.029 0.052
0.033 0.029 0.052
0.032 0.028 0.051
0.032 0.027 0.050
0.032 0.026 0.050
0.032 0.025 0.050
0.033 0.024 0.051
0.035 0.021 0.054
0.036 0.019 0.056
0.036 0.018 0.055
0.038 0.016 0.057
0.040 0.014 0.060
0.045 0.009 0.067
0.050 0.005 0.072
0.051 0.003 0.073
0.051 0.001 0.074
0.050 0.001 0.073
0.049 0.000 0.071
0.048 0.000 0.070
0.047 0.000 0.068
0.046 -0.001 0.067
0.042 0.001 0.062
0.040 0.002 0.059
0.039 0.001 0.057
0.037 0.001 0.055
0.036 0.001 0.054
0.035 0.001 0.053
0.035 0.000 0.052
0.034 0.000 0.051
0.033 -0.001 0.050
0.033 -0.001 0.049
0.032 -0.002 0.048
0.031 -0.002 0.047
0.030 -0.002 0.046
0.029 -0.003 0.044
0.028 -0.003 0.043
0.028 -0.003 0.042
0.027 -0.004 0.041
0.026 -0.004 0.040
0.025 -0.004 0.039
0.024 -0.004 0.037
0.023 -0.004 0.036
0.022 -0.004 0.035
0.021 -0.004 0.034
0.020 -0.004 0.032
0.019 -0.004 0.031
0.018 -0.005 0.030
0.017 -0.005 0.029
0.016 -0.004 0.027
0.015 -0.005 0.026
0.015 -0.005 0.025
0.014 -0.005 0.024
0.013 -0.005 0.023
0.012 -0.005 0.022
0.011 -0.005 0.021
0.010 -0.005 0.019
0.009 -0.005 0.018
0.009 -0.005 0.017
0.008 -0.005 0.016
0.007 -0.005 0.015
0.006 -0.005 0.014
0.005 -0.005 0.013
0.005 -0.005 0.012
0.004 -0.005 0.011
0.003 -0.005 0.010
0.003 -0.005 0.009
0.002 -0.005 0.008
0.001 -0.005 0.008
0.001 -0.005 0.007
0.000 -0.005 0.006
-0.001 -0.005 0.005
-0.001 -0.005 0.004
-0.002 -0.005 0.003
-0.002 -0.005 0.003
-0.003 -0.005 0.002
-0.004 -0.005 0.001
-0.004 -0.005 0.000
-0.005 -0.005 0.000
-0.005 -0.005 -0.001
-0.006 -0.005 -0.002
-0.006 -0.006 -0.003
-0.007 -0.006 -0.003
-0.007 -0.006 -0.004
-0.008 -0.006 -0.005
-0.009 -0.006 -0.005
-0.009 -0.006 -0.006
-0.010 -0.006 -0.007
-0.010 -0.006 -0.007
-0.010 -0.006 -0.008
-0.011 -0.006 -0.009
-0.012 -0.006 -0.009
-0.012 -0.006 -0.010
-0.013 -0.006 -0.011
-0.013 -0.006 -0.012
-0.014 -0.006 -0.012
-0.014 -0.006 -0.013
-0.014 -0.006 -0.013
-0.015 -0.006 -0.014
-0.015 -0.006 -0.014
-0.016 -0.006 -0.015
-0.016 -0.006 -0.015
-0.017 -0.006 -0.016
-0.017 -0.006 -0.017
-0.017 -0.006 -0.017
-0.018 -0.006 -0.018
-0.018 -0.007 -0.018
-0.019 -0.007 -0.019
-0.019 -0.007 -0.019
-0.019 -0.007 -0.020
-0.020 -0.007 -0.020
-0.020 -0.007 -0.021
-0.021 -0.007 -0.021
-0.021 -0.007 -0.022
-0.021 -0.007 -0.022
-0.022 -0.007 -0.023
-0.022 -0.006 -0.023
-0.023 -0.006 -0.024
-0.023 -0.006 -0.025
-0.024 -0.006 -0.025
-0.024 -0.006 -0.026
-0.024 -0.006 -0.026
-0.024 -0.006 -0.026
-0.025 -0.006 -0.027
-0.026 -0.006 -0.028
-0.026 -0.005 -0.028
-0.026 -0.005 -0.029
-0.027 -0.005 -0.030
-0.028 -0.004 -0.030
-0.029 -0.003 -0.032
-0.030 -0.001 -0.033
-0.026 -0.009 -0.029
0.263 0.227 0.373
0.264 0.225 0.373
0.263 0.222 0.373
0.263 0.220 0.372
0.263 0.218 0.371
0.263 0.215 0.371
0.262 0.213 0.371
0.262 0.211 0.370
0.262 0.209 0.370
0.262 0.206 0.370
0.262 0.204 0.370
0.262 0.202 0.369
0.262 0.199 0.369
0.262 0.197 0.368
0.262 0.195 0.368
0.262 0.193 0.368
0.261 0.190 0.367
0.261 0.188 0.367
0.261 0.186 0.367
0.261 0.183 0.366
0.261 0.181 0.366
0.261 0.179 0.366
0.261 0.176 0.365
0.261 0.174 0.365
0.261 0.172 0.365
0.260 0.169 0.365
0.260 0.167 0.364
0.261 0.165 0.364
0.261 0.162 0.364
0.260 0.160 0.364
0.260 0.158 0.364
0.260 0.155 0.363
0.260 0.153 0.363
0.260 0.150 0.362
0.260 0.148 0.362
0.260 0.146 0.362
0.260 0.143 0.362
0.260 0.141 0.362
0.260 0.139 0.362
0.260 0.136 0.361
0.260 0.134 0.361
0.260 0.131 0.361
0.260 0.129 0.361
0.260 0.126 0.360
0.260 0.124 0.360
0.260 0.121 0.360
0.260 0.119 0.360
0.260 0.117 0.360
0.260 0.114 0.359
0.260 0.112 0.359
0.260 0.109 0.359
0.260 0.107 0.359
0.260 0.104 0.359
0.260 0.102 0.358
0.260 0.099 0.358
0.260 0.097 0.358
0.260 0.094 0.358
0.260 0.092 0.358
0.260 0.089 0.358
0.260 0.086 0.358
0.260 0.084 0.357
0.260 0.081 0.357
0.259 0.079 0.356
0.259 0.076 0.355
0.258 0.074 0.354
0.257 0.071 0.353
0.257 0.069 0.352
0.256 0.066 0.351
0.256 0.063 0.350
0.255 0.061 0.349
0.255 0.058 0.348
0.255 0.056 0.348
0.254 0.053 0.347
0.254 0.051 0.347
0.253 0.048 0.345
0.251 0.046 0.343
0.250 0.043 0.341
0.249 0.041 0.339
0.245 0.039 0.334
0.251 0.035 0.341
0.248 0.033 0.338
0.073 0.063 0.108
0.074 0.062 0.109
0.067 0.062 0.101
0.065 0.061 0.098
0.063 0.060 0.095
0.060 0.060 0.091
0.052 0.060 0.081
0.045 0.061 0.071
0.038 0.062 0.062
0.036 0.062 0.060
0.035 0.061 0.058
0.035 0.060 0.058
0.035 0.059 0.058
0.035 0.058 0.058
0.035 0.057 0.057
0.034 0.056 0.057
0.035 0.056 0.057
0.035 0.055 0.057
0.035 0.054 0.057
0.034 0.053 0.057
0.034 0.052 0.056
0.034 0.051 0.056
0.034 0.050 0.056
0.034 0.049 0.056
0.034 0.048 0.056
0.034 0.047 0.056
0.034 0.046 0.056
0.035 0.045 0.056
0.035 0.044 0.056
0.034 0.043 0.056
0.035 0.042 0.057
0.037 0.040 0.059
0.038 0.039 0.060
0.041 0.037 0.064
0.058 0.027 0.085
0.044 0.033 0.068
0.039 0.034 0.061
0.039 0.033 0.062
0.038 0.033 0.059
0.036 0.032 0.058
0.036 0.032 0.057
0.035 0.031 0.056
0.034 0.031 0.054
0.033 0.030 0.053
0.033 0.030 0.052
0.032 0.029 0.052
0.032 0.028 0.051
0.031 0.027 0.050
0.031 0.027 0.050
0.031 0.026 0.050
0.031 0.024 0.050
0.033 0.023 0.052
0.034 0.021 0.053
0.034 0.020 0.054
0.035 0.018 0.055
0.035 0.016 0.055
0.035 0.016 0.055
0.037 0.013 0.057
0.037 0.012 0.057
0.042 0.008 0.063
0.044 0.005 0.066
0.045 0.003 0.066
0.043 0.003 0.065
0.042 0.003 0.063
0.039 0.004 0.059
0.038 0.004 0.058
0.037 0.004 0.056
0.035 0.004 0.054
0.034 0.003 0.053
0.034 0.003 0.052
0.033 0.002 0.051
0.033 0.001 0.050
0.032 0.001 0.050
0.032 0.000 0.049
0.031 -0.001 0.048
0.031 -0.001 0.047
0.030 -0.002 0.046
0.029 -0.002 0.045
0.028 -0.002 0.044
0.028 -0.003 0.043
0.027 -0.003 0.042
0.026 -0.003 0.041
0.025 -0.004 0.040
0.024 -0.004 0.039
0.023 -0.004 0.037
0.022 -0.004 0.036
0.021 -0.004 0.035
0.020 -0.004 0.034
0.020 -0.004 0.033
0.019 -0.004 0.031
0.018 -0.004 0.030
0.017 -0.005 0.029
0.016 -0.005 0.028
0.015 -0.005 0.027
0.014 -0.005 0.025
0.013 -0.005 0.024
0.012 -0.005 0.023
0.012 -0.005 0.022
0.011 -0.005 0.021
0.010 -0.005 0.020
0.009 -0.005 0.019
0.008 -0.005 0.017
0.007 -0.005 0.016
0.007 -0.005 0.015
0.006 -0.005 0.014
0.005 -0.005 0.013
0.004 -0.005 0.012
0.004 -0.005 0.011
0.003 -0.005 0.010
0.002 -0.005 0.010
0.002 -0.005 0.009
0.001 -0.005 0.008
0.000 -0.005 0.007
0.000 -0.005 0.006
-0.001 -0.005 0.005
-0.002 -0.005 0.004
-0.002 -0.005 0.004
-0.003 -0.005 0.003
-0.003 -0.005 0.002
-0.004 -0.005 0.001
-0.005 -0.005 0.000
-0.005 -0.005 0.000
-0.006 -0.005 -0.001
-0.006 -0.005 -0.002
-0.007 -0.006 -0.002
-0.007 -0.006 -0.003
-0.008 -0.006 -0.004
-0.008 -0.006 -0.004
-0.009 -0.006 -0.005
-0.009 -0.006 -0.006
-0.010 -0.006 -0.007
-0.010 -0.006 -0.007
-0.011 -0.006 -0.008
-0.011 -0.006 -0.008
-0.012 -0.006 -0.009
-0.012 -0.006 -0.010
-0.013 -0.006 -0.011
-0.013 -0.006 -0.011
-0.014 -0.006 -0.012
-0.014 -0.006 -0.012
-0.015 -0.006 -0.013
-0.015 -0.006 -0.013
-0.016 -0.006 -0.014
-0.016 -0.006 -0.015
-0.016 -0.006 -0.015
-0.017 -0.006 -0.016
-0.017 -0.007 -0.016
-0.018 -0.006 -0.017
-0.018 -0.006 -0.017
-0.018 -0.007 -0.018
-0.019 -0.007 -0.018
-0.019 -0.007 -0.019
-0.020 -0.007 -0.019
-0.020 -0.007 -0.020
-0.020 -0.007 -0.021
-0.021 -0.007 -0.021
-0.021 -0.007 -0.022
-0.022 -0.007 -0.022
-0.022 -0.007 -0.023
-0.022 -0.007 -0.023
-0.023 -0.006 -0.024
-0.023 -0.006 -0.024
-0.024 -0.006 -0.025
-0.024 -0.006 -0.025
-0.024 -0.006 -0.026
-0.025 -0.006 -0.026
-0.025 -0.006 -0.027
-0.026 -0.006 -0.027
-0.026 -0.005 -0.028
-0.027 -0.005 -0.029
-0.027 -0.005 -0.029
-0.028 -0.004 -0.030
-0.029 -0.003 -0.032
-0.030 -0.002 -0.032
-0.026 -0.009 -0.029
0.262 0.227 0.374
0.263 0.225 0.374
0.262 0.222 0.374
0.262 0.220 0.373
0.262 0.218 0.372
0.261 0.215 0.372
0.261 0.213 0.372
0.261 0.211 0.371
0.261 0.209 0.371
0.261 0.206 0.371
0.261 0.204 0.371
0.261 0.202 0.370
0.261 0.200 0.370
0.261 0.197 0.370
0.261 0.195 0.369
0.260 0.193 0.369
0.260 0.190 0.368
0.260 0.188 0.368
0.260 0.186 0.368
0.260 0.183 0.367
0.260 0.181 0.367
0.260 0.179 0.367
0.259 0.176 0.366
0.259 0.174 0.366
0.259 0.172 0.366
0.259 0.169 0.366
0.259 0.167 0.366
0.259 0.165 0.365
0.259 0.162 0.365
0.259 0.160 0.365
0.259 0.158 0.365
0.259 0.155 0.364
0.259 0.153 0.364
0.259 0.150 0.364
0.259 0.148 0.364
0.259 0.146 0.363
0.259 0.143 0.363
0.259 0.141 0.363
0.259 0.138 0.363
0.259 0.136 0.363
0.259 0.134 0.362
0.259 0.131 0.362
0.259 0.129 0.362
0.259 0.126 0.362
0.259 0.124 0.361
0.259 0.121 0.361
0.259 0.119 0.361
0.259 0.117 0.361
0.259 0.114 0.360
0.258 0.112 0.360
0.259 0.109 0.360
0.259 0.107 0.360
0.259 0.104 0.360
0.259 0.102 0.360
0.259 0.099 0.359
0.258 0.097 0.359
0.259 0.094 0.359
0.259 0.091 0.359
0.259 0.089 0.359
0.259 0.086 0.359
0.259 0.084 0.359
0.259 0.081 0.358
0.258 0.079 0.357
0.257 0.076 0.356
0.257 0.074 0.355
0.256 0.071 0.354
0.256 0.068 0.353
0.255 0.066 0.352
0.255 0.063 0.351
0.254 0.061 0.350
0.254 0.058 0.350
0.254 0.056 0.350
0.254 0.053 0.349
0.253 0.051 0.348
0.251 0.048 0.346
0.250 0.046 0.344
0.249 0.043 0.342
0.248 0.041 0.341
0.244 0.039 0.336
0.250 0.035 0.343
0.249 0.033 0.341
0.073 0.063 0.109
0.072 0.062 0.108
0.066 0.062 0.101
0.063 0.061 0.096
0.060 0.061 0.093
0.057 0.060 0.088
0.050 0.061 0.079
0.043 0.062 0.070
0.037 0.062 0.062
0.036 0.062 0.060
0.035 0.061 0.058
0.034 0.060 0.058
0.034 0.059 0.058
0.034 0.058 0.058
0.034 0.057 0.057
0.034 0.057 0.057
0.034 0.056 0.057
0.034 0.055 0.057
0.034 0.054 0.057
0.034 0.053 0.057
0.034 0.052 0.057
0.033 0.051 0.056
0.034 0.050 0.056
0.033 0.049 0.056
0.033 0.048 0.056
0.033 0.047 0.055
0.033 0.046 0.056
0.033 0.045 0.056
0.034 0.044 0.056
0.033 0.043 0.056
0.033 0.043 0.055
0.034 0.042 0.056
0.035 0.040 0.058
0.035 0.039 0.057
0.037 0.037 0.060
0.039 0.035 0.062
0.039 0.034 0.062
0.038 0.033 0.061
0.036 0.033 0.058
0.035 0.033 0.057
0.035 0.032 0.056
0.034 0.031 0.055
0.033 0.031 0.054
0.032 0.030 0.053
0.032 0.030 0.053
0.032 0.029 0.052
0.031 0.028 0.051
0.031 0.027 0.051
0.030 0.027 0.050
0.030 0.026 0.049
0.030 0.025 0.049
0.031 0.023 0.050
0.032 0.022 0.051
0.032 0.020 0.052
0.033 0.019 0.053
0.033 0.018 0.053
0.033 0.017 0.053
0.034 0.015 0.054
0.034 0.014 0.054
0.033 0.013 0.053
0.033 0.012 0.053
0.034 0.011 0.053
0.034 0.010 0.053
0.034 0.008 0.054
0.035 0.006 0.055
0.035 0.006 0.055
0.034 0.005 0.054
0.033 0.005 0.053
0.033 0.004 0.052
0.032 0.004 0.051
0.032 0.003 0.050
0.031 0.002 0.050
0.031 0.001 0.049
0.030 0.001 0.048
0.030 0.000 0.048
0.030 -0.001 0.047
0.029 -0.001 0.046
0.028 -0.002 0.045
0.028 -0.002 0.045
0.027 -0.003 0.044
0.026 -0.003 0.042
0.025 -0.003 0.041
0.024 -0.003 0.040
0.024 -0.004 0.039
0.023 -0.004 0.038
0.022 -0.004 0.036
0.021 -0.004 0.035
0.020 -0.004 0.034
0.019 -0.004 0.033
0.018 -0.004 0.032
0.017 -0.004 0.030
0.016 -0.005 0.029
0.016 -0.005 0.028
0.015 -0.005 0.027
0.014 -0.005 0.026
0.013 -0.005 0.025
0.012 -0.005 0.023
0.011 -0.005 0.022
0.010 -0.005 0.021
0.009 -0.005 0.020
0.009 -0.005 0.019
0.008 -0.005 0.018
0.007 -0.005 0.017
0.006 -0.005 0.016
0.005 -0.005 0.015
0.005 -0.005 0.014
0.004 -0.005 0.013
0.003 -0.005 0.012
0.003 -0.005 0.011
0.002 -0.005 0.010
0.001 -0.005 0.009
0.001 -0.005 0.008
0.000 -0.005 0.007
-0.001 -0.005 0.006
-0.001 -0.005 0.006
-0.002 -0.005 0.005
-0.003 -0.005 0.004
-0.003 -0.005 0.003
-0.004 -0.005 0.002
-0.004 -0.005 0.002
-0.005 -0.005 0.001
-0.006 -0.005 0.000
-0.006 -0.005 -0.001
-0.007 -0.005 -0.001
-0.007 -0.006 -0.002
-0.008 -0.006 -0.003
-0.008 -0.006 -0.003
-0.009 -0.006 -0.004
-0.009 -0.006 -0.005
-0.010 -0.006 -0.005
-0.010 -0.006 -0.006
-0.011 -0.006 -0.007
-0.011 -0.006 -0.008
-0.012 -0.006 -0.008
-0.012 -0.006 -0.009
-0.013 -0.006 -0.009
-0.013 -0.006 -0.010
-0.014 -0.006 -0.011
-0.014 -0.006 -0.011
-0.015 -0.006 -0.012
-0.015 -0.006 -0.013
-0.015 -0.006 -0.013
-0.016 -0.006 -0.014
-0.016 -0.006 -0.014
-0.017 -0.006 -0.015
-0.017 -0.006 -0.015
-0.017 -0.007 -0.016
-0.018 -0.007 -0.016
-0.018 -0.007 -0.017
-0.019 -0.007 -0.018
-0.019 -0.007 -0.018
-0.020 -0.007 -0.019
-0.020 -0.007 -0.019
-0.020 -0.007 -0.020
-0.021 -0.007 -0.020
-0.021 -0.007 -0.021
-0.021 -0.007 -0.021
-0.022 -0.007 -0.022
-0.022 -0.007 -0.022
-0.023 -0.007 -0.023
-0.023 -0.006 -0.024
-0.024 -0.006 -0.024
-0.024 -0.006 -0.025
-0.024 -0.006 -0.025
-0.025 -0.006 -0.026
-0.025 -0.007 -0.026
-0.025 -0.006 -0.026
-0.026 -0.006 -0.027
-0.026 -0.006 -0.028
-0.027 -0.006 -0.028
-0.027 -0.005 -0.029
-0.028 -0.004 -0.030
-0.029 -0.002 -0.032
-0.030 -0.002 -0.032
-0.027 -0.009 -0.029
0.261 0.227 0.375
0.261 0.225 0.375
0.261 0.222 0.375
0.261 0.220 0.374
0.260 0.218 0.373
0.260 0.215 0.373
0.260 0.213 0.373
0.260 0.211 0.373
0.260 0.209 0.372
0.260 0.206 0.372
0.260 0.204 0.372
0.260 0.202 0.371
0.259 0.199 0.371
0.260 0.197 0.371
0.259 0.195 0.370
0.259 0.193 0.370
0.259 0.190 0.370
0.259 0.188 0.369
0.259 0.186 0.369
0.258 0.183 0.368
0.258 0.181 0.368
0.258 0.179 0.368
0.258 0.176 0.367
0.258 0.174 0.367
0.258 0.172 0.367
0.258 0.169 0.367
0.258 0.167 0.367
0.258 0.165 0.367
0.258 0.162 0.366
0.258 0.160 0.366
0.258 0.158 0.366
0.258 0.155 0.365
0.258 0.153 0.365
0.258 0.150 0.365
0.258 0.148 0.365
0.258 0.146 0.365
0.258 0.143 0.364
0.258 0.141 0.364
0.258 0.138 0.364
0.258 0.136 0.364
0.257 0.134 0.363
0.258 0.131 0.363
0.258 0.129 0.363
0.257 0.126 0.362
0.257 0.124 0.362
0.257 0.121 0.362
0.257 0.119 0.362
0.257 0.116 0.362
0.257 0.114 0.361
0.257 0.112 0.361
0.257 0.109 0.361
0.257 0.107 0.361
0.258 0.104 0.361
0.257 0.102 0.361
0.257 0.099 0.361
0.257 0.096 0.360
0.257 0.094 0.360
0.258 0.091 0.360
0.258 0.089 0.360
0.258 0.086 0.360
0.258 0.084 0.360
0.258 0.081 0.359
0.257 0.079 0.359
0.256 0.076 0.357
0.255 0.074 0.356
0.255 0.071 0.355
0.254 0.068 0.354
0.254 0.066 0.353
0.254 0.063 0.353
0.253 0.061 0.352
0.253 0.058 0.351
0.253 0.056 0.351
0.253 0.053 0.351
0.252 0.050 0.349
0.251 0.048 0.348
0.250 0.045 0.346
0.249 0.043 0.345
0.248 0.041 0.343
0.244 0.039 0.337
0.249 0.035 0.345
0.250 0.032 0.346
0.072 0.063 0.109
0.071 0.062 0.108
0.064 0.062 0.099
0.061 0.062 0.095
0.058 0.061 0.090
0.053 0.061 0.084
0.047 0.062 0.075
0.040 0.062 0.067
0.037 0.062 0.063
0.035 0.062 0.060
0.034 0.061 0.058
0.034 0.060 0.058
0.034 0.059 0.058
0.033 0.058 0.058
0.033 0.057 0.057
0.033 0.057 0.057
0.033 0.056 0.057
0.033 0.055 0.057
0.033 0.054 0.057
0.033 0.053 0.057
0.033 0.052 0.056
0.033 0.051 0.056
0.033 0.050 0.056
0.032 0.049 0.056
0.032 0.049 0.055
0.032 0.048 0.055
0.032 0.047 0.055
0.032 0.046 0.055
0.032 0.045 0.055
0.032 0.044 0.055
0.033 0.043 0.055
0.032 0.042 0.055
0.033 0.041 0.056
0.034 0.039 0.057
0.035 0.038 0.059
0.037 0.036 0.060
0.037 0.035 0.061
0.036 0.034 0.059
0.035 0.034 0.058
0.034 0.033 0.057
0.034 0.032 0.056
0.033 0.032 0.055
0.032 0.031 0.054
0.032 0.030 0.053
0.031 0.030 0.053
0.031 0.029 0.052
0.030 0.028 0.051
0.030 0.028 0.050
0.029 0.027 0.050
0.029 0.026 0.049
0.029 0.025 0.049
0.029 0.024 0.050
0.030 0.022 0.050
0.030 0.021 0.051
0.031 0.020 0.051
0.031 0.019 0.052
0.031 0.017 0.052
0.031 0.016 0.052
0.031 0.015 0.052
0.031 0.014 0.051
0.031 0.013 0.051
0.032 0.012 0.052
0.032 0.011 0.052
0.032 0.010 0.052
0.032 0.009 0.052
0.032 0.007 0.052
0.032 0.007 0.052
0.032 0.006 0.051
0.031 0.005 0.051
0.031 0.004 0.050
0.030 0.003 0.049
0.030 0.003 0.049
0.030 0.002 0.049
0.030 0.001 0.048
0.029 0.000 0.047
0.029 0.000 0.047
0.028 -0.001 0.046
0.028 -0.002 0.045
0.027 -0.002 0.045
0.026 -0.003 0.044
0.026 -0.003 0.043
0.025 -0.003 0.041
0.024 -0.003 0.040
0.023 -0.004 0.039
0.022 -0.004 0.038
0.021 -0.004 0.037
0.020 -0.004 0.035
0.019 -0.004 0.034
0.019 -0.004 0.033
0.018 -0.004 0.032
0.017 -0.004 0.031
0.016 -0.005 0.029
0.015 -0.005 0.028
0.014 -0.005 0.027
0.013 -0.005 0.026
0.012 -0.005 0.025
0.011 -0.005 0.024
0.011 -0.005 0.022
0.010 -0.005 0.021
0.009 -0.005 0.020
0.008 -0.005 0.019
0.007 -0.005 0.018
0.007 -0.005 0.017
0.006 -0.005 0.016
0.005 -0.005 0.015
0.004 -0.005 0.014
0.004 -0.005 0.013
0.003 -0.005 0.012
0.002 -0.005 0.011
0.001 -0.005 0.010
0.001 -0.005 0.009
0.000 -0.005 0.008
-0.001 -0.005 0.007
-0.001 -0.005 0.007
-0.002 -0.005 0.006
-0.002 -0.005 0.005
-0.003 -0.005 0.004
-0.004 -0.005 0.003
-0.004 -0.005 0.003
-0.005 -0.005 0.002
-0.005 -0.005 0.001
-0.006 -0.005 0.000
-0.006 -0.005 0.000
-0.007 -0.005 -0.001
-0.007 -0.006 -0.002
-0.008 -0.006 -0.002
-0.008 -0.006 -0.003
-0.009 -0.006 -0.004
-0.010 -0.006 -0.005
-0.010 -0.006 -0.005
-0.011 -0.006 -0.006
-0.011 -0.006 -0.007
-0.011 -0.006 -0.007
-0.012 -0.006 -0.008
-0.012 -0.006 -0.008
-0.013 -0.006 -0.009
-0.013 -0.006 -0.010
-0.014 -0.006 -0.011
-0.014 -0.006 -0.011
-0.015 -0.006 -0.012
-0.015 -0.006 -0.012
-0.016 -0.006 -0.013
-0.016 -0.006 -0.014
-0.017 -0.006 -0.014
-0.017 -0.006 -0.015
-0.017 -0.007 -0.015
-0.018 -0.007 -0.016
-0.018 -0.007 -0.016
-0.019 -0.007 -0.017
-0.019 -0.007 -0.017
-0.019 -0.007 -0.018
-0.020 -0.007 -0.018
-0.020 -0.007 -0.019
-0.021 -0.007 -0.019
-0.021 -0.007 -0.020
-0.021 -0.007 -0.021
-0.022 -0.007 -0.021
-0.022 -0.007 -0.022
-0.022 -0.007 -0.022
-0.023 -0.007 -0.023
-0.023 -0.007 -0.023
-0.024 -0.006 -0.024
-0.024 -0.006 -0.025
-0.025 -0.006 -0.025
-0.025 -0.007 -0.025
-0.025 -0.007 -0.026
-0.026 -0.007 -0.026
-0.026 -0.006 -0.027
-0.027 -0.006 -0.028
-0.027 -0.006 -0.028
-0.028 -0.005 -0.029
-0.028 -0.004 -0.030
-0.030 -0.002 -0.031
-0.031 -0.001 -0.032
-0.027 -0.009 -0.029
0.260 0.227 0.376
0.260 0.225 0.376
0.260 0.222 0.376
0.259 0.220 0.375
0.259 0.218 0.374
0.259 0.215 0.374
0.259 0.213 0.374
0.259 0.211 0.374
0.259 0.209 0.373
0.259 0.206 0.373
0.258 0.204 0.372
0.258 0.202 0.372
0.258 0.199 0.372
0.258 0.197 0.372
0.258 0.195 0.371
0.258 0.193 0.371
0.258 0.190 0.371
0.258 0.188 0.370
0.257 0.186 0.370
0.257 0.183 0.369
0.257 0.181 0.369
0.257 0.179 0.369
0.257 0.176 0.368
0.257 0.174 0.368
0.257 0.172 0.368
0.257 0.169 0.368
0.257 0.167 0.368
0.257 0.165 0.367
0.257 0.162 0.367
0.257 0.160 0.367
0.257 0.158 0.367
0.257 0.155 0.366
0.257 0.153 0.366
0.257 0.150 0.366
0.256 0.148 0.366
0.257 0.146 0.366
0.257 0.143 0.366
0.257 0.141 0.365
0.256 0.138 0.365
0.257 0.136 0.365
0.256 0.134 0.365
0.256 0.131 0.364
0.256 0.129 0.364
0.256 0.126 0.364
0.256 0.124 0.363
0.256 0.121 0.363
0.256 0.119 0.363
0.256 0.116 0.363
0.256 0.114 0.362
0.256 0.111 0.362
0.256 0.109 0.362
0.256 0.106 0.362
0.256 0.104 0.362
0.256 0.101 0.362
0.256 0.099 0.362
0.256 0.096 0.361
0.256 0.094 0.361
0.256 0.091 0.361
0.256 0.089 0.361
0.257 0.086 0.362
0.257 0.084 0.362
0.256 0.081 0.361
0.256 0.079 0.360
0.255 0.076 0.359
0.254 0.073 0.357
0.254 0.071 0.357
0.253 0.068 0.355
0.253 0.066 0.354
0.252 0.063 0.354
0.252 0.061 0.353
0.252 0.058 0.353
0.252 0.055 0.352
0.251 0.053 0.352
0.251 0.050 0.351
0.250 0.048 0.349
0.249 0.045 0.348
0.249 0.043 0.347
0.248 0.040 0.346
0.243 0.038 0.340
0.249 0.035 0.348
0.252 0.032 0.352
0.078 0.062 0.119
0.069 0.062 0.106
0.061 0.062 0.096
0.058 0.062 0.093
0.055 0.062 0.088
0.050 0.062 0.082
0.042 0.063 0.070
0.037 0.063 0.064
0.036 0.062 0.063
0.034 0.062 0.060
0.033 0.061 0.059
0.033 0.060 0.058
0.033 0.059 0.058
0.033 0.058 0.058
0.033 0.058 0.057
0.033 0.057 0.057
0.033 0.056 0.057
0.033 0.055 0.057
0.032 0.054 0.057
0.032 0.053 0.056
0.032 0.052 0.056
0.032 0.051 0.056
0.032 0.050 0.056
0.032 0.050 0.055
0.032 0.049 0.055
0.031 0.048 0.055
0.031 0.047 0.055
0.031 0.046 0.055
0.031 0.045 0.055
0.031 0.044 0.055
0.031 0.043 0.055
0.031 0.042 0.055
0.032 0.041 0.055
0.032 0.040 0.056
0.033 0.038 0.057
0.034 0.037 0.058
0.034 0.036 0.058
0.034 0.035 0.057
0.033 0.034 0.057
0.033 0.033 0.056
0.032 0.033 0.055
0.032 0.032 0.055
0.032 0.031 0.054
0.031 0.031 0.053
0.030 0.030 0.053
0.030 0.029 0.052
0.029 0.028 0.051
0.029 0.028 0.050
0.028 0.027 0.049
0.028 0.026 0.049
0.028 0.025 0.049
0.029 0.024 0.049
0.029 0.023 0.050
0.029 0.022 0.050
0.030 0.020 0.051
0.030 0.019 0.051
0.030 0.018 0.051
0.029 0.017 0.050
0.030 0.016 0.050
0.030 0.015 0.050
0.030 0.014 0.050
0.030 0.013 0.050
0.030 0.012 0.050
0.030 0.011 0.050
0.030 0.010 0.050
0.030 0.009 0.050
0.030 0.008 0.050
0.030 0.007 0.050
0.030 0.006 0.050
0.030 0.005 0.050
0.029 0.004 0.049
0.029 0.003 0.049
0.029 0.002 0.048
0.029 0.001 0.048
0.028 0.001 0.047
0.028 0.000 0.047
0.027 -0.001 0.046
0.027 -0.001 0.045
0.026 -0.002 0.045
0.026 -0.002 0.044
0.025 -0.003 0.043
0.024 -0.003 0.042
0.023 -0.003 0.040
0.022 -0.004 0.039
0.022 -0.004 0.038
0.021 -0.004 0.037
0.020 -0.004 0.035
0.019 -0.004 0.034
0.018 -0.004 0.033
0.017 -0.004 0.032
0.016 -0.004 0.031
0.015 -0.004 0.030
0.014 -0.004 0.028
0.014 -0.005 0.027
0.013 -0.005 0.026
0.012 -0.005 0.025
0.011 -0.005 0.024
0.010 -0.005 0.023
0.009 -0.005 0.022
0.009 -0.005 0.021
0.008 -0.005 0.019
0.007 -0.005 0.018
0.006 -0.005 0.017
0.005 -0.005 0.016
0.005 -0.005 0.015
0.004 -0.005 0.014
0.003 -0.005 0.013
0.002 -0.005 0.012
0.002 -0.005 0.011
0.001 -0.005 0.010
0.000 -0.005 0.009
0.000 -0.005 0.009
-0.001 -0.005 0.008
-0.002 -0.005 0.007
-0.002 -0.005 0.006
-0.003 -0.005 0.005
-0.003 -0.005 0.004
-0.004 -0.005 0.004
-0.005 -0.005 0.003
-0.005 -0.005 0.002
-0.006 -0.005 0.001
-0.006 -0.006 0.001
-0.007 -0.006 0.000
-0.007 -0.006 -0.001
-0.008 -0.006 -0.001
-0.008 -0.006 -0.002
-0.009 -0.006 -0.003
-0.009 -0.006 -0.004
-0.010 -0.006 -0.004
-0.010 -0.006 -0.005
-0.011 -0.006 -0.006
-0.011 -0.006 -0.006
-0.012 -0.006 -0.007
-0.012 -0.006 -0.008
-0.013 -0.006 -0.008
-0.013 -0.006 -0.009
-0.014 -0.006 -0.010
-0.014 -0.006 -0.010
-0.015 -0.006 -0.011
-0.015 -0.006 -0.012
-0.016 -0.006 -0.012
-0.016 -0.006 -0.013
-0.016 -0.006 -0.013
-0.017 -0.006 -0.014
-0.017 -0.006 -0.015
-0.018 -0.006 -0.015
-0.018 -0.007 -0.016
-0.018 -0.007 -0.016
-0.019 -0.007 -0.017
-0.019 -0.007 -0.017
-0.020 -0.007 -0.018
-0.020 -0.007 -0.018
-0.020 -0.007 -0.019
-0.021 -0.007 -0.019
-0.021 -0.007 -0.020
-0.022 -0.007 -0.020
-0.022 -0.007 -0.021
-0.022 -0.007 -0.021
-0.023 -0.007 -0.022
-0.023 -0.007 -0.022
-0.024 -0.007 -0.023
-0.024 -0.006 -0.024
-0.025 -0.006 -0.024
-0.025 -0.006 -0.025
-0.025 -0.007 -0.025
-0.025 -0.007 -0.026
-0.026 -0.006 -0.026
-0.026 -0.006 -0.027
-0.027 -0.006 -0.027
-0.027 -0.006 -0.028
-0.028 -0.005 -0.029
-0.029 -0.004 -0.030
-0.030 -0.003 -0.031
-0.031 -0.001 -0.032
-0.028 -0.009 -0.029
0.259 0.227 0.377
0.259 0.225 0.377
0.259 0.222 0.377
0.258 0.220 0.376
0.258 0.218 0.375
0.258 0.215 0.375
0.258 0.213 0.375
0.258 0.211 0.375
0.258 0.209 0.374
0.257 0.206 0.374
0.257 0.204 0.374
0.257 0.202 0.373
0.257 0.199 0.373
0.257 0.197 0.373
0.257 0.195 0.372
0.257 0.193 0.372
0.257 0.190 0.372
0.256 0.188 0.371
0.256 0.186 0.371
0.256 0.183 0.370
0.256 0.181 0.370
0.256 0.179 0.370
0.256 0.176 0.369
0.256 0.174 0.369
0.256 0.172 0.369
0.256 0.169 0.369
0.256 0.167 0.369
0.256 0.165 0.369
0.256 0.162 0.368
0.256 0.160 0.368
0.256 0.158 0.368
0.255 0.155 0.368
0.255 0.153 0.367
0.255 0.150 0.367
0.255 0.148 0.367
0.255 0.146 0.367
0.255 0.143 0.367
0.255 0.141 0.366
0.255 0.138 0.366
0.255 0.136 0.366
0.255 0.134 0.365
0.255 0.131 0.365
0.255 0.129 0.365
0.255 0.126 0.365
0.255 0.124 0.364
0.255 0.121 0.364
0.255 0.119 0.364
0.255 0.116 0.364
0.254 0.114 0.363
0.255 0.111 0.363
0.255 0.109 0.363
0.255 0.106 0.363
0.255 0.104 0.363
0.255 0.101 0.363
0.255 0.099 0.363
0.255 0.096 0.363
0.255 0.094 0.362
0.255 0.091 0.362
0.255 0.089 0.362
0.255 0.086 0.363
0.256 0.084 0.363
0.255 0.081 0.362
0.255 0.078 0.361
0.254 0.076 0.360
0.253 0.073 0.359
0.253 0.071 0.357
0.252 0.068 0.356
0.251 0.066 0.355
0.251 0.063 0.355
0.251 0.061 0.355
0.250 0.058 0.354
0.250 0.055 0.353
0.250 0.053 0.353
0.250 0.050 0.352
0.249 0.048 0.351
0.249 0.045 0.350
0.248 0.043 0.350
0.248 0.040 0.349
0.242 0.038 0.341
0.248 0.035 0.349
0.255 0.031 0.359
0.092 0.059 0.139
0.065 0.063 0.103
0.059 0.063 0.095
0.055 0.062 0.090
0.052 0.062 0.085
0.044 0.063 0.074
0.038 0.063 0.066
0.037 0.063 0.064
0.034 0.062 0.061
0.033 0.062 0.059
0.033 0.061 0.059
0.033 0.060 0.059
0.033 0.059 0.058
0.032 0.058 0.058
0.032 0.058 0.058
0.032 0.057 0.057
0.032 0.056 0.057
0.032 0.055 0.057
0.032 0.054 0.057
0.031 0.053 0.056
0.031 0.052 0.056
0.031 0.051 0.056
0.031 0.051 0.056
0.031 0.050 0.055
0.031 0.049 0.055
0.031 0.048 0.055
0.031 0.047 0.055
0.031 0.046 0.055
0.031 0.045 0.055
0.031 0.044 0.055
0.031 0.043 0.055
0.031 0.042 0.055
0.031 0.041 0.055
0.031 0.040 0.055
0.031 0.039 0.056
0.032 0.038 0.056
0.032 0.037 0.056
0.032 0.036 0.056
0.032 0.035 0.056
0.032 0.034 0.055
0.031 0.033 0.055
0.031 0.032 0.055
0.031 0.031 0.054
0.030 0.031 0.053
0.029 0.030 0.052
0.029 0.029 0.051
0.028 0.029 0.051
0.028 0.028 0.050
0.027 0.027 0.049
0.027 0.027 0.049
0.027 0.026 0.049
0.028 0.024 0.049
0.028 0.023 0.050
0.028 0.022 0.050
0.029 0.021 0.050
0.029 0.020 0.050
0.029 0.019 0.050
0.029 0.018 0.050
0.029 0.017 0.050
0.029 0.016 0.050
0.029 0.015 0.050
0.029 0.014 0.050
0.029 0.013 0.050
0.029 0.012 0.050
0.028 0.011 0.049
0.028 0.010 0.049
0.028 0.009 0.049
0.029 0.007 0.049
0.028 0.006 0.049
0.028 0.005 0.049
0.028 0.004 0.049
0.028 0.003 0.049
0.028 0.003 0.048
0.028 0.002 0.048
0.027 0.001 0.047
0.027 0.000 0.047
0.027 -0.001 0.046
0.026 -0.001 0.045
0.026 -0.002 0.045
0.025 -0.002 0.044
0.024 -0.003 0.043
0.023 -0.003 0.042
0.023 -0.003 0.040
0.022 -0.003 0.039
0.021 -0.004 0.038
0.020 -0.004 0.037
0.019 -0.004 0.036
0.018 -0.004 0.035
0.017 -0.004 0.033
0.017 -0.004 0.032
0.016 -0.004 0.031
0.015 -0.004 0.030
0.014 -0.004 0.029
0.013 -0.004 0.027
0.012 -0.005 0.026
0.011 -0.005 0.025
0.011 -0.005 0.024
0.010 -0.005 0.023
0.009 -0.005 0.022
0.008 -0.005 0.021
0.007 -0.005 0.020
0.007 -0.005 0.019
0.006 -0.005 0.018
0.005 -0.005 0.017
0.004 -0.005 0.016
0.004 -0.005 0.015
0.003 -0.005 0.014
0.002 -0.005 0.013
0.001 -0.005 0.012
0.001 -0.005 0.011
0.000 -0.005 0.010
-0.001 -0.005 0.009
-0.001 -0.005 0.008
-0.002 -0.005 0.007
-0.003 -0.005 0.006
-0.003 -0.005 0.006
-0.004 -0.005 0.005
-0.004 -0.005 0.004
-0.005 -0.005 0.003
-0.005 -0.005 0.002
-0.006 -0.005 0.002
-0.006 -0.006 0.001
-0.007 -0.006 0.000
-0.008 -0.006 -0.001
-0.008 -0.006 -0.001
-0.009 -0.006 -0.002
-0.009 -0.006 -0.003
-0.010 -0.006 -0.003
-0.010 -0.006 -0.004
-0.011 -0.006 -0.005
-0.011 -0.006 -0.005
-0.012 -0.006 -0.006
-0.012 -0.006 -0.007
-0.013 -0.006 -0.007
-0.013 -0.006 -0.008
-0.014 -0.006 -0.009
-0.014 -0.006 -0.010
-0.015 -0.006 -0.010
-0.015 -0.006 -0.011
-0.016 -0.006 -0.011
-0.016 -0.006 -0.012
-0.016 -0.006 -0.013
-0.017 -0.006 -0.013
-0.017 -0.006 -0.014
-0.018 -0.006 -0.014
-0.018 -0.006 -0.015
-0.018 -0.007 -0.015
-0.019 -0.007 -0.016
-0.019 -0.007 -0.016
-0.020 -0.007 -0.017
-0.020 -0.007 -0.017
-0.020 -0.007 -0.018
-0.021 -0.007 -0.019
-0.021 -0.007 -0.019
-0.022 -0.007 -0.020
-0.022 -0.007 -0.020
-0.022 -0.007 -0.021
-0.023 -0.007 -0.021
-0.023 -0.007 -0.022
-0.023 -0.007 -0.022
-0.024 -0.007 -0.023
-0.024 -0.007 -0.023
-0.025 -0.006 -0.024
-0.025 -0.006 -0.025
-0.025 -0.007 -0.025
-0.026 -0.007 -0.025
-0.026 -0.006 -0.026
-0.027 -0.006 -0.027
-0.027 -0.006 -0.027
-0.028 -0.006 -0.028
-0.028 -0.005 -0.029
-0.029 -0.004 -0.029
-0.030 -0.003 -0.031
-0.031 -0.001 -0.032
-0.028 -0.009 -0.028
0.258 0.227 0.378
0.258 0.225 0.378
0.257 0.222 0.378
0.257 0.220 0.377
0.257 0.218 0.376
0.257 0.215 0.376
0.256 0.213 0.376
0.256 0.211 0.375
0.256 0.209 0.375
0.256 0.206 0.375
0.256 0.204 0.374
0.256 0.202 0.374
0.256 0.199 0.374
0.256 0.197 0.374
0.255 0.195 0.373
0.255 0.192 0.373
0.255 0.190 0.372
0.255 0.188 0.372
0.255 0.186 0.372
0.255 0.183 0.372
0.255 0.181 0.371
0.255 0.179 0.371
0.254 0.176 0.370
0.254 0.174 0.370
0.254 0.172 0.370
0.255 0.169 0.370
0.254 0.167 0.370
0.254 0.165 0.369
0.254 0.162 0.369
0.254 0.160 0.369
0.254 0.157 0.369
0.254 0.155 0.369
0.254 0.153 0.368
0.254 0.150 0.368
0.254 0.148 0.368
0.254 0.146 0.368
0.254 0.143 0.368
0.254 0.141 0.367
0.254 0.138 0.367
0.254 0.136 0.367
0.254 0.133 0.366
0.254 0.131 0.366
0.254 0.129 0.366
0.254 0.126 0.366
0.254 0.124 0.366
0.254 0.121 0.365
0.253 0.119 0.365
0.254 0.116 0.365
0.253 0.114 0.365
0.254 0.111 0.365
0.253 0.109 0.364
0.254 0.106 0.364
0.253 0.104 0.364
0.254 0.101 0.364
0.254 0.099 0.364
0.254 0.096 0.363
0.254 0.094 0.363
0.254 0.091 0.363
0.254 0.089 0.363
0.254 0.086 0.364
0.254 0.084 0.364
0.254 0.081 0.363
0.253 0.078 0.362
0.252 0.076 0.361
0.252 0.073 0.359
0.251 0.071 0.358
0.250 0.068 0.357
0.250 0.066 0.356
0.249 0.063 0.356
0.249 0.061 0.355
0.249 0.058 0.355
0.249 0.055 0.354
0.249 0.053 0.354
0.249 0.050 0.354
0.248 0.048 0.353
0.248 0.045 0.352
0.248 0.042 0.352
0.247 0.040 0.350
0.241 0.038 0.342
0.246 0.035 0.349
0.258 0.030 0.365
0.148 0.048 0.216
0.063 0.063 0.101
0.055 0.064 0.090
0.045 0.065 0.077
0.040 0.065 0.070
0.036 0.065 0.064
0.036 0.064 0.064
0.034 0.063 0.062
0.033 0.063 0.061
0.032 0.062 0.059
0.032 0.061 0.059
0.032 0.060 0.059
0.032 0.059 0.059
0.032 0.058 0.058
0.032 0.058 0.058
0.031 0.057 0.058
0.031 0.056 0.057
0.031 0.055 0.057
0.031 0.054 0.057
0.031 0.053 0.056
0.031 0.052 0.056
0.030 0.051 0.056
0.030 0.051 0.056
0.030 0.050 0.056
0.030 0.049 0.055
0.030 0.048 0.055
0.030 0.047 0.055
0.030 0.046 0.055
0.030 0.045 0.055
0.030 0.044 0.055
0.030 0.043 0.055
0.030 0.042 0.054
0.030 0.041 0.054
0.030 0.040 0.054
0.030 0.039 0.055
0.030 0.038 0.055
0.030 0.037 0.055
0.030 0.036 0.055
0.030 0.035 0.055
0.031 0.034 0.055
0.030 0.033 0.055
0.030 0.032 0.055
0.030 0.031 0.054
0.029 0.031 0.053
0.029 0.030 0.052
0.028 0.030 0.051
0.027 0.029 0.050
0.027 0.029 0.049
0.026 0.028 0.049
0.026 0.027 0.049
0.026 0.026 0.049
0.027 0.025 0.049
0.027 0.023 0.049
0.027 0.022 0.050
0.028 0.021 0.050
0.028 0.020 0.050
0.028 0.019 0.050
0.028 0.018 0.050
0.028 0.017 0.050
0.028 0.016 0.050
0.028 0.015 0.050
0.028 0.014 0.050
0.028 0.013 0.050
0.028 0.012 0.050
0.028 0.011 0.049
0.027 0.010 0.049
0.027 0.009 0.049
0.027 0.008 0.049
0.027 0.007 0.049
0.028 0.006 0.049
0.027 0.005 0.049
0.027 0.004 0.048
0.027 0.003 0.048
0.027 0.002 0.047
0.026 0.001 0.047
0.026 0.000 0.047
0.026 0.000 0.046
0.025 -0.001 0.046
0.025 -0.002 0.045
0.024 -0.002 0.044
0.023 -0.002 0.043
0.023 -0.003 0.042
0.022 -0.003 0.040
0.021 -0.003 0.040
0.020 -0.004 0.038
0.019 -0.004 0.037
0.019 -0.004 0.036
0.018 -0.004 0.035
0.017 -0.004 0.034
0.016 -0.004 0.033
0.015 -0.004 0.031
0.014 -0.004 0.030
0.014 -0.004 0.029
0.013 -0.004 0.028
0.012 -0.004 0.027
0.011 -0.005 0.025
0.010 -0.005 0.024
0.009 -0.005 0.023
0.008 -0.005 0.022
0.008 -0.005 0.021
0.007 -0.005 0.020
0.006 -0.005 0.019
0.005 -0.005 0.018
0.005 -0.005 0.017
0.004 -0.005 0.016
0.003 -0.005 0.015
0.002 -0.005 0.014
0.002 -0.005 0.013
0.001 -0.005 0.012
0.000 -0.005 0.011
0.000 -0.005 0.010
-0.001 -0.005 0.009
-0.002 -0.005 0.008
-0.002 -0.005 0.007
-0.003 -0.005 0.007
-0.004 -0.005 0.006
-0.004 -0.005 0.005
-0.005 -0.005 0.004
-0.005 -0.005 0.003
-0.006 -0.005 0.003
-0.006 -0.005 0.002
-0.007 -0.006 0.001
-0.007 -0.006 0.001
-0.008 -0.006 0.000
-0.008 -0.006 -0.001
-0.009 -0.006 -0.002
-0.009 -0.006 -0.002
-0.010 -0.006 -0.003
-0.010 -0.006 -0.004
-0.011 -0.006 -0.005
-0.011 -0.006 -0.005
-0.012 -0.006 -0.006
-0.012 -0.006 -0.006
-0.013 -0.006 -0.007
-0.013 -0.006 -0.008
-0.014 -0.006 -0.009
-0.014 -0.006 -0.009
-0.015 -0.006 -0.010
-0.015 -0.006 -0.011
-0.016 -0.006 -0.011
-0.016 -0.006 -0.012
-0.017 -0.006 -0.012
-0.017 -0.006 -0.013
-0.017 -0.006 -0.013
-0.018 -0.006 -0.014
-0.018 -0.006 -0.015
-0.019 -0.007 -0.015
-0.019 -0.007 -0.016
-0.019 -0.007 -0.016
-0.020 -0.007 -0.017
-0.020 -0.007 -0.017
-0.021 -0.007 -0.018
-0.021 -0.007 -0.018
-0.021 -0.007 -0.019
-0.022 -0.007 -0.019
-0.022 -0.007 -0.020
-0.023 -0.007 -0.020
-0.023 -0.007 -0.021
-0.023 -0.007 -0.021
-0.024 -0.007 -0.022
-0.024 -0.007 -0.023
-0.025 -0.007 -0.023
-0.025 -0.007 -0.024
-0.025 -0.007 -0.024
-0.026 -0.007 -0.025
-0.026 -0.007 -0.025
-0.026 -0.007 -0.026
-0.027 -0.006 -0.026
-0.028 -0.006 -0.027
-0.028 -0.006 -0.027
-0.028 -0.005 -0.028
-0.029 -0.004 -0.029
-0.030 -0.003 -0.031
-0.031 -0.001 -0.032
-0.028 -0.009 -0.028
0.256 0.227 0.379
0.256 0.225 0.379
0.256 0.222 0.379
0.256 0.220 0.378
0.255 0.218 0.377
0.255 0.215 0.377
0.255 0.213 0.377
0.255 0.211 0.376
0.255 0.208 0.376
0.255 0.206 0.376
0.255 0.204 0.376
0.255 0.202 0.375
0.255 0.199 0.375
0.254 0.197 0.375
0.254 0.195 0.374
0.254 0.192 0.374
0.254 0.190 0.374
0.254 0.188 0.373
0.254 0.186 0.373
0.254 0.183 0.373
0.254 0.181 0.372
0.253 0.179 0.372
0.253 0.176 0.371
0.253 0.174 0.371
0.253 0.172 0.371
0.253 0.169 0.371
0.253 0.167 0.371
0.253 0.165 0.371
0.253 0.162 0.370
0.253 0.160 0.370
0.253 0.157 0.370
0.253 0.155 0.370
0.253 0.153 0.369
0.253 0.150 0.369
0.253 0.148 0.369
0.253 0.146 0.369
0.253 0.143 0.368
0.253 0.141 0.368
0.253 0.138 0.368
0.253 0.136 0.368
0.253 0.133 0.368
0.253 0.131 0.367
0.253 0.129 0.367
0.253 0.126 0.367
0.253 0.124 0.367
0.253 0.121 0.367
0.252 0.119 0.366
0.253 0.116 0.366
0.252 0.114 0.366
0.253 0.111 0.366
0.253 0.109 0.366
0.253 0.106 0.366
0.252 0.104 0.365
0.252 0.101 0.365
0.253 0.099 0.365
0.252 0.096 0.365
0.253 0.094 0.365
0.253 0.091 0.365
0.253 0.089 0.365
0.253 0.086 0.365
0.253 0.084 0.365
0.252 0.081 0.364
0.252 0.078 0.362
0.250 0.076 0.361
0.250 0.073 0.360
0.249 0.071 0.359
0.249 0.068 0.358
0.248 0.066 0.356
0.248 0.063 0.356
0.248 0.061 0.356
0.247 0.058 0.355
0.247 0.055 0.355
0.247 0.053 0.355
0.247 0.050 0.355
0.247 0.048 0.354
0.247 0.045 0.354
0.247 0.042 0.354
0.245 0.040 0.351
0.238 0.038 0.342
0.245 0.035 0.350
0.253 0.030 0.361
0.184 0.041 0.266
0.054 0.065 0.090
0.039 0.067 0.070
0.034 0.067 0.063
0.035 0.066 0.065
0.036 0.065 0.065
0.034 0.064 0.063
0.033 0.063 0.061
0.032 0.063 0.060
0.032 0.062 0.060
0.032 0.061 0.059
0.031 0.060 0.059
0.031 0.059 0.059
0.031 0.058 0.059
0.031 0.058 0.058
0.031 0.057 0.058
0.030 0.056 0.057
0.030 0.055 0.057
0.030 0.054 0.057
0.030 0.053 0.056
0.030 0.052 0.056
0.030 0.052 0.056
0.029 0.051 0.056
0.030 0.050 0.056
0.030 0.049 0.056
0.029 0.048 0.055
0.029 0.047 0.055
0.029 0.046 0.055
0.030 0.045 0.055
0.030 0.044 0.055
0.029 0.043 0.055
0.029 0.042 0.055
0.029 0.041 0.054
0.029 0.040 0.054
0.029 0.039 0.054
0.029 0.038 0.054
0.029 0.037 0.055
0.029 0.036 0.055
0.029 0.035 0.054
0.029 0.034 0.055
0.029 0.034 0.054
0.029 0.033 0.054
0.029 0.032 0.054
0.029 0.031 0.053
0.028 0.030 0.052
0.027 0.030 0.051
0.026 0.029 0.050
0.026 0.029 0.049
0.026 0.028 0.049
0.026 0.027 0.049
0.025 0.026 0.048
0.026 0.025 0.049
0.026 0.024 0.049
0.026 0.023 0.049
0.027 0.021 0.050
0.027 0.020 0.050
0.027 0.019 0.050
0.027 0.018 0.050
0.027 0.017 0.050
0.027 0.016 0.049
0.027 0.015 0.049
0.027 0.014 0.049
0.027 0.013 0.049
0.027 0.012 0.049
0.027 0.011 0.049
0.027 0.010 0.049
0.027 0.009 0.049
0.027 0.008 0.049
0.027 0.007 0.049
0.027 0.006 0.049
0.027 0.005 0.048
0.026 0.004 0.048
0.026 0.003 0.048
0.026 0.002 0.047
0.026 0.002 0.047
0.025 0.001 0.047
0.025 0.000 0.046
0.025 -0.001 0.046
0.024 -0.002 0.045
0.024 -0.002 0.044
0.023 -0.002 0.043
0.022 -0.002 0.042
0.021 -0.003 0.041
0.021 -0.003 0.040
0.020 -0.003 0.039
0.019 -0.004 0.037
0.018 -0.004 0.036
0.017 -0.004 0.035
0.016 -0.004 0.034
0.016 -0.004 0.033
0.015 -0.004 0.032
0.014 -0.004 0.030
0.013 -0.004 0.029
0.012 -0.004 0.028
0.011 -0.004 0.027
0.010 -0.004 0.026
0.010 -0.005 0.025
0.009 -0.005 0.023
0.008 -0.005 0.022
0.007 -0.005 0.021
0.006 -0.005 0.020
0.006 -0.005 0.019
0.005 -0.005 0.018
0.004 -0.005 0.017
0.004 -0.005 0.016
0.003 -0.005 0.015
0.002 -0.005 0.014
0.001 -0.005 0.013
0.001 -0.005 0.012
0.000 -0.005 0.011
-0.001 -0.005 0.010
-0.001 -0.005 0.010
-0.002 -0.005 0.009
-0.003 -0.005 0.008
-0.003 -0.005 0.007
-0.004 -0.005 0.006
-0.004 -0.005 0.005
-0.005 -0.005 0.004
-0.006 -0.005 0.004
-0.006 -0.005 0.003
-0.007 -0.005 0.002
-0.007 -0.006 0.001
-0.008 -0.006 0.001
-0.008 -0.006 0.000
-0.009 -0.006 -0.001
-0.009 -0.006 -0.001
-0.010 -0.006 -0.002
-0.010 -0.006 -0.003
-0.011 -0.006 -0.004
-0.011 -0.006 -0.004
-0.012 -0.006 -0.005
-0.012 -0.006 -0.006
-0.013 -0.006 -0.006
-0.013 -0.006 -0.007
-0.014 -0.006 -0.008
-0.014 -0.006 -0.008
-0.015 -0.006 -0.009
-0.015 -0.006 -0.010
-0.016 -0.006 -0.010
-0.016 -0.006 -0.011
-0.017 -0.006 -0.011
-0.017 -0.006 -0.012
-0.017 -0.006 -0.013
-0.018 -0.006 -0.013
-0.018 -0.006 -0.014
-0.019 -0.007 -0.014
-0.019 -0.007 -0.015
-0.019 -0.007 -0.015
-0.020 -0.007 -0.016
-0.020 -0.007 -0.016
-0.021 -0.007 -0.017
-0.021 -0.007 -0.017
-0.021 -0.007 -0.018
-0.022 -0.007 -0.019
-0.022 -0.007 -0.019
-0.023 -0.007 -0.020
-0.023 -0.007 -0.020
-0.023 -0.007 -0.021
-0.023 -0.007 -0.021
-0.024 -0.007 -0.022
-0.024 -0.007 -0.022
-0.025 -0.007 -0.023
-0.025 -0.006 -0.024
-0.026 -0.007 -0.024
-0.026 -0.007 -0.024
-0.026 -0.007 -0.025
-0.027 -0.007 -0.025
-0.027 -0.006 -0.026
-0.028 -0.006 -0.027
-0.028 -0.006 -0.027
-0.029 -0.005 -0.028
-0.029 -0.005 -0.029
-0.031 -0.003 -0.030
-0.032 -0.001 -0.032
-0.028 -0.009 -0.028
0.255 0.227 0.380
0.255 0.224 0.380
0.255 0.222 0.380
0.254 0.220 0.379
0.254 0.218 0.378
0.254 0.215 0.378
0.254 0.213 0.378
0.254 0.211 0.377
0.254 0.208 0.377
0.254 0.206 0.377
0.254 0.204 0.376
0.253 0.202 0.376
0.253 0.199 0.376
0.253 0.197 0.375
0.253 0.195 0.375
0.253 0.192 0.375
0.253 0.190 0.374
0.253 0.188 0.374
0.253 0.186 0.374
0.253 0.183 0.374
0.253 0.181 0.374
0.252 0.179 0.373
0.252 0.176 0.373
0.252 0.174 0.373
0.252 0.172 0.372
0.252 0.169 0.372
0.252 0.167 0.372
0.252 0.165 0.372
0.252 0.162 0.372
0.252 0.160 0.371
0.252 0.157 0.371
0.252 0.155 0.371
0.252 0.153 0.371
0.252 0.150 0.370
0.252 0.148 0.370
0.252 0.146 0.370
0.252 0.143 0.370
0.252 0.141 0.370
0.252 0.138 0.369
0.252 0.136 0.370
0.252 0.133 0.369
0.252 0.131 0.369
0.252 0.129 0.369
0.252 0.126 0.368
0.251 0.124 0.368
0.252 0.121 0.368
0.252 0.119 0.368
0.252 0.116 0.368
0.252 0.114 0.368
0.252 0.111 0.368
0.252 0.109 0.367
0.251 0.106 0.367
0.251 0.104 0.367
0.251 0.101 0.367
0.252 0.099 0.367
0.252 0.096 0.367
0.252 0.094 0.366
0.251 0.091 0.366
0.251 0.089 0.366
0.252 0.086 0.366
0.252 0.083 0.366
0.251 0.081 0.365
0.250 0.078 0.363
0.249 0.076 0.362
0.249 0.073 0.361
0.248 0.071 0.360
0.247 0.068 0.358
0.247 0.066 0.357
0.246 0.063 0.357
0.246 0.061 0.356
0.245 0.058 0.355
0.245 0.055 0.355
0.246 0.053 0.355
0.246 0.050 0.355
0.246 0.047 0.356
0.246 0.045 0.355
0.245 0.042 0.354
0.241 0.040 0.349
0.237 0.038 0.343
0.245 0.034 0.353
0.242 0.032 0.349
0.128 0.051 0.192
0.032 0.069 0.062
0.034 0.068 0.063
0.035 0.066 0.065
0.034 0.066 0.064
0.033 0.065 0.063
0.032 0.064 0.062
0.032 0.064 0.061
0.031 0.063 0.060
0.031 0.062 0.060
0.031 0.061 0.059
0.031 0.060 0.059
0.031 0.059 0.059
0.031 0.058 0.059
0.030 0.058 0.058
0.030 0.057 0.058
0.030 0.056 0.057
0.029 0.055 0.057
0.029 0.054 0.057
0.029 0.053 0.056
0.029 0.053 0.056
0.029 0.052 0.056
0.029 0.051 0.056
0.029 0.050 0.056
0.029 0.049 0.056
0.029 0.048 0.056
0.029 0.047 0.056
0.029 0.046 0.055
0.029 0.045 0.056
0.029 0.044 0.055
0.029 0.043 0.055
0.029 0.042 0.055
0.029 0.041 0.055
0.028 0.041 0.055
0.029 0.040 0.055
0.029 0.039 0.055
0.029 0.038 0.055
0.029 0.037 0.054
0.029 0.036 0.054
0.029 0.035 0.054
0.029 0.034 0.054
0.029 0.033 0.054
0.029 0.032 0.054
0.028 0.031 0.053
0.027 0.030 0.052
0.026 0.030 0.051
0.026 0.030 0.050
0.025 0.029 0.049
0.025 0.028 0.049
0.025 0.027 0.049
0.025 0.026 0.048
0.025 0.025 0.048
0.025 0.024 0.049
0.026 0.023 0.049
0.026 0.022 0.049
0.026 0.021 0.050
0.026 0.020 0.049
0.026 0.018 0.050
0.026 0.017 0.049
0.026 0.016 0.049
0.026 0.016 0.049
0.026 0.014 0.049
0.026 0.013 0.049
0.026 0.012 0.049
0.026 0.011 0.049
0.026 0.010 0.049
0.026 0.009 0.049
0.026 0.008 0.049
0.026 0.007 0.049
0.026 0.006 0.048
0.026 0.005 0.048
0.026 0.004 0.048
0.025 0.003 0.048
0.025 0.003 0.047
0.025 0.002 0.047
0.025 0.001 0.047
0.025 0.000 0.046
0.024 -0.001 0.046
0.024 -0.002 0.045
0.023 -0.002 0.044
0.022 -0.002 0.043
0.021 -0.002 0.042
0.021 -0.003 0.041
0.020 -0.003 0.040
0.019 -0.003 0.039
0.019 -0.004 0.038
0.018 -0.004 0.037
0.017 -0.004 0.035
0.016 -0.004 0.034
0.015 -0.004 0.033
0.014 -0.004 0.032
0.013 -0.004 0.031
0.013 -0.004 0.030
0.012 -0.004 0.028
0.011 -0.004 0.027
0.010 -0.005 0.026
0.009 -0.005 0.025
0.008 -0.005 0.024
0.007 -0.004 0.023
0.007 -0.005 0.022
0.006 -0.005 0.020
0.005 -0.005 0.019
0.005 -0.005 0.019
0.004 -0.005 0.018
0.003 -0.005 0.017
0.002 -0.005 0.015
0.002 -0.005 0.014
0.001 -0.005 0.013
0.000 -0.005 0.013
0.000 -0.005 0.012
-0.001 -0.005 0.011
-0.002 -0.005 0.010
-0.002 -0.005 0.009
-0.003 -0.005 0.008
-0.004 -0.005 0.007
-0.004 -0.005 0.006
-0.005 -0.005 0.005
-0.005 -0.005 0.005
-0.006 -0.005 0.004
-0.007 -0.005 0.003
-0.007 -0.005 0.002
-0.008 -0.005 0.002
-0.008 -0.005 0.001
-0.009 -0.006 0.000
-0.009 -0.006 -0.001
-0.010 -0.006 -0.001
-0.010 -0.006 -0.002
-0.011 -0.006 -0.003
-0.011 -0.006 -0.003
-0.012 -0.006 -0.004
-0.012 -0.006 -0.005
-0.013 -0.006 -0.005
-0.013 -0.006 -0.006
-0.014 -0.006 -0.007
-0.014 -0.006 -0.007
-0.015 -0.006 -0.008
-0.015 -0.006 -0.009
-0.015 -0.006 -0.009
-0.016 -0.006 -0.010
-0.016 -0.006 -0.011
-0.017 -0.006 -0.011
-0.017 -0.006 -0.012
-0.018 -0.006 -0.013
-0.018 -0.006 -0.013
-0.019 -0.006 -0.014
-0.019 -0.007 -0.014
-0.019 -0.007 -0.015
-0.020 -0.007 -0.015
-0.020 -0.007 -0.016
-0.020 -0.007 -0.016
-0.021 -0.007 -0.017
-0.021 -0.007 -0.017
-0.022 -0.007 -0.018
-0.022 -0.007 -0.018
-0.022 -0.007 -0.019
-0.023 -0.007 -0.020
-0.023 -0.007 -0.020
-0.023 -0.007 -0.020
-0.024 -0.007 -0.021
-0.024 -0.007 -0.022
-0.025 -0.007 -0.022
-0.025 -0.007 -0.023
-0.026 -0.006 -0.023
-0.026 -0.007 -0.024
-0.026 -0.007 -0.024
-0.026 -0.007 -0.025
-0.027 -0.007 -0.025
-0.027 -0.006 -0.026
-0.028 -0.006 -0.027
-0.028 -0.006 -0.027
-0.029 -0.005 -0.028
-0.030 -0.005 -0.029
-0.031 -0.003 -0.030
-0.032 -0.001 -0.032
-0.029 -0.009 -0.028
0.254 0.227 0.381
0.254 0.224 0.381
0.254 0.222 0.380
0.253 0.220 0.380
0.253 0.217 0.379
0.253 0.215 0.379
0.253 0.213 0.379
0.253 0.211 0.378
0.253 0.208 0.378
0.252 0.206 0.378
0.252 0.204 0.378
0.252 0.202 0.377
0.252 0.199 0.377
0.252 0.197 0.377
0.252 0.195 0.376
0.252 0.192 0.376
0.252 0.190 0.376
0.252 0.188 0.375
0.252 0.186 0.375
0.252 0.183 0.375
0.251 0.181 0.375
0.251 0.179 0.374
0.251 0.176 0.374
0.251 0.174 0.374
0.251 0.172 0.374
0.251 0.169 0.374
0.251 0.167 0.373
0.251 0.165 0.373
0.251 0.162 0.373
0.251 0.160 0.373
0.251 0.157 0.372
0.251 0.155 0.372
0.251 0.153 0.372
0.251 0.150 0.372
0.251 0.148 0.371
0.251 0.145 0.371
0.251 0.143 0.371
0.251 0.141 0.371
0.251 0.138 0.371
0.251 0.136 0.371
0.251 0.133 0.371
0.251 0.131 0.370
0.250 0.129 0.370
0.250 0.126 0.369
0.250 0.124 0.369
0.250 0.121 0.369
0.251 0.119 0.369
0.251 0.116 0.370
0.251 0.114 0.370
0.251 0.111 0.369
0.251 0.109 0.369
0.250 0.106 0.368
0.251 0.104 0.368
0.251 0.101 0.368
0.250 0.099 0.368
0.250 0.096 0.368
0.250 0.094 0.367
0.250 0.091 0.366
0.249 0.089 0.366
0.250 0.086 0.366
0.250 0.083 0.366
0.250 0.081 0.366
0.249 0.078 0.365
0.249 0.076 0.364
0.248 0.073 0.363
0.247 0.071 0.361
0.247 0.068 0.360
0.246 0.066 0.359
0.245 0.063 0.358
0.245 0.060 0.358
0.244 0.058 0.356
0.244 0.055 0.356
0.244 0.053 0.356
0.245 0.050 0.357
0.245 0.047 0.357
0.244 0.045 0.355
0.241 0.043 0.351
0.237 0.041 0.346
0.240 0.038 0.349
0.240 0.035 0.349
0.192 0.041 0.283
0.035 0.069 0.067
0.035 0.068 0.066
0.032 0.068 0.063
0.033 0.067 0.064
0.032 0.066 0.062
0.031 0.065 0.061
0.031 0.064 0.061
0.031 0.064 0.061
0.031 0.063 0.060
0.031 0.062 0.060
0.030 0.061 0.059
0.030 0.060 0.059
0.030 0.059 0.059
0.030 0.058 0.059
0.030 0.058 0.058
0.030 0.057 0.058
0.029 0.056 0.058
0.029 0.055 0.057
0.029 0.054 0.057
0.029 0.053 0.056
0.028 0.053 0.056
0.028 0.052 0.056
0.028 0.051 0.056
0.028 0.050 0.056
0.028 0.049 0.056
0.028 0.048 0.056
0.029 0.047 0.056
0.028 0.046 0.056
0.028 0.045 0.056
0.028 0.044 0.056
0.028 0.043 0.056
0.028 0.042 0.055
0.028 0.041 0.055
0.028 0.041 0.055
0.028 0.039 0.055
0.028 0.038 0.055
0.028 0.037 0.055
0.028 0.037 0.055
0.028 0.036 0.055
0.028 0.035 0.055
0.028 0.034 0.055
0.028 0.033 0.055
0.028 0.032 0.055
0.028 0.031 0.054
0.027 0.031 0.053
0.026 0.030 0.051
0.025 0.030 0.050
0.025 0.029 0.050
0.024 0.028 0.049
0.024 0.027 0.049
0.024 0.026 0.048
0.024 0.025 0.048
0.024 0.024 0.049
0.025 0.023 0.049
0.025 0.022 0.049
0.025 0.021 0.049
0.025 0.020 0.049
0.025 0.019 0.049
0.025 0.018 0.049
0.025 0.017 0.049
0.025 0.016 0.049
0.025 0.015 0.049
0.025 0.014 0.049
0.025 0.012 0.049
0.025 0.011 0.049
0.025 0.010 0.049
0.025 0.010 0.049
0.025 0.009 0.049
0.025 0.007 0.049
0.025 0.006 0.048
0.025 0.005 0.048
0.025 0.004 0.048
0.025 0.004 0.048
0.024 0.003 0.047
0.024 0.002 0.047
0.024 0.001 0.047
0.024 0.000 0.047
0.024 -0.001 0.046
0.023 -0.001 0.045
0.022 -0.002 0.044
0.022 -0.002 0.043
0.021 -0.002 0.042
0.020 -0.003 0.041
0.019 -0.003 0.040
0.019 -0.003 0.039
0.018 -0.004 0.038
0.017 -0.004 0.037
0.016 -0.004 0.036
0.015 -0.004 0.034
0.015 -0.004 0.033
0.014 -0.004 0.032
0.013 -0.004 0.031
0.012 -0.004 0.030
0.011 -0.004 0.029
0.010 -0.005 0.027
0.010 -0.005 0.026
0.009 -0.005 0.025
0.008 -0.005 0.024
0.007 -0.005 0.023
0.006 -0.005 0.022
0.006 -0.005 0.021
0.005 -0.005 0.020
0.004 -0.005 0.019
0.003 -0.005 0.018
0.003 -0.005 0.017
0.002 -0.005 0.016
0.001 -0.005 0.015
0.001 -0.005 0.014
0.000 -0.005 0.013
-0.001 -0.005 0.012
-0.001 -0.005 0.011
-0.002 -0.005 0.010
-0.003 -0.005 0.009
-0.003 -0.005 0.008
-0.004 -0.005 0.007
-0.005 -0.005 0.007
-0.005 -0.005 0.006
-0.006 -0.005 0.005
-0.006 -0.005 0.004
-0.007 -0.005 0.003
-0.007 -0.005 0.003
-0.008 -0.005 0.002
-0.008 -0.006 0.001
-0.009 -0.006 0.000
-0.009 -0.006 0.000
-0.010 -0.006 -0.001
-0.010 -0.006 -0.002
-0.011 -0.006 -0.002
-0.011 -0.006 -0.003
-0.012 -0.006 -0.004
-0.012 -0.006 -0.004
-0.013 -0.006 -0.005
-0.013 -0.006 -0.006
-0.014 -0.006 -0.006
-0.014 -0.006 -0.007
-0.015 -0.006 -0.008
-0.015 -0.006 -0.008
-0.016 -0.006 -0.009
-0.016 -0.006 -0.010
-0.017 -0.006 -0.010
-0.017 -0.006 -0.011
-0.018 -0.006 -0.012
-0.018 -0.006 -0.012
-0.018 -0.007 -0.013
-0.019 -0.007 -0.013
-0.019 -0.007 -0.014
-0.019 -0.007 -0.014
-0.020 -0.007 -0.015
-0.020 -0.007 -0.015
-0.021 -0.007 -0.016
-0.021 -0.007 -0.017
-0.021 -0.007 -0.017
-0.022 -0.007 -0.018
-0.022 -0.007 -0.018
-0.023 -0.007 -0.019
-0.023 -0.007 -0.019
-0.024 -0.007 -0.020
-0.024 -0.007 -0.020
-0.024 -0.007 -0.021
-0.025 -0.007 -0.021
-0.025 -0.007 -0.022
-0.026 -0.007 -0.023
-0.026 -0.006 -0.023
-0.026 -0.007 -0.024
-0.027 -0.007 -0.024
-0.027 -0.007 -0.024
-0.027 -0.007 -0.025
-0.028 -0.006 -0.026
-0.028 -0.006 -0.026
-0.029 -0.006 -0.027
-0.029 -0.005 -0.028
-0.030 -0.005 -0.029
-0.031 -0.003 -0.030
-0.032 -0.001 -0.031
-0.029 -0.009 -0.028
0.252 0.227 0.382
0.253 0.224 0.382
0.252 0.222 0.381
0.252 0.220 0.381
0.252 0.217 0.380
0.252 0.215 0.380
0.251 0.213 0.380
0.252 0.211 0.379
0.251 0.208 0.379
0.251 0.206 0.379
0.251 0.204 0.378
0.251 0.202 0.378
0.251 0.199 0.378
0.251 0.197 0.378
0.251 0.195 0.377
0.251 0.192 0.377
0.250 0.190 0.377
0.250 0.188 0.376
0.250 0.186 0.376
0.250 0.183 0.376
0.250 0.181 0.376
0.250 0.179 0.375
0.250 0.176 0.375
0.250 0.174 0.375
0.250 0.172 0.375
0.250 0.169 0.375
0.250 0.167 0.375
0.250 0.165 0.374
0.250 0.162 0.374
0.250 0.160 0.374
0.250 0.157 0.374
0.250 0.155 0.373
0.250 0.153 0.373
0.250 0.150 0.373
0.250 0.148 0.373
0.249 0.145 0.372
0.250 0.143 0.373
0.249 0.141 0.372
0.250 0.138 0.372
0.249 0.136 0.372
0.250 0.133 0.372
0.249 0.131 0.372
0.249 0.129 0.371
0.249 0.126 0.371
0.249 0.124 0.371
0.249 0.121 0.370
0.250 0.119 0.371
0.250 0.116 0.371
0.250 0.114 0.371
0.250 0.111 0.371
0.250 0.109 0.370
0.249 0.106 0.370
0.249 0.104 0.369
0.249 0.101 0.369
0.249 0.099 0.369
0.248 0.096 0.368
0.248 0.094 0.367
0.248 0.091 0.366
0.247 0.089 0.366
0.248 0.086 0.366
0.248 0.083 0.367
0.248 0.081 0.367
0.248 0.078 0.366
0.248 0.076 0.366
0.248 0.073 0.366
0.248 0.070 0.365
0.247 0.068 0.364
0.246 0.065 0.362
0.244 0.063 0.360
0.244 0.060 0.359
0.243 0.058 0.358
0.243 0.055 0.358
0.243 0.053 0.358
0.244 0.050 0.358
0.244 0.047 0.358
0.242 0.045 0.355
0.237 0.043 0.349
0.235 0.041 0.345
0.235 0.038 0.346
0.226 0.037 0.333
0.030 0.071 0.061
0.034 0.069 0.066
0.031 0.069 0.062
0.033 0.068 0.064
0.031 0.067 0.062
0.031 0.066 0.061
0.031 0.065 0.061
0.030 0.065 0.061
0.030 0.064 0.060
0.030 0.063 0.060
0.030 0.062 0.060
0.029 0.061 0.059
0.029 0.060 0.059
0.029 0.059 0.059
0.029 0.058 0.059
0.029 0.058 0.059
0.029 0.057 0.058
0.029 0.056 0.058
0.028 0.055 0.057
0.028 0.054 0.057
0.028 0.053 0.057
0.028 0.053 0.056
0.028 0.052 0.056
0.028 0.051 0.056
0.028 0.050 0.056
0.028 0.049 0.056
0.028 0.048 0.056
0.028 0.047 0.056
0.028 0.046 0.056
0.028 0.045 0.056
0.028 0.044 0.056
0.028 0.043 0.056
0.028 0.042 0.056
0.028 0.041 0.055
0.028 0.040 0.055
0.028 0.039 0.055
0.028 0.038 0.055
0.028 0.037 0.055
0.028 0.037 0.055
0.028 0.036 0.055
0.028 0.035 0.055
0.028 0.034 0.055
0.028 0.033 0.055
0.028 0.032 0.055
0.027 0.031 0.054
0.026 0.031 0.053
0.025 0.030 0.051
0.025 0.030 0.050
0.024 0.029 0.050
0.024 0.028 0.049
0.024 0.027 0.049
0.023 0.026 0.048
0.023 0.025 0.048
0.024 0.024 0.049
0.024 0.023 0.049
0.024 0.022 0.049
0.024 0.021 0.049
0.024 0.020 0.049
0.024 0.019 0.049
0.024 0.018 0.049
0.024 0.017 0.049
0.024 0.016 0.049
0.024 0.015 0.049
0.025 0.014 0.049
0.025 0.013 0.049
0.025 0.012 0.049
0.025 0.011 0.049
0.024 0.010 0.049
0.024 0.009 0.049
0.024 0.008 0.049
0.024 0.007 0.049
0.024 0.006 0.048
0.024 0.005 0.048
0.024 0.004 0.048
0.024 0.003 0.048
0.024 0.002 0.047
0.024 0.001 0.047
0.023 0.000 0.047
0.023 -0.001 0.046
0.023 -0.001 0.046
0.022 -0.002 0.045
0.021 -0.002 0.043
0.020 -0.002 0.042
0.019 -0.002 0.041
0.019 -0.003 0.040
0.018 -0.003 0.039
0.017 -0.004 0.038
0.017 -0.004 0.037
0.016 -0.004 0.036
0.015 -0.004 0.035
0.014 -0.004 0.034
0.013 -0.004 0.032
0.012 -0.004 0.031
0.012 -0.004 0.030
0.011 -0.004 0.029
0.010 -0.005 0.028
0.009 -0.005 0.027
0.008 -0.005 0.025
0.007 -0.005 0.024
0.007 -0.005 0.023
0.006 -0.005 0.022
0.005 -0.005 0.021
0.004 -0.005 0.020
0.004 -0.005 0.019
0.003 -0.005 0.018
0.002 -0.005 0.017
0.002 -0.005 0.016
0.001 -0.005 0.015
0.000 -0.005 0.014
0.000 -0.005 0.013
-0.001 -0.005 0.012
-0.002 -0.005 0.011
-0.002 -0.005 0.011
-0.003 -0.005 0.010
-0.004 -0.005 0.009
-0.004 -0.005 0.008
-0.005 -0.005 0.007
-0.005 -0.006 0.006
-0.006 -0.006 0.006
-0.007 -0.006 0.005
-0.007 -0.005 0.004
-0.008 -0.005 0.003
-0.008 -0.005 0.002
-0.009 -0.006 0.001
-0.009 -0.006 0.001
-0.010 -0.006 0.000
-0.010 -0.006 -0.001
-0.011 -0.006 -0.001
-0.011 -0.006 -0.002
-0.012 -0.006 -0.003
-0.012 -0.006 -0.003
-0.013 -0.006 -0.004
-0.013 -0.006 -0.005
-0.014 -0.006 -0.005
-0.014 -0.006 -0.006
-0.015 -0.006 -0.007
-0.015 -0.006 -0.008
-0.016 -0.006 -0.008
-0.016 -0.006 -0.009
-0.017 -0.006 -0.010
-0.017 -0.006 -0.010
-0.017 -0.007 -0.011
-0.018 -0.006 -0.011
-0.018 -0.006 -0.012
-0.019 -0.007 -0.013
-0.019 -0.007 -0.013
-0.019 -0.007 -0.013
-0.020 -0.007 -0.014
-0.020 -0.007 -0.015
-0.021 -0.007 -0.015
-0.021 -0.007 -0.016
-0.021 -0.007 -0.016
-0.022 -0.007 -0.017
-0.022 -0.007 -0.017
-0.023 -0.007 -0.018
-0.023 -0.007 -0.019
-0.023 -0.007 -0.019
-0.024 -0.007 -0.020
-0.024 -0.007 -0.020
-0.024 -0.007 -0.020
-0.025 -0.007 -0.021
-0.025 -0.007 -0.022
-0.026 -0.007 -0.023
-0.026 -0.006 -0.023
-0.027 -0.007 -0.024
-0.027 -0.007 -0.024
-0.027 -0.007 -0.024
-0.028 -0.007 -0.025
-0.028 -0.006 -0.026
-0.028 -0.006 -0.026
-0.029 -0.006 -0.027
-0.029 -0.005 -0.028
-0.030 -0.005 -0.028
-0.031 -0.003 -0.030
-0.032 -0.001 -0.031
-0.029 -0.009 -0.027
0.251 0.226 0.383
0.251 0.224 0.383
0.251 0.222 0.382
0.251 0.220 0.381
0.250 0.217 0.381
0.250 0.215 0.381
0.250 0.213 0.381
0.250 0.211 0.380
0.250 0.208 0.380
0.250 0.206 0.380
0.250 0.204 0.379
0.250 0.202 0.379
0.250 0.199 0.379
0.250 0.197 0.379
0.249 0.195 0.378
0.249 0.192 0.378
0.249 0.190 0.378
0.249 0.188 0.377
0.249 0.185 0.377
0.249 0.183 0.377
0.249 0.181 0.377
0.249 0.178 0.376
0.249 0.176 0.376
0.249 0.174 0.376
0.249 0.172 0.376
0.249 0.169 0.376
0.249 0.167 0.376
0.249 0.165 0.375
0.249 0.162 0.375
0.249 0.160 0.375
0.248 0.157 0.375
0.248 0.155 0.374
0.249 0.153 0.374
0.248 0.150 0.374
0.248 0.148 0.374
0.248 0.145 0.374
0.248 0.143 0.373
0.248 0.141 0.373
0.248 0.138 0.373
0.248 0.136 0.373
0.248 0.133 0.372
0.248 0.131 0.372
0.248 0.128 0.372
0.248 0.126 0.372
0.248 0.124 0.372
0.248 0.121 0.372
0.248 0.119 0.372
0.248 0.116 0.371
0.248 0.114 0.371
0.248 0.111 0.371
0.248 0.109 0.371
0.248 0.106 0.371
0.248 0.104 0.371
0.247 0.101 0.369
0.247 0.099 0.369
0.246 0.096 0.367
0.245 0.094 0.366
0.244 0.091 0.364
0.244 0.088 0.364
0.245 0.086 0.365
0.246 0.083 0.366
0.246 0.081 0.367
0.247 0.078 0.367
0.248 0.076 0.368
0.248 0.073 0.368
0.248 0.070 0.368
0.247 0.068 0.367
0.246 0.065 0.365
0.245 0.063 0.364
0.244 0.060 0.362
0.243 0.058 0.361
0.243 0.055 0.360
0.242 0.052 0.359
0.242 0.050 0.359
0.242 0.047 0.358
0.238 0.045 0.353
0.232 0.043 0.345
0.236 0.040 0.349
0.232 0.038 0.345
0.028 0.072 0.059
0.036 0.070 0.070
0.030 0.070 0.062
0.032 0.069 0.064
0.030 0.068 0.062
0.030 0.067 0.061
0.030 0.066 0.061
0.030 0.065 0.061
0.030 0.065 0.061
0.030 0.064 0.060
0.029 0.063 0.060
0.029 0.062 0.060
0.029 0.061 0.059
0.029 0.060 0.059
0.029 0.059 0.059
0.029 0.059 0.059
0.029 0.058 0.059
0.028 0.057 0.059
0.028 0.056 0.058
0.028 0.055 0.057
0.027 0.054 0.057
0.027 0.053 0.057
0.027 0.053 0.057
0.027 0.052 0.056
0.027 0.051 0.056
0.027 0.050 0.056
0.027 0.049 0.056
0.027 0.048 0.057
0.028 0.047 0.057
0.027 0.046 0.056
0.027 0.045 0.056
0.027 0.044 0.056
0.027 0.043 0.056
0.027 0.042 0.056
0.027 0.041 0.056
0.027 0.041 0.055
0.027 0.039 0.056
0.027 0.038 0.056
0.027 0.037 0.056
0.027 0.036 0.056
0.027 0.035 0.056
0.027 0.034 0.056
0.027 0.033 0.056
0.028 0.032 0.056
0.027 0.031 0.056
0.027 0.031 0.055
0.026 0.030 0.053
0.025 0.030 0.052
0.024 0.030 0.050
0.023 0.029 0.050
0.023 0.028 0.049
0.023 0.027 0.049
0.023 0.027 0.049
0.023 0.026 0.048
0.023 0.025 0.048
0.023 0.023 0.049
0.023 0.022 0.049
0.023 0.021 0.049
0.024 0.020 0.049
0.024 0.019 0.049
0.024 0.018 0.049
0.024 0.017 0.049
0.024 0.016 0.049
0.024 0.015 0.049
0.024 0.014 0.049
0.024 0.013 0.049
0.024 0.012 0.049
0.024 0.011 0.049
0.024 0.010 0.049
0.024 0.009 0.049
0.024 0.008 0.049
0.024 0.007 0.049
0.024 0.006 0.048
0.023 0.005 0.048
0.023 0.004 0.048
0.023 0.003 0.048
0.023 0.002 0.047
0.023 0.001 0.047
0.023 0.000 0.047
0.022 -0.001 0.046
0.022 -0.001 0.046
0.021 -0.002 0.045
0.021 -0.002 0.044
0.020 -0.002 0.043
0.019 -0.002 0.041
0.018 -0.003 0.040
0.018 -0.003 0.040
0.017 -0.004 0.039
0.016 -0.004 0.038
0.015 -0.004 0.036
0.015 -0.004 0.035
0.014 -0.004 0.034
0.013 -0.004 0.033
0.012 -0.004 0.032
0.011 -0.004 0.030
0.010 -0.004 0.029
0.010 -0.005 0.028
0.009 -0.005 0.027
0.008 -0.004 0.026
0.007 -0.005 0.025
0.006 -0.005 0.024
0.006 -0.005 0.023
0.005 -0.005 0.021
0.004 -0.005 0.020
0.003 -0.005 0.019
0.003 -0.005 0.018
0.002 -0.005 0.017
0.001 -0.005 0.016
0.001 -0.005 0.015
0.000 -0.005 0.014
-0.001 -0.005 0.014
-0.001 -0.005 0.013
-0.002 -0.005 0.012
-0.003 -0.005 0.011
-0.003 -0.005 0.010
-0.004 -0.005 0.009
-0.005 -0.005 0.008
-0.005 -0.005 0.007
-0.006 -0.005 0.006
-0.006 -0.006 0.006
-0.007 -0.006 0.005
-0.008 -0.005 0.004
-0.008 -0.006 0.003
-0.009 -0.006 0.002
-0.009 -0.006 0.002
-0.010 -0.006 0.001
-0.010 -0.006 0.000
-0.011 -0.006 0.000
-0.011 -0.006 -0.001
-0.011 -0.006 -0.002
-0.012 -0.006 -0.002
-0.012 -0.006 -0.003
-0.013 -0.007 -0.004
-0.013 -0.006 -0.004
-0.014 -0.006 -0.005
-0.014 -0.006 -0.006
-0.015 -0.006 -0.007
-0.015 -0.006 -0.007
-0.016 -0.006 -0.008
-0.016 -0.006 -0.009
-0.017 -0.006 -0.009
-0.017 -0.006 -0.010
-0.018 -0.007 -0.010
-0.018 -0.007 -0.011
-0.019 -0.007 -0.012
-0.019 -0.007 -0.012
-0.019 -0.007 -0.013
-0.020 -0.007 -0.013
-0.020 -0.007 -0.014
-0.020 -0.007 -0.014
-0.021 -0.007 -0.015
-0.021 -0.007 -0.016
-0.022 -0.007 -0.016
-0.022 -0.007 -0.017
-0.022 -0.007 -0.017
-0.023 -0.007 -0.018
-0.023 -0.007 -0.018
-0.024 -0.007 -0.019
-0.024 -0.007 -0.020
-0.024 -0.007 -0.020
-0.025 -0.007 -0.020
-0.025 -0.007 -0.021
-0.026 -0.007 -0.022
-0.026 -0.006 -0.022
-0.027 -0.007 -0.023
-0.027 -0.007 -0.023
-0.027 -0.007 -0.024
-0.027 -0.007 -0.024
-0.028 -0.007 -0.025
-0.028 -0.006 -0.025
-0.029 -0.006 -0.026
-0.029 -0.006 -0.026
-0.030 -0.006 -0.027
-0.030 -0.005 -0.028
-0.032 -0.003 -0.030
-0.033 -0.001 -0.031
-0.029 -0.009 -0.027
0.250 0.226 0.383
0.250 0.224 0.384
0.250 0.222 0.383
0.249 0.220 0.383
0.249 0.217 0.382
0.249 0.215 0.382
0.249 0.213 0.381
0.249 0.211 0.381
0.249 0.208 0.381
0.249 0.206 0.381
0.249 0.204 0.381
0.249 0.202 0.380
0.248 0.199 0.380
0.248 0.197 0.380
0.248 0.195 0.379
0.248 0.192 0.379
0.248 0.190 0.379
0.248 0.188 0.378
0.248 0.185 0.378
0.248 0.183 0.378
0.248 0.181 0.378
0.247 0.178 0.377
0.248 0.176 0.377
0.248 0.174 0.377
0.247 0.171 0.377
0.247 0.169 0.377
0.247 0.167 0.376
0.247 0.164 0.376
0.247 0.162 0.376
0.247 0.160 0.376
0.247 0.157 0.376
0.247 0.155 0.375
0.247 0.153 0.375
0.247 0.150 0.375
0.247 0.148 0.375
0.247 0.145 0.375
0.247 0.143 0.374
0.247 0.141 0.374
0.247 0.138 0.374
0.247 0.136 0.374
0.247 0.133 0.373
0.246 0.131 0.373
0.246 0.128 0.373
0.246 0.126 0.373
0.247 0.124 0.373
0.247 0.121 0.373
0.247 0.119 0.373
0.246 0.116 0.372
0.246 0.114 0.372
0.246 0.111 0.371
0.246 0.109 0.372
0.246 0.106 0.371
0.246 0.104 0.371
0.245 0.101 0.370
0.244 0.098 0.367
0.242 0.096 0.365
0.241 0.093 0.362
0.240 0.091 0.361
0.242 0.088 0.365
0.246 0.086 0.369
0.246 0.083 0.370
0.245 0.081 0.368
0.244 0.078 0.366
0.245 0.076 0.367
0.245 0.073 0.367
0.246 0.070 0.369
0.246 0.068 0.368
0.246 0.065 0.368
0.245 0.063 0.367
0.244 0.060 0.365
0.243 0.057 0.363
0.241 0.055 0.361
0.240 0.052 0.360
0.239 0.050 0.358
0.238 0.048 0.356
0.234 0.045 0.350
0.233 0.043 0.348
0.236 0.040 0.352
0.048 0.069 0.088
0.037 0.070 0.072
0.032 0.070 0.065
0.032 0.069 0.066
0.030 0.069 0.062
0.029 0.068 0.061
0.029 0.067 0.061
0.029 0.066 0.061
0.029 0.065 0.061
0.029 0.065 0.061
0.029 0.064 0.061
0.029 0.063 0.060
0.028 0.062 0.059
0.028 0.061 0.059
0.028 0.060 0.059
0.028 0.059 0.059
0.028 0.059 0.059
0.028 0.058 0.059
0.028 0.057 0.059
0.027 0.056 0.058
0.027 0.055 0.057
0.027 0.054 0.057
0.027 0.053 0.057
0.027 0.053 0.057
0.027 0.052 0.057
0.027 0.051 0.057
0.027 0.050 0.057
0.027 0.049 0.057
0.027 0.048 0.057
0.027 0.047 0.057
0.027 0.046 0.056
0.027 0.045 0.056
0.027 0.044 0.056
0.027 0.043 0.056
0.027 0.042 0.056
0.027 0.041 0.056
0.027 0.040 0.056
0.026 0.040 0.056
0.027 0.038 0.056
0.027 0.037 0.056
0.027 0.036 0.056
0.027 0.035 0.056
0.027 0.034 0.056
0.027 0.033 0.056
0.027 0.032 0.056
0.027 0.031 0.056
0.027 0.031 0.055
0.025 0.030 0.054
0.024 0.030 0.052
0.023 0.030 0.051
0.023 0.029 0.050
0.022 0.028 0.049
0.022 0.027 0.049
0.022 0.027 0.049
0.022 0.026 0.048
0.022 0.025 0.048
0.022 0.024 0.049
0.022 0.023 0.049
0.023 0.021 0.049
0.023 0.020 0.049
0.023 0.019 0.050
0.023 0.018 0.050
0.023 0.017 0.050
0.023 0.016 0.049
0.023 0.015 0.049
0.023 0.014 0.049
0.023 0.013 0.050
0.023 0.012 0.050
0.023 0.011 0.049
0.023 0.010 0.049
0.023 0.009 0.049
0.023 0.008 0.049
0.023 0.007 0.049
0.023 0.006 0.049
0.023 0.005 0.048
0.023 0.004 0.048
0.023 0.003 0.048
0.023 0.002 0.048
0.022 0.001 0.047
0.022 0.000 0.047
0.022 -0.001 0.047
0.022 -0.001 0.046
0.021 -0.002 0.045
0.020 -0.002 0.044
0.019 -0.002 0.043
0.019 -0.003 0.042
0.018 -0.003 0.041
0.017 -0.003 0.040
0.017 -0.004 0.039
0.016 -0.004 0.038
0.015 -0.004 0.037
0.014 -0.004 0.036
0.013 -0.004 0.034
0.012 -0.004 0.033
0.012 -0.004 0.032
0.011 -0.004 0.031
0.010 -0.004 0.029
0.009 -0.004 0.028
0.008 -0.004 0.027
0.007 -0.005 0.026
0.007 -0.005 0.025
0.006 -0.005 0.024
0.005 -0.005 0.023
0.004 -0.005 0.022
0.004 -0.005 0.021
0.003 -0.005 0.020
0.002 -0.005 0.019
0.002 -0.005 0.018
0.001 -0.005 0.017
0.000 -0.005 0.016
-0.001 -0.005 0.015
-0.001 -0.005 0.014
-0.002 -0.005 0.013
-0.002 -0.005 0.012
-0.003 -0.005 0.011
-0.004 -0.005 0.010
-0.004 -0.005 0.009
-0.005 -0.005 0.008
-0.006 -0.005 0.007
-0.006 -0.005 0.007
-0.007 -0.005 0.006
-0.007 -0.006 0.005
-0.008 -0.005 0.004
-0.008 -0.006 0.003
-0.009 -0.005 0.003
-0.009 -0.006 0.002
-0.010 -0.006 0.001
-0.010 -0.006 0.001
-0.011 -0.006 0.000
-0.011 -0.006 -0.001
-0.012 -0.006 -0.001
-0.012 -0.006 -0.002
-0.013 -0.006 -0.003
-0.013 -0.006 -0.004
-0.014 -0.006 -0.004
-0.014 -0.006 -0.005
-0.015 -0.006 -0.006
-0.015 -0.006 -0.006
-0.016 -0.006 -0.007
-0.016 -0.006 -0.008
-0.017 -0.006 -0.008
-0.017 -0.006 -0.009
-0.018 -0.007 -0.010
-0.018 -0.007 -0.010
-0.018 -0.007 -0.011
-0.019 -0.007 -0.011
-0.019 -0.007 -0.012
-0.020 -0.007 -0.012
-0.020 -0.007 -0.013
-0.020 -0.007 -0.014
-0.021 -0.007 -0.014
-0.021 -0.007 -0.015
-0.022 -0.007 -0.015
-0.022 -0.007 -0.016
-0.022 -0.007 -0.016
-0.023 -0.007 -0.017
-0.023 -0.007 -0.018
-0.024 -0.007 -0.018
-0.024 -0.007 -0.019
-0.024 -0.007 -0.019
-0.025 -0.007 -0.020
-0.025 -0.007 -0.020
-0.025 -0.007 -0.021
-0.026 -0.007 -0.021
-0.026 -0.007 -0.022
-0.027 -0.007 -0.023
-0.027 -0.007 -0.023
-0.027 -0.007 -0.024
-0.028 -0.007 -0.024
-0.028 -0.007 -0.025
-0.029 -0.006 -0.025
-0.029 -0.006 -0.026
-0.029 -0.006 -0.026
-0.030 -0.006 -0.027
-0.031 -0.005 -0.028
-0.032 -0.003 -0.029
-0.033 -0.001 -0.031
-0.029 -0.010 -0.027
0.248 0.226 0.384
0.249 0.224 0.385
0.248 0.222 0.384
0.248 0.220 0.383
0.248 0.217 0.383
0.248 0.215 0.383
0.248 0.213 0.382
0.248 0.211 0.382
0.248 0.208 0.382
0.248 0.206 0.382
0.247 0.204 0.381
0.247 0.201 0.381
0.247 0.199 0.381
0.247 0.197 0.381
0.247 0.195 0.380
0.247 0.192 0.380
0.247 0.190 0.380
0.247 0.188 0.379
0.247 0.185 0.379
0.246 0.183 0.379
0.246 0.181 0.379
0.246 0.178 0.378
0.246 0.176 0.378
0.246 0.174 0.378
0.246 0.171 0.378
0.246 0.169 0.377
0.246 0.167 0.377
0.246 0.164 0.377
0.246 0.162 0.377
0.246 0.160 0.377
0.246 0.157 0.377
0.246 0.155 0.376
0.246 0.153 0.376
0.246 0.150 0.376
0.246 0.148 0.376
0.246 0.145 0.376
0.246 0.143 0.375
0.245 0.141 0.375
0.245 0.138 0.375
0.245 0.136 0.374
0.245 0.133 0.374
0.245 0.131 0.373
0.245 0.128 0.373
0.245 0.126 0.374
0.246 0.124 0.374
0.246 0.121 0.374
0.245 0.119 0.373
0.244 0.116 0.372
0.244 0.114 0.372
0.244 0.111 0.372
0.244 0.109 0.371
0.244 0.106 0.371
0.243 0.103 0.370
0.242 0.101 0.367
0.243 0.098 0.368
0.243 0.096 0.368
0.240 0.093 0.365
0.230 0.091 0.350
0.215 0.088 0.329
0.206 0.086 0.316
0.202 0.084 0.310
0.203 0.082 0.312
0.219 0.079 0.333
0.233 0.076 0.353
0.240 0.073 0.363
0.242 0.070 0.366
0.242 0.068 0.365
0.244 0.065 0.369
0.244 0.062 0.368
0.243 0.060 0.366
0.242 0.057 0.365
0.240 0.055 0.362
0.238 0.053 0.359
0.236 0.050 0.356
0.233 0.048 0.352
0.228 0.046 0.345
0.233 0.043 0.351
0.233 0.040 0.351
0.032 0.072 0.066
0.033 0.071 0.068
0.033 0.070 0.068
0.031 0.069 0.064
0.029 0.069 0.062
0.029 0.068 0.062
0.029 0.067 0.062
0.029 0.066 0.062
0.029 0.065 0.061
0.029 0.065 0.061
0.028 0.064 0.061
0.028 0.063 0.060
0.028 0.062 0.060
0.027 0.061 0.059
0.027 0.060 0.059
0.027 0.059 0.059
0.027 0.059 0.059
0.027 0.058 0.059
0.027 0.057 0.059
0.027 0.056 0.058
0.027 0.055 0.058
0.026 0.054 0.058
0.026 0.053 0.057
0.026 0.053 0.057
0.026 0.052 0.057
0.026 0.051 0.057
0.026 0.050 0.057
0.026 0.049 0.057
0.026 0.048 0.057
0.026 0.047 0.057
0.026 0.046 0.057
0.026 0.045 0.056
0.026 0.044 0.056
0.026 0.043 0.056
0.026 0.042 0.056
0.026 0.041 0.056
0.026 0.041 0.056
0.026 0.040 0.056
0.026 0.039 0.056
0.026 0.037 0.056
0.026 0.036 0.056
0.026 0.035 0.056
0.027 0.034 0.056
0.027 0.033 0.057
0.027 0.032 0.057
0.027 0.031 0.057
0.026 0.031 0.056
0.025 0.030 0.054
0.024 0.030 0.052
0.023 0.030 0.051
0.022 0.029 0.050
0.022 0.028 0.049
0.022 0.028 0.049
0.022 0.027 0.049
0.021 0.026 0.049
0.021 0.025 0.048
0.022 0.024 0.049
0.022 0.023 0.049
0.022 0.021 0.049
0.022 0.020 0.049
0.022 0.019 0.050
0.023 0.018 0.050
0.023 0.017 0.050
0.022 0.016 0.050
0.023 0.015 0.050
0.023 0.014 0.050
0.023 0.013 0.050
0.023 0.012 0.050
0.023 0.011 0.050
0.023 0.010 0.049
0.023 0.009 0.049
0.023 0.008 0.049
0.023 0.007 0.049
0.022 0.006 0.049
0.022 0.005 0.049
0.022 0.004 0.048
0.022 0.003 0.048
0.022 0.002 0.048
0.022 0.001 0.048
0.022 0.000 0.048
0.021 -0.001 0.047
0.021 -0.001 0.046
0.021 -0.002 0.046
0.020 -0.002 0.045
0.019 -0.002 0.043
0.018 -0.003 0.042
0.017 -0.003 0.041
0.017 -0.003 0.040
0.016 -0.004 0.039
0.015 -0.004 0.038
0.015 -0.004 0.037
0.014 -0.004 0.036
0.013 -0.004 0.035
0.012 -0.004 0.033
0.011 -0.004 0.032
0.010 -0.004 0.031
0.009 -0.004 0.030
0.009 -0.004 0.029
0.008 -0.005 0.027
0.007 -0.005 0.026
0.006 -0.005 0.025
0.006 -0.005 0.024
0.005 -0.005 0.023
0.004 -0.005 0.022
0.003 -0.005 0.021
0.003 -0.005 0.020
0.002 -0.005 0.019
0.001 -0.005 0.018
0.000 -0.005 0.017
0.000 -0.005 0.016
-0.001 -0.005 0.015
-0.001 -0.005 0.014
-0.002 -0.005 0.013
-0.003 -0.005 0.012
-0.004 -0.005 0.011
-0.004 -0.005 0.010
-0.005 -0.005 0.010
-0.005 -0.005 0.009
-0.006 -0.005 0.008
-0.007 -0.005 0.007
-0.007 -0.005 0.006
-0.008 -0.005 0.005
-0.008 -0.005 0.004
-0.009 -0.005 0.004
-0.009 -0.005 0.003
-0.010 -0.006 0.002
-0.010 -0.006 0.002
-0.011 -0.006 0.001
-0.011 -0.006 0.000
-0.012 -0.006 -0.001
-0.012 -0.006 -0.001
-0.013 -0.006 -0.002
-0.013 -0.006 -0.003
-0.014 -0.007 -0.003
-0.014 -0.007 -0.004
-0.015 -0.007 -0.005
-0.015 -0.006 -0.005
-0.016 -0.006 -0.006
-0.016 -0.006 -0.007
-0.017 -0.006 -0.007
-0.017 -0.006 -0.008
-0.017 -0.006 -0.009
-0.018 -0.007 -0.009
-0.018 -0.007 -0.010
-0.019 -0.007 -0.010
-0.019 -0.007 -0.011
-0.019 -0.007 -0.011
-0.020 -0.007 -0.012
-0.020 -0.007 -0.013
-0.021 -0.007 -0.013
-0.021 -0.007 -0.014
-0.021 -0.007 -0.014
-0.022 -0.007 -0.015
-0.022 -0.007 -0.016
-0.023 -0.007 -0.016
-0.023 -0.007 -0.017
-0.023 -0.007 -0.017
-0.024 -0.007 -0.018
-0.024 -0.007 -0.019
-0.025 -0.007 -0.019
-0.025 -0.007 -0.019
-0.025 -0.007 -0.020
-0.026 -0.007 -0.021
-0.026 -0.007 -0.021
-0.027 -0.007 -0.022
-0.027 -0.007 -0.022
-0.027 -0.007 -0.023
-0.028 -0.007 -0.023
-0.028 -0.007 -0.024
-0.028 -0.006 -0.024
-0.029 -0.006 -0.025
-0.029 -0.006 -0.025
-0.029 -0.007 -0.026
-0.030 -0.006 -0.027
-0.031 -0.005 -0.028
-0.032 -0.003 -0.029
-0.033 -0.002 -0.030
-0.029 -0.010 -0.026
0.247 0.226 0.385
0.247 0.224 0.385
0.247 0.222 0.385
0.247 0.220 0.384
0.247 0.217 0.384
0.247 0.215 0.384
0.246 0.213 0.383
0.246 0.211 0.383
0.246 0.208 0.383
0.246 0.206 0.383
0.246 0.204 0.382
0.246 0.201 0.382
0.246 0.199 0.382
0.246 0.197 0.382
0.246 0.195 0.381
0.246 0.192 0.381
0.245 0.190 0.381
0.245 0.188 0.380
0.245 0.185 0.380
0.245 0.183 0.380
0.245 0.181 0.379
0.245 0.178 0.379
0.245 0.176 0.379
0.245 0.174 0.379
0.245 0.171 0.379
0.245 0.169 0.379
0.245 0.167 0.378
0.245 0.164 0.378
0.245 0.162 0.378
0.245 0.160 0.378
0.244 0.157 0.377
0.244 0.155 0.377
0.244 0.152 0.377
0.244 0.150 0.377
0.244 0.148 0.377
0.244 0.145 0.376
0.244 0.143 0.376
0.244 0.140 0.376
0.244 0.138 0.375
0.244 0.136 0.375
0.244 0.133 0.375
0.243 0.131 0.374
0.244 0.128 0.374
0.244 0.126 0.374
0.244 0.123 0.375
0.244 0.121 0.375
0.244 0.118 0.374
0.243 0.116 0.372
0.243 0.113 0.372
0.243 0.111 0.372
0.243 0.108 0.372
0.243 0.106 0.372
0.241 0.103 0.370
0.240 0.101 0.368
0.237 0.098 0.363
0.226 0.096 0.347
0.199 0.093 0.308
0.175 0.091 0.274
0.165 0.089 0.260
0.162 0.087 0.256
0.163 0.085 0.256
0.166 0.083 0.260
0.170 0.081 0.266
0.177 0.078 0.276
0.191 0.076 0.296
0.220 0.072 0.337
0.233 0.068 0.355
0.241 0.065 0.367
0.240 0.063 0.366
0.238 0.060 0.362
0.239 0.057 0.364
0.237 0.055 0.361
0.236 0.053 0.359
0.232 0.050 0.354
0.229 0.048 0.349
0.226 0.046 0.345
0.230 0.043 0.350
0.215 0.043 0.329
0.038 0.071 0.075
0.034 0.071 0.070
0.031 0.070 0.066
0.030 0.070 0.064
0.029 0.069 0.063
0.028 0.068 0.062
0.028 0.067 0.062
0.028 0.066 0.062
0.028 0.065 0.062
0.028 0.065 0.061
0.028 0.064 0.061
0.027 0.063 0.060
0.027 0.062 0.060
0.027 0.061 0.060
0.027 0.060 0.059
0.027 0.059 0.059
0.027 0.059 0.059
0.027 0.058 0.059
0.027 0.057 0.059
0.026 0.056 0.058
0.026 0.055 0.058
0.026 0.054 0.058
0.026 0.053 0.057
0.026 0.053 0.057
0.026 0.052 0.057
0.026 0.051 0.057
0.026 0.050 0.057
0.026 0.049 0.057
0.026 0.048 0.057
0.026 0.047 0.057
0.026 0.046 0.057
0.026 0.045 0.057
0.026 0.044 0.057
0.026 0.043 0.057
0.026 0.042 0.056
0.026 0.041 0.056
0.025 0.041 0.056
0.025 0.040 0.056
0.026 0.039 0.056
0.026 0.037 0.057
0.026 0.036 0.057
0.026 0.035 0.057
0.026 0.034 0.057
0.026 0.033 0.057
0.026 0.032 0.057
0.027 0.031 0.057
0.026 0.031 0.056
0.024 0.030 0.054
0.023 0.030 0.052
0.022 0.030 0.051
0.022 0.029 0.050
0.021 0.028 0.050
0.021 0.027 0.050
0.021 0.027 0.049
0.021 0.026 0.049
0.021 0.025 0.049
0.021 0.024 0.049
0.021 0.023 0.049
0.022 0.021 0.050
0.022 0.020 0.050
0.022 0.019 0.050
0.022 0.018 0.050
0.022 0.017 0.050
0.022 0.016 0.050
0.022 0.015 0.050
0.022 0.014 0.050
0.022 0.013 0.050
0.022 0.012 0.050
0.022 0.011 0.050
0.022 0.010 0.050
0.022 0.009 0.049
0.022 0.008 0.050
0.022 0.007 0.049
0.022 0.006 0.049
0.022 0.005 0.049
0.022 0.004 0.049
0.022 0.003 0.049
0.021 0.002 0.048
0.021 0.001 0.048
0.021 0.000 0.048
0.021 0.000 0.047
0.020 -0.001 0.047
0.020 -0.002 0.046
0.019 -0.002 0.045
0.018 -0.002 0.044
0.018 -0.003 0.043
0.017 -0.003 0.042
0.016 -0.003 0.041
0.016 -0.004 0.040
0.015 -0.004 0.039
0.014 -0.004 0.037
0.013 -0.004 0.036
0.012 -0.004 0.035
0.012 -0.004 0.034
0.011 -0.004 0.032
0.010 -0.004 0.031
0.009 -0.004 0.030
0.008 -0.004 0.029
0.007 -0.005 0.028
0.007 -0.005 0.027
0.006 -0.005 0.026
0.005 -0.005 0.024
0.004 -0.005 0.023
0.004 -0.005 0.022
0.003 -0.005 0.021
0.002 -0.005 0.020
0.002 -0.005 0.019
0.001 -0.005 0.018
0.000 -0.005 0.017
-0.001 -0.005 0.016
-0.001 -0.005 0.015
-0.002 -0.005 0.014
-0.002 -0.005 0.014
-0.003 -0.005 0.013
-0.004 -0.005 0.012
-0.004 -0.005 0.011
-0.005 -0.005 0.010
-0.006 -0.005 0.009
-0.006 -0.005 0.008
-0.007 -0.005 0.007
-0.007 -0.006 0.006
-0.008 -0.005 0.006
-0.009 -0.005 0.005
-0.009 -0.006 0.004
-0.010 -0.006 0.003
-0.010 -0.006 0.003
-0.011 -0.006 0.002
-0.011 -0.006 0.001
-0.011 -0.006 0.001
-0.012 -0.006 0.000
-0.013 -0.006 -0.001
-0.013 -0.006 -0.002
-0.013 -0.006 -0.002
-0.014 -0.007 -0.003
-0.014 -0.007 -0.004
-0.015 -0.007 -0.004
-0.016 -0.006 -0.005
-0.016 -0.006 -0.006
-0.017 -0.006 -0.007
-0.017 -0.006 -0.007
-0.017 -0.007 -0.008
-0.018 -0.007 -0.008
-0.018 -0.007 -0.009
-0.018 -0.007 -0.010
-0.019 -0.007 -0.010
-0.019 -0.007 -0.011
-0.020 -0.007 -0.011
-0.020 -0.007 -0.012
-0.020 -0.007 -0.012
-0.021 -0.007 -0.013
-0.021 -0.007 -0.014
-0.022 -0.007 -0.014
-0.022 -0.007 -0.015
-0.023 -0.007 -0.015
-0.023 -0.007 -0.016
-0.023 -0.007 -0.017
-0.024 -0.007 -0.017
-0.024 -0.007 -0.018
-0.025 -0.007 -0.018
-0.025 -0.007 -0.019
-0.025 -0.007 -0.019
-0.026 -0.007 -0.020
-0.026 -0.007 -0.020
-0.027 -0.007 -0.021
-0.027 -0.007 -0.022
-0.027 -0.007 -0.022
-0.028 -0.007 -0.023
-0.028 -0.007 -0.023
-0.028 -0.007 -0.024
-0.029 -0.007 -0.024
-0.029 -0.006 -0.025
-0.029 -0.006 -0.025
-0.030 -0.007 -0.026
-0.030 -0.006 -0.026
-0.031 -0.005 -0.027
-0.032 -0.004 -0.029
-0.033 -0.002 -0.030
-0.030 -0.010 -0.026
0.246 0.226 0.386
0.246 0.224 0.386
0.246 0.222 0.386
0.246 0.220 0.385
0.245 0.217 0.385
0.245 0.215 0.385
0.245 0.213 0.384
0.245 0.211 0.384
0.245 0.208 0.384
0.245 0.206 0.384
0.245 0.204 0.383
0.245 0.201 0.383
0.245 0.199 0.383
0.245 0.197 0.382
0.244 0.195 0.382
0.244 0.192 0.382
0.244 0.190 0.381
0.244 0.188 0.381
0.244 0.185 0.381
0.244 0.183 0.381
0.244 0.181 0.380
0.244 0.178 0.380
0.244 0.176 0.380
0.244 0.174 0.380
0.243 0.171 0.379
0.243 0.169 0.379
0.243 0.167 0.379
0.243 0.164 0.379
0.243 0.162 0.379
0.243 0.160 0.379
0.243 0.157 0.378
0.243 0.155 0.378
0.243 0.152 0.378
0.243 0.150 0.377
0.243 0.148 0.377
0.243 0.145 0.377
0.243 0.143 0.377
0.243 0.140 0.377
0.243 0.138 0.376
0.242 0.136 0.376
0.242 0.133 0.376
0.242 0.131 0.375
0.242 0.128 0.375
0.242 0.126 0.375
0.243 0.123 0.376
0.243 0.121 0.376
0.242 0.118 0.375
0.241 0.116 0.373
0.241 0.113 0.373
0.241 0.111 0.372
0.240 0.108 0.371
0.240 0.106 0.371
0.239 0.103 0.369
0.231 0.101 0.357
0.184 0.097 0.289
0.160 0.094 0.254
0.158 0.092 0.252
0.157 0.091 0.250
0.158 0.089 0.252
0.158 0.087 0.251
0.160 0.085 0.254
0.162 0.083 0.257
0.163 0.081 0.258
0.166 0.079 0.262
0.169 0.077 0.266
0.166 0.075 0.262
0.165 0.073 0.261
0.175 0.070 0.274
0.222 0.064 0.342
0.233 0.060 0.358
0.234 0.058 0.360
0.231 0.055 0.356
0.231 0.053 0.355
0.230 0.051 0.353
0.227 0.048 0.348
0.224 0.046 0.345
0.228 0.043 0.350
0.200 0.045 0.310
0.037 0.071 0.076
0.034 0.070 0.072
0.031 0.070 0.066
0.029 0.070 0.064
0.028 0.069 0.063
0.028 0.068 0.062
0.028 0.067 0.062
0.028 0.066 0.062
0.028 0.065 0.062
0.027 0.065 0.061
0.027 0.064 0.061
0.027 0.063 0.060
0.027 0.062 0.060
0.026 0.061 0.060
0.026 0.060 0.060
0.026 0.059 0.060
0.026 0.059 0.059
0.026 0.058 0.059
0.026 0.057 0.059
0.026 0.056 0.058
0.026 0.055 0.058
0.025 0.054 0.058
0.025 0.053 0.058
0.025 0.053 0.058
0.025 0.052 0.057
0.025 0.051 0.057
0.025 0.050 0.058
0.025 0.049 0.058
0.025 0.048 0.057
0.025 0.047 0.057
0.025 0.046 0.057
0.025 0.045 0.057
0.025 0.044 0.057
0.025 0.043 0.057
0.025 0.042 0.057
0.025 0.041 0.057
0.025 0.040 0.057
0.025 0.040 0.057
0.025 0.039 0.057
0.025 0.037 0.057
0.025 0.036 0.057
0.026 0.035 0.057
0.026 0.034 0.057
0.026 0.033 0.057
0.026 0.032 0.058
0.027 0.031 0.058
0.025 0.031 0.056
0.024 0.030 0.054
0.023 0.030 0.053
0.022 0.030 0.051
0.021 0.029 0.051
0.021 0.028 0.050
0.021 0.028 0.050
0.021 0.027 0.049
0.020 0.026 0.049
0.021 0.025 0.049
0.021 0.024 0.050
0.021 0.023 0.050
0.021 0.022 0.050
0.021 0.020 0.050
0.021 0.019 0.050
0.021 0.018 0.050
0.021 0.017 0.050
0.021 0.016 0.050
0.021 0.015 0.050
0.022 0.014 0.050
0.022 0.013 0.050
0.022 0.012 0.050
0.022 0.011 0.050
0.022 0.010 0.050
0.022 0.009 0.050
0.022 0.008 0.050
0.022 0.007 0.050
0.022 0.006 0.050
0.022 0.005 0.050
0.021 0.004 0.049
0.021 0.003 0.049
0.021 0.002 0.049
0.021 0.001 0.048
0.021 0.000 0.048
0.020 0.000 0.048
0.020 -0.001 0.047
0.020 -0.002 0.046
0.019 -0.002 0.045
0.018 -0.003 0.044
0.017 -0.003 0.043
0.016 -0.003 0.042
0.016 -0.003 0.041
0.015 -0.004 0.040
0.014 -0.004 0.039
0.014 -0.004 0.038
0.013 -0.004 0.036
0.012 -0.004 0.035
0.011 -0.004 0.034
0.010 -0.004 0.033
0.009 -0.004 0.031
0.008 -0.004 0.030
0.008 -0.004 0.029
0.007 -0.004 0.028
0.006 -0.005 0.027
0.006 -0.005 0.026
0.005 -0.005 0.025
0.004 -0.005 0.024
0.003 -0.005 0.023
0.003 -0.005 0.022
0.002 -0.005 0.021
0.001 -0.005 0.020
0.000 -0.005 0.018
0.000 -0.005 0.017
-0.001 -0.005 0.016
-0.002 -0.005 0.015
-0.002 -0.005 0.015
-0.003 -0.005 0.014
-0.003 -0.005 0.013
-0.004 -0.005 0.012
-0.005 -0.005 0.011
-0.005 -0.005 0.010
-0.006 -0.005 0.009
-0.007 -0.005 0.008
-0.007 -0.005 0.007
-0.008 -0.006 0.007
-0.008 -0.006 0.006
-0.009 -0.005 0.005
-0.010 -0.006 0.004
-0.010 -0.006 0.003
-0.010 -0.006 0.003
-0.011 -0.006 0.002
-0.011 -0.006 0.002
-0.012 -0.006 0.001
-0.012 -0.006 0.000
-0.013 -0.006 -0.001
-0.013 -0.006 -0.001
-0.014 -0.006 -0.002
-0.014 -0.006 -0.003
-0.015 -0.007 -0.003
-0.015 -0.007 -0.004
-0.016 -0.006 -0.005
-0.016 -0.006 -0.006
-0.017 -0.006 -0.006
-0.017 -0.006 -0.007
-0.018 -0.007 -0.008
-0.018 -0.007 -0.008
-0.018 -0.007 -0.009
-0.019 -0.007 -0.009
-0.019 -0.007 -0.010
-0.020 -0.007 -0.010
-0.020 -0.007 -0.011
-0.020 -0.007 -0.012
-0.021 -0.007 -0.012
-0.021 -0.007 -0.013
-0.022 -0.007 -0.013
-0.022 -0.007 -0.014
-0.022 -0.007 -0.015
-0.023 -0.007 -0.015
-0.023 -0.007 -0.016
-0.024 -0.007 -0.016
-0.024 -0.007 -0.017
-0.024 -0.007 -0.018
-0.025 -0.007 -0.018
-0.025 -0.007 -0.019
-0.026 -0.007 -0.019
-0.026 -0.007 -0.020
-0.026 -0.007 -0.020
-0.027 -0.007 -0.021
-0.027 -0.007 -0.021
-0.028 -0.006 -0.022
-0.028 -0.007 -0.023
-0.028 -0.007 -0.023
-0.029 -0.007 -0.023
-0.029 -0.007 -0.024
-0.029 -0.006 -0.025
-0.030 -0.006 -0.025
-0.030 -0.007 -0.025
-0.031 -0.006 -0.026
-0.031 -0.005 -0.027
-0.032 -0.004 -0.028
-0.033 -0.003 -0.029
-0.030 -0.010 -0.026
0.245 0.226 0.387
0.245 0.224 0.387
0.245 0.222 0.387
0.244 0.220 0.386
0.244 0.217 0.386
0.244 0.215 0.385
0.244 0.213 0.385
0.244 0.211 0.385
0.244 0.208 0.385
0.244 0.206 0.385
0.244 0.204 0.384
0.244 0.201 0.384
0.243 0.199 0.384
0.243 0.197 0.383
0.243 0.194 0.383
0.243 0.192 0.382
0.243 0.190 0.382
0.243 0.187 0.382
0.243 0.185 0.382
0.243 0.183 0.382
0.242 0.181 0.381
0.242 0.178 0.381
0.242 0.176 0.381
0.242 0.174 0.381
0.242 0.171 0.381
0.242 0.169 0.380
0.242 0.167 0.380
0.242 0.164 0.380
0.242 0.162 0.380
0.242 0.160 0.379
0.242 0.157 0.379
0.242 0.155 0.379
0.242 0.152 0.379
0.241 0.150 0.378
0.242 0.148 0.378
0.241 0.145 0.378
0.241 0.143 0.378
0.241 0.140 0.377
0.241 0.138 0.377
0.241 0.135 0.377
0.241 0.133 0.377
0.241 0.131 0.376
0.241 0.128 0.376
0.241 0.126 0.376
0.241 0.123 0.376
0.241 0.121 0.376
0.240 0.118 0.375
0.240 0.116 0.375
0.240 0.113 0.374
0.239 0.111 0.373
0.238 0.108 0.371
0.238 0.106 0.370
0.225 0.103 0.352
0.158 0.098 0.254
0.153 0.096 0.247
0.152 0.094 0.246
0.154 0.092 0.249
0.155 0.091 0.249
0.155 0.089 0.250
0.158 0.087 0.254
0.162 0.085 0.259
0.164 0.083 0.262
0.163 0.081 0.260
0.163 0.079 0.260
0.162 0.077 0.259
0.160 0.075 0.256
0.157 0.073 0.251
0.155 0.072 0.248
0.157 0.070 0.251
0.171 0.066 0.272
0.221 0.059 0.344
0.227 0.056 0.352
0.226 0.053 0.351
0.223 0.051 0.347
0.224 0.049 0.347
0.220 0.047 0.342
0.221 0.044 0.343
0.211 0.043 0.329
0.035 0.071 0.074
0.034 0.070 0.072
0.030 0.070 0.067
0.029 0.070 0.065
0.028 0.069 0.064
0.028 0.068 0.063
0.027 0.067 0.063
0.027 0.066 0.062
0.027 0.065 0.062
0.027 0.065 0.061
0.026 0.064 0.061
0.026 0.063 0.061
0.026 0.062 0.060
0.026 0.061 0.060
0.026 0.060 0.060
0.026 0.059 0.060
0.026 0.059 0.060
0.026 0.058 0.059
0.025 0.057 0.059
0.025 0.056 0.059
0.025 0.055 0.058
0.025 0.054 0.058
0.025 0.053 0.058
0.025 0.053 0.058
0.025 0.052 0.058
0.025 0.051 0.058
0.025 0.050 0.058
0.025 0.049 0.058
0.025 0.048 0.058
0.025 0.047 0.058
0.025 0.046 0.057
0.025 0.045 0.057
0.025 0.044 0.057
0.025 0.043 0.057
0.025 0.042 0.057
0.025 0.041 0.057
0.025 0.040 0.057
0.025 0.039 0.057
0.025 0.038 0.057
0.025 0.038 0.057
0.025 0.036 0.057
0.025 0.035 0.058
0.025 0.034 0.058
0.026 0.033 0.058
0.026 0.032 0.059
0.026 0.031 0.059
0.025 0.030 0.057
0.023 0.030 0.055
0.022 0.030 0.053
0.021 0.030 0.052
0.021 0.029 0.051
0.020 0.028 0.050
0.020 0.028 0.050
0.020 0.027 0.050
0.020 0.026 0.049
0.020 0.025 0.050
0.020 0.024 0.050
0.020 0.023 0.050
0.021 0.021 0.050
0.021 0.020 0.050
0.021 0.019 0.050
0.021 0.018 0.050
0.021 0.017 0.050
0.021 0.016 0.050
0.021 0.015 0.050
0.021 0.014 0.050
0.021 0.013 0.051
0.021 0.012 0.050
0.021 0.011 0.050
0.021 0.010 0.050
0.021 0.009 0.050
0.021 0.008 0.050
0.021 0.007 0.050
0.021 0.006 0.050
0.021 0.005 0.050
0.021 0.004 0.050
0.021 0.003 0.049
0.021 0.002 0.049
0.020 0.001 0.049
0.020 0.000 0.048
0.020 -0.001 0.048
0.020 -0.001 0.047
0.019 -0.002 0.047
0.019 -0.002 0.046
0.018 -0.003 0.045
0.017 -0.003 0.043
0.016 -0.003 0.042
0.015 -0.003 0.041
0.015 -0.004 0.040
0.014 -0.004 0.039
0.013 -0.004 0.038
0.012 -0.004 0.037
0.011 -0.004 0.036
0.011 -0.004 0.034
0.010 -0.004 0.033
0.009 -0.004 0.032
0.008 -0.004 0.031
0.007 -0.004 0.029
0.006 -0.005 0.028
0.006 -0.005 0.027
0.005 -0.005 0.026
0.004 -0.005 0.025
0.004 -0.005 0.024
0.003 -0.005 0.023
0.002 -0.005 0.022
0.001 -0.005 0.021
0.001 -0.005 0.020
0.000 -0.005 0.019
-0.001 -0.005 0.018
-0.001 -0.005 0.017
-0.002 -0.005 0.016
-0.003 -0.005 0.015
-0.003 -0.005 0.014
-0.004 -0.005 0.013
-0.005 -0.005 0.012
-0.005 -0.005 0.011
-0.006 -0.005 0.010
-0.006 -0.005 0.009
-0.007 -0.005 0.009
-0.008 -0.006 0.008
-0.008 -0.006 0.007
-0.009 -0.006 0.006
-0.009 -0.006 0.005
-0.010 -0.006 0.005
-0.010 -0.006 0.004
-0.011 -0.006 0.003
-0.011 -0.006 0.002
-0.012 -0.006 0.002
-0.012 -0.006 0.001
-0.013 -0.006 0.000
-0.013 -0.006 0.000
-0.014 -0.006 -0.001
-0.014 -0.007 -0.002
-0.015 -0.006 -0.003
-0.015 -0.007 -0.003
-0.016 -0.007 -0.004
-0.016 -0.007 -0.005
-0.017 -0.006 -0.005
-0.017 -0.006 -0.006
-0.018 -0.006 -0.007
-0.018 -0.007 -0.007
-0.018 -0.007 -0.008
-0.019 -0.007 -0.009
-0.019 -0.007 -0.009
-0.020 -0.007 -0.010
-0.020 -0.007 -0.010
-0.020 -0.007 -0.011
-0.021 -0.007 -0.011
-0.021 -0.007 -0.012
-0.022 -0.007 -0.013
-0.022 -0.007 -0.013
-0.022 -0.007 -0.014
-0.023 -0.007 -0.014
-0.023 -0.007 -0.015
-0.023 -0.008 -0.015
-0.024 -0.007 -0.016
-0.024 -0.007 -0.017
-0.025 -0.007 -0.017
-0.025 -0.007 -0.018
-0.025 -0.007 -0.018
-0.026 -0.007 -0.019
-0.026 -0.007 -0.019
-0.027 -0.007 -0.020
-0.027 -0.007 -0.021
-0.028 -0.007 -0.021
-0.028 -0.006 -0.022
-0.028 -0.007 -0.022
-0.028 -0.007 -0.023
-0.029 -0.007 -0.023
-0.029 -0.007 -0.024
-0.030 -0.007 -0.024
-0.030 -0.006 -0.025
-0.030 -0.006 -0.025
-0.031 -0.006 -0.026
-0.031 -0.005 -0.027
-0.032 -0.004 -0.028
-0.033 -0.003 -0.029
-0.030 -0.010 -0.026
0.244 0.226 0.388
0.244 0.224 0.389
0.244 0.222 0.388
0.243 0.220 0.387
0.243 0.217 0.387
0.243 0.215 0.387
0.243 0.213 0.386
0.243 0.210 0.386
0.243 0.208 0.386
0.242 0.206 0.386
0.242 0.204 0.385
0.242 0.201 0.385
0.242 0.199 0.385
0.242 0.197 0.384
0.242 0.194 0.384
0.241 0.192 0.383
0.241 0.190 0.383
0.241 0.187 0.383
0.241 0.185 0.383
0.241 0.183 0.382
0.241 0.181 0.382
0.241 0.178 0.382
0.241 0.176 0.382
0.241 0.174 0.382
0.241 0.171 0.381
0.241 0.169 0.381
0.241 0.167 0.381
0.241 0.164 0.381
0.241 0.162 0.381
0.241 0.159 0.380
0.240 0.157 0.380
0.240 0.155 0.380
0.240 0.152 0.380
0.240 0.150 0.379
0.240 0.148 0.379
0.240 0.145 0.379
0.240 0.143 0.379
0.240 0.140 0.378
0.240 0.138 0.378
0.240 0.135 0.378
0.240 0.133 0.378
0.240 0.131 0.378
0.240 0.128 0.377
0.240 0.126 0.377
0.240 0.123 0.377
0.240 0.121 0.377
0.239 0.118 0.377
0.239 0.116 0.376
0.239 0.113 0.375
0.238 0.111 0.374
0.238 0.108 0.374
0.233 0.106 0.367
0.142 0.099 0.233
0.140 0.097 0.230
0.155 0.096 0.251
0.158 0.094 0.256
0.159 0.092 0.258
0.158 0.091 0.256
0.160 0.089 0.259
0.166 0.087 0.267
0.169 0.085 0.272
0.171 0.083 0.275
0.169 0.081 0.272
0.168 0.079 0.271
0.169 0.077 0.271
0.162 0.075 0.261
0.156 0.073 0.253
0.151 0.072 0.244
0.146 0.070 0.238
0.148 0.068 0.241
0.149 0.066 0.242
0.174 0.062 0.278
0.218 0.054 0.341
0.221 0.051 0.346
0.219 0.049 0.343
0.216 0.047 0.338
0.217 0.044 0.340
0.219 0.041 0.343
0.039 0.070 0.080
0.030 0.071 0.067
0.030 0.070 0.067
0.029 0.069 0.066
0.028 0.069 0.065
0.028 0.068 0.064
0.027 0.067 0.063
0.027 0.066 0.063
0.027 0.065 0.062
0.026 0.065 0.061
0.026 0.064 0.061
0.026 0.063 0.061
0.025 0.062 0.060
0.025 0.061 0.060
0.025 0.060 0.060
0.025 0.059 0.060
0.025 0.059 0.060
0.025 0.058 0.060
0.025 0.057 0.059
0.025 0.056 0.059
0.024 0.055 0.059
0.025 0.054 0.059
0.024 0.053 0.058
0.024 0.053 0.058
0.024 0.052 0.058
0.024 0.051 0.058
0.024 0.050 0.058
0.025 0.049 0.058
0.024 0.048 0.058
0.024 0.047 0.058
0.024 0.046 0.058
0.024 0.045 0.057
0.024 0.044 0.057
0.024 0.043 0.058
0.024 0.042 0.057
0.024 0.041 0.058
0.024 0.040 0.058
0.024 0.039 0.058
0.024 0.038 0.057
0.024 0.037 0.057
0.024 0.036 0.057
0.025 0.035 0.058
0.025 0.034 0.058
0.025 0.033 0.059
0.026 0.032 0.059
0.026 0.031 0.060
0.025 0.030 0.058
0.023 0.030 0.055
0.022 0.030 0.053
0.021 0.030 0.052
0.020 0.029 0.051
0.020 0.028 0.050
0.020 0.028 0.050
0.020 0.027 0.050
0.019 0.026 0.050
0.020 0.025 0.050
0.020 0.024 0.050
0.020 0.023 0.050
0.020 0.022 0.050
0.020 0.020 0.050
0.020 0.019 0.051
0.020 0.018 0.051
0.020 0.017 0.051
0.020 0.016 0.051
0.020 0.015 0.051
0.021 0.014 0.051
0.021 0.013 0.051
0.021 0.012 0.051
0.021 0.011 0.051
0.021 0.010 0.051
0.021 0.009 0.051
0.021 0.008 0.051
0.021 0.007 0.050
0.021 0.006 0.050
0.021 0.005 0.050
0.020 0.004 0.050
0.020 0.003 0.050
0.020 0.002 0.049
0.020 0.001 0.049
0.020 0.000 0.049
0.019 -0.001 0.048
0.019 -0.001 0.048
0.019 -0.002 0.047
0.018 -0.003 0.046
0.017 -0.003 0.045
0.017 -0.003 0.044
0.016 -0.003 0.043
0.015 -0.003 0.042
0.014 -0.004 0.041
0.013 -0.004 0.039
0.013 -0.004 0.038
0.012 -0.004 0.037
0.011 -0.004 0.036
0.010 -0.004 0.035
0.009 -0.004 0.033
0.008 -0.004 0.032
0.008 -0.004 0.031
0.007 -0.004 0.030
0.006 -0.005 0.029
0.005 -0.005 0.027
0.005 -0.005 0.027
0.004 -0.005 0.025
0.003 -0.005 0.024
0.002 -0.005 0.023
0.002 -0.005 0.022
0.001 -0.005 0.021
0.000 -0.005 0.020
0.000 -0.005 0.019
-0.001 -0.005 0.018
-0.002 -0.005 0.017
-0.003 -0.005 0.016
-0.003 -0.005 0.015
-0.004 -0.005 0.014
-0.004 -0.005 0.013
-0.005 -0.005 0.012
-0.006 -0.005 0.012
-0.006 -0.005 0.011
-0.007 -0.005 0.010
-0.007 -0.005 0.009
-0.008 -0.006 0.008
-0.008 -0.006 0.007
-0.009 -0.006 0.007
-0.009 -0.006 0.006
-0.010 -0.006 0.005
-0.010 -0.006 0.004
-0.011 -0.006 0.003
-0.011 -0.006 0.003
-0.012 -0.006 0.002
-0.013 -0.006 0.001
-0.013 -0.006 0.001
-0.014 -0.006 0.000
-0.014 -0.007 -0.001
-0.015 -0.006 -0.002
-0.015 -0.007 -0.002
-0.015 -0.006 -0.003
-0.016 -0.007 -0.004
-0.016 -0.007 -0.004
-0.017 -0.007 -0.005
-0.017 -0.007 -0.006
-0.018 -0.007 -0.007
-0.018 -0.007 -0.007
-0.019 -0.007 -0.008
-0.019 -0.007 -0.008
-0.019 -0.007 -0.009
-0.020 -0.007 -0.010
-0.020 -0.007 -0.010
-0.021 -0.007 -0.011
-0.021 -0.007 -0.011
-0.021 -0.007 -0.012
-0.022 -0.007 -0.012
-0.022 -0.007 -0.013
-0.023 -0.007 -0.014
-0.023 -0.007 -0.014
-0.023 -0.007 -0.015
-0.024 -0.007 -0.015
-0.024 -0.007 -0.016
-0.025 -0.007 -0.016
-0.025 -0.007 -0.017
-0.025 -0.007 -0.018
-0.026 -0.007 -0.018
-0.026 -0.007 -0.019
-0.026 -0.007 -0.019
-0.027 -0.007 -0.020
-0.027 -0.007 -0.021
-0.028 -0.007 -0.021
-0.028 -0.006 -0.022
-0.028 -0.007 -0.022
-0.029 -0.007 -0.022
-0.029 -0.007 -0.023
-0.029 -0.007 -0.024
-0.030 -0.006 -0.024
-0.030 -0.006 -0.025
-0.031 -0.006 -0.025
-0.031 -0.006 -0.026
-0.032 -0.005 -0.027
-0.033 -0.004 -0.028
-0.034 -0.002 -0.029
-0.031 -0.010 -0.026
0.243 0.226 0.389
0.243 0.224 0.390
0.243 0.222 0.389
0.242 0.220 0.389
0.242 0.217 0.388
0.242 0.215 0.387
0.242 0.213 0.387
0.242 0.211 0.387
0.241 0.208 0.387
0.241 0.206 0.387
0.241 0.204 0.386
0.241 0.201 0.386
0.241 0.199 0.386
0.241 0.197 0.385
0.240 0.194 0.385
0.240 0.192 0.384
0.240 0.190 0.384
0.240 0.187 0.384
0.240 0.185 0.384
0.240 0.183 0.383
0.240 0.180 0.383
0.240 0.178 0.383
0.240 0.176 0.383
0.240 0.174 0.383
0.239 0.171 0.382
0.239 0.169 0.382
0.239 0.167 0.382
0.239 0.164 0.382
0.239 0.162 0.381
0.239 0.159 0.381
0.239 0.157 0.381
0.239 0.155 0.381
0.239 0.152 0.380
0.239 0.150 0.380
0.239 0.147 0.380
0.239 0.145 0.380
0.239 0.143 0.379
0.238 0.140 0.379
0.238 0.138 0.379
0.238 0.135 0.379
0.238 0.133 0.378
0.238 0.131 0.379
0.238 0.128 0.378
0.238 0.126 0.378
0.238 0.123 0.378
0.238 0.121 0.378
0.239 0.118 0.378
0.239 0.116 0.378
0.238 0.113 0.377
0.240 0.111 0.380
0.238 0.108 0.376
0.151 0.101 0.248
0.135 0.099 0.225
0.148 0.098 0.243
0.163 0.096 0.266
0.172 0.095 0.279
0.179 0.093 0.289
0.169 0.091 0.274
0.172 0.089 0.278
0.183 0.086 0.294
0.184 0.084 0.296
0.185 0.082 0.297
0.183 0.080 0.295
0.184 0.078 0.295
0.184 0.076 0.296
0.176 0.074 0.283
0.166 0.073 0.268
0.155 0.071 0.253
0.147 0.070 0.241
0.145 0.069 0.237
0.146 0.067 0.239
0.151 0.064 0.247
0.175 0.059 0.282
0.209 0.053 0.332
0.215 0.049 0.340
0.211 0.047 0.334
0.214 0.044 0.338
0.216 0.042 0.341
0.150 0.051 0.244
0.038 0.069 0.081
0.030 0.070 0.068
0.029 0.069 0.067
0.028 0.069 0.066
0.027 0.068 0.064
0.027 0.067 0.063
0.026 0.066 0.063
0.026 0.065 0.062
0.026 0.065 0.062
0.025 0.064 0.061
0.025 0.063 0.061
0.025 0.062 0.061
0.025 0.061 0.061
0.025 0.060 0.061
0.025 0.059 0.060
0.025 0.059 0.060
0.025 0.058 0.060
0.024 0.057 0.059
0.024 0.056 0.059
0.024 0.055 0.059
0.024 0.054 0.059
0.024 0.053 0.059
0.024 0.053 0.059
0.024 0.052 0.058
0.024 0.051 0.058
0.024 0.050 0.058
0.024 0.049 0.059
0.024 0.048 0.059
0.024 0.047 0.058
0.024 0.046 0.058
0.024 0.045 0.058
0.024 0.044 0.058
0.024 0.043 0.058
0.024 0.042 0.058
0.024 0.041 0.058
0.024 0.040 0.058
0.024 0.039 0.058
0.024 0.038 0.058
0.024 0.037 0.058
0.024 0.036 0.058
0.024 0.035 0.058
0.024 0.034 0.058
0.025 0.033 0.059
0.025 0.032 0.059
0.026 0.030 0.060
0.024 0.030 0.058
0.023 0.030 0.055
0.021 0.030 0.054
0.020 0.030 0.052
0.020 0.029 0.051
0.019 0.028 0.051
0.019 0.028 0.050
0.019 0.027 0.050
0.019 0.026 0.050
0.019 0.025 0.050
0.019 0.024 0.050
0.019 0.023 0.050
0.020 0.022 0.051
0.020 0.020 0.051
0.020 0.019 0.051
0.020 0.018 0.051
0.020 0.017 0.051
0.020 0.016 0.051
0.020 0.015 0.051
0.020 0.014 0.051
0.020 0.013 0.051
0.020 0.012 0.051
0.020 0.011 0.051
0.020 0.010 0.051
0.020 0.009 0.051
0.020 0.008 0.051
0.020 0.007 0.051
0.020 0.006 0.051
0.020 0.005 0.051
0.020 0.004 0.050
0.020 0.003 0.050
0.020 0.002 0.050
0.020 0.001 0.050
0.019 0.000 0.049
0.019 -0.001 0.049
0.019 -0.001 0.048
0.018 -0.002 0.048
0.018 -0.003 0.047
0.017 -0.003 0.046
0.016 -0.003 0.044
0.015 -0.003 0.043
0.014 -0.003 0.042
0.014 -0.004 0.041
0.013 -0.004 0.040
0.012 -0.004 0.039
0.011 -0.004 0.037
0.011 -0.004 0.036
0.010 -0.004 0.035
0.009 -0.004 0.034
0.008 -0.004 0.032
0.007 -0.004 0.031
0.006 -0.005 0.030
0.006 -0.005 0.029
0.005 -0.005 0.028
0.004 -0.005 0.027
0.004 -0.005 0.026
0.003 -0.005 0.024
0.002 -0.005 0.023
0.001 -0.005 0.022
0.001 -0.005 0.021
0.000 -0.005 0.020
-0.001 -0.005 0.019
-0.002 -0.005 0.018
-0.002 -0.005 0.017
-0.003 -0.005 0.016
-0.004 -0.005 0.015
-0.004 -0.005 0.014
-0.005 -0.005 0.013
-0.005 -0.005 0.013
-0.006 -0.005 0.012
-0.007 -0.005 0.011
-0.007 -0.005 0.010
-0.008 -0.005 0.009
-0.008 -0.006 0.008
-0.009 -0.006 0.008
-0.009 -0.006 0.007
-0.010 -0.006 0.006
-0.010 -0.006 0.005
-0.011 -0.006 0.005
-0.011 -0.006 0.004
-0.012 -0.006 0.003
-0.012 -0.006 0.002
-0.013 -0.006 0.002
-0.013 -0.006 0.001
-0.014 -0.007 0.000
-0.014 -0.007 -0.001
-0.015 -0.007 -0.001
-0.015 -0.007 -0.002
-0.016 -0.007 -0.003
-0.016 -0.007 -0.003
-0.017 -0.007 -0.004
-0.017 -0.007 -0.005
-0.018 -0.007 -0.006
-0.018 -0.007 -0.006
-0.019 -0.007 -0.007
-0.019 -0.007 -0.007
-0.019 -0.007 -0.008
-0.020 -0.007 -0.009
-0.020 -0.007 -0.009
-0.021 -0.007 -0.010
-0.021 -0.007 -0.010
-0.021 -0.007 -0.011
-0.022 -0.007 -0.012
-0.022 -0.007 -0.012
-0.023 -0.007 -0.013
-0.023 -0.007 -0.014
-0.023 -0.007 -0.014
-0.024 -0.007 -0.015
-0.024 -0.007 -0.015
-0.024 -0.007 -0.016
-0.025 -0.007 -0.016
-0.025 -0.007 -0.017
-0.026 -0.007 -0.017
-0.026 -0.007 -0.018
-0.026 -0.007 -0.019
-0.027 -0.007 -0.019
-0.027 -0.007 -0.020
-0.028 -0.007 -0.020
-0.028 -0.006 -0.021
-0.029 -0.006 -0.022
-0.029 -0.007 -0.022
-0.029 -0.007 -0.022
-0.029 -0.007 -0.023
-0.030 -0.007 -0.023
-0.030 -0.007 -0.024
-0.031 -0.006 -0.025
-0.031 -0.006 -0.025
-0.032 -0.006 -0.026
-0.032 -0.005 -0.027
-0.033 -0.004 -0.028
-0.034 -0.002 -0.029
-0.031 -0.010 -0.025
0.241 0.226 0.390
0.241 0.224 0.391
0.241 0.222 0.390
0.241 0.220 0.389
0.241 0.217 0.389
0.240 0.215 0.388
0.240 0.213 0.388
0.240 0.210 0.388
0.240 0.208 0.388
0.240 0.206 0.388
0.240 0.204 0.387
0.240 0.201 0.387
0.240 0.199 0.387
0.239 0.197 0.386
0.239 0.194 0.386
0.239 0.192 0.385
0.239 0.190 0.385
0.239 0.187 0.385
0.239 0.185 0.384
0.238 0.183 0.384
0.238 0.180 0.384
0.238 0.178 0.384
0.238 0.176 0.384
0.238 0.174 0.384
0.238 0.171 0.384
0.238 0.169 0.383
0.238 0.167 0.383
0.238 0.164 0.383
0.238 0.162 0.383
0.238 0.159 0.382
0.238 0.157 0.382
0.238 0.155 0.382
0.238 0.152 0.381
0.237 0.150 0.381
0.238 0.147 0.381
0.237 0.145 0.381
0.237 0.143 0.380
0.237 0.140 0.380
0.237 0.138 0.380
0.237 0.135 0.380
0.237 0.133 0.379
0.237 0.130 0.379
0.237 0.128 0.379
0.237 0.126 0.379
0.236 0.123 0.378
0.237 0.121 0.379
0.238 0.118 0.380
0.238 0.116 0.381
0.239 0.113 0.381
0.241 0.111 0.384
0.178 0.105 0.291
0.139 0.101 0.232
0.144 0.099 0.240
0.164 0.098 0.269
0.175 0.097 0.286
0.184 0.095 0.299
0.194 0.093 0.313
0.199 0.091 0.321
0.199 0.088 0.321
0.196 0.086 0.316
0.194 0.084 0.314
0.193 0.082 0.313
0.192 0.080 0.310
0.191 0.077 0.308
0.191 0.075 0.309
0.190 0.073 0.308
0.185 0.071 0.299
0.171 0.070 0.278
0.158 0.069 0.259
0.148 0.068 0.244
0.144 0.067 0.238
0.146 0.065 0.242
0.156 0.061 0.257
0.165 0.058 0.269
0.201 0.051 0.322
0.206 0.048 0.329
0.201 0.046 0.322
0.202 0.044 0.323
0.190 0.043 0.306
0.046 0.068 0.093
0.035 0.069 0.077
0.029 0.069 0.068
0.028 0.068 0.067
0.027 0.068 0.065
0.026 0.067 0.064
0.026 0.066 0.063
0.025 0.065 0.062
0.025 0.065 0.062
0.025 0.064 0.062
0.025 0.063 0.061
0.025 0.062 0.061
0.025 0.061 0.061
0.024 0.060 0.061
0.024 0.060 0.060
0.024 0.059 0.060
0.024 0.058 0.060
0.024 0.057 0.060
0.024 0.056 0.060
0.024 0.055 0.059
0.023 0.054 0.059
0.023 0.053 0.059
0.023 0.052 0.059
0.023 0.052 0.059
0.023 0.051 0.059
0.023 0.050 0.059
0.023 0.049 0.059
0.023 0.048 0.059
0.023 0.047 0.059
0.023 0.046 0.058
0.023 0.045 0.058
0.023 0.044 0.058
0.023 0.043 0.058
0.023 0.042 0.058
0.023 0.041 0.058
0.023 0.040 0.058
0.023 0.039 0.058
0.023 0.038 0.058
0.023 0.037 0.058
0.024 0.036 0.058
0.024 0.035 0.059
0.024 0.034 0.058
0.024 0.033 0.059
0.024 0.032 0.059
0.025 0.031 0.060
0.024 0.030 0.059
0.022 0.030 0.056
0.021 0.030 0.054
0.020 0.030 0.053
0.019 0.029 0.052
0.019 0.028 0.051
0.019 0.028 0.051
0.018 0.027 0.050
0.018 0.026 0.050
0.018 0.025 0.050
0.019 0.024 0.051
0.019 0.023 0.051
0.019 0.022 0.051
0.019 0.020 0.051
0.019 0.019 0.051
0.020 0.018 0.052
0.020 0.017 0.052
0.019 0.016 0.051
0.019 0.015 0.051
0.020 0.014 0.051
0.020 0.013 0.052
0.020 0.012 0.052
0.020 0.011 0.052
0.020 0.010 0.052
0.020 0.009 0.051
0.020 0.008 0.051
0.020 0.007 0.051
0.020 0.006 0.051
0.020 0.005 0.051
0.020 0.004 0.051
0.020 0.003 0.051
0.019 0.002 0.050
0.019 0.001 0.050
0.019 0.000 0.049
0.019 -0.001 0.049
0.018 -0.002 0.049
0.018 -0.002 0.048
0.017 -0.003 0.047
0.017 -0.003 0.046
0.016 -0.003 0.045
0.015 -0.003 0.044
0.014 -0.003 0.042
0.013 -0.004 0.041
0.013 -0.004 0.040
0.012 -0.004 0.039
0.011 -0.004 0.038
0.010 -0.004 0.037
0.009 -0.004 0.035
0.008 -0.004 0.034
0.008 -0.004 0.033
0.007 -0.004 0.031
0.006 -0.005 0.030
0.005 -0.005 0.029
0.005 -0.005 0.028
0.004 -0.005 0.027
0.003 -0.005 0.026
0.002 -0.005 0.025
0.002 -0.005 0.024
0.001 -0.005 0.023
0.000 -0.005 0.022
-0.001 -0.005 0.021
-0.001 -0.005 0.019
-0.002 -0.005 0.018
-0.003 -0.005 0.017
-0.003 -0.005 0.016
-0.004 -0.005 0.016
-0.005 -0.005 0.015
-0.005 -0.005 0.014
-0.006 -0.005 0.013
-0.006 -0.005 0.012
-0.007 -0.005 0.011
-0.008 -0.005 0.010
-0.008 -0.005 0.009
-0.009 -0.006 0.009
-0.009 -0.006 0.008
-0.010 -0.006 0.007
-0.010 -0.006 0.006
-0.011 -0.006 0.006
-0.011 -0.006 0.005
-0.012 -0.006 0.004
-0.012 -0.006 0.003
-0.013 -0.006 0.003
-0.013 -0.006 0.002
-0.014 -0.006 0.001
-0.014 -0.007 0.000
-0.015 -0.007 0.000
-0.015 -0.007 -0.001
-0.016 -0.007 -0.002
-0.016 -0.007 -0.002
-0.016 -0.007 -0.003
-0.017 -0.007 -0.004
-0.017 -0.007 -0.005
-0.018 -0.007 -0.005
-0.018 -0.007 -0.006
-0.019 -0.007 -0.007
-0.019 -0.007 -0.007
-0.020 -0.007 -0.008
-0.020 -0.007 -0.009
-0.020 -0.007 -0.009
-0.021 -0.007 -0.010
-0.021 -0.007 -0.010
-0.022 -0.007 -0.011
-0.022 -0.007 -0.011
-0.022 -0.007 -0.012
-0.023 -0.007 -0.013
-0.023 -0.007 -0.013
-0.024 -0.007 -0.014
-0.024 -0.007 -0.014
-0.024 -0.007 -0.015
-0.025 -0.007 -0.016
-0.025 -0.007 -0.016
-0.026 -0.007 -0.017
-0.026 -0.007 -0.017
-0.026 -0.007 -0.018
-0.027 -0.007 -0.018
-0.027 -0.007 -0.019
-0.028 -0.007 -0.019
-0.028 -0.007 -0.020
-0.028 -0.007 -0.021
-0.029 -0.006 -0.021
-0.029 -0.007 -0.022
-0.029 -0.007 -0.022
-0.030 -0.007 -0.023
-0.030 -0.007 -0.023
-0.031 -0.006 -0.024
-0.031 -0.006 -0.025
-0.031 -0.006 -0.025
-0.032 -0.005 -0.026
-0.032 -0.005 -0.026
-0.033 -0.004 -0.028
-0.034 -0.002 -0.029
-0.031 -0.010 -0.025
0.240 0.226 0.392
0.240 0.224 0.392
0.240 0.222 0.391
0.240 0.220 0.391
0.239 0.217 0.390
0.239 0.215 0.389
0.239 0.213 0.389
0.239 0.210 0.389
0.239 0.208 0.389
0.239 0.206 0.389
0.239 0.204 0.388
0.239 0.201 0.388
0.239 0.199 0.388
0.238 0.197 0.387
0.238 0.194 0.387
0.238 0.192 0.387
0.238 0.190 0.386
0.238 0.187 0.386
0.237 0.185 0.385
0.237 0.183 0.385
0.237 0.180 0.385
0.237 0.178 0.385
0.237 0.176 0.385
0.237 0.174 0.385
0.237 0.171 0.385
0.237 0.169 0.385
0.237 0.167 0.384
0.237 0.164 0.384
0.237 0.162 0.384
0.237 0.159 0.383
0.237 0.157 0.383
0.237 0.155 0.383
0.237 0.152 0.383
0.236 0.150 0.382
0.236 0.147 0.382
0.236 0.145 0.382
0.236 0.143 0.381
0.236 0.140 0.381
0.236 0.138 0.381
0.236 0.135 0.381
0.236 0.133 0.381
0.236 0.130 0.380
0.235 0.128 0.380
0.235 0.125 0.379
0.235 0.123 0.379
0.236 0.121 0.380
0.237 0.118 0.382
0.237 0.116 0.382
0.239 0.113 0.384
0.242 0.111 0.389
0.139 0.103 0.235
0.138 0.101 0.233
0.149 0.100 0.250
0.178 0.099 0.293
0.184 0.097 0.302
0.192 0.095 0.314
0.198 0.093 0.323
0.200 0.090 0.326
0.200 0.088 0.326
0.198 0.086 0.323
0.197 0.084 0.320
0.195 0.082 0.318
0.194 0.079 0.316
0.193 0.077 0.314
0.193 0.075 0.314
0.191 0.073 0.311
0.190 0.071 0.309
0.185 0.069 0.302
0.174 0.067 0.286
0.161 0.067 0.266
0.150 0.066 0.249
0.145 0.065 0.242
0.146 0.062 0.244
0.157 0.059 0.260
0.166 0.056 0.273
0.173 0.053 0.283
0.181 0.049 0.295
0.183 0.047 0.298
0.183 0.044 0.298
0.152 0.048 0.252
0.046 0.067 0.094
0.032 0.068 0.073
0.028 0.068 0.068
0.027 0.068 0.065
0.026 0.067 0.064
0.025 0.066 0.063
0.025 0.066 0.063
0.024 0.065 0.062
0.024 0.064 0.062
0.024 0.063 0.062
0.024 0.062 0.062
0.024 0.061 0.061
0.024 0.060 0.061
0.024 0.060 0.061
0.023 0.059 0.060
0.023 0.058 0.060
0.023 0.057 0.060
0.023 0.056 0.060
0.023 0.055 0.060
0.023 0.054 0.060
0.023 0.053 0.059
0.023 0.052 0.059
0.023 0.052 0.059
0.023 0.051 0.059
0.023 0.050 0.059
0.023 0.049 0.059
0.023 0.048 0.059
0.023 0.047 0.059
0.023 0.046 0.059
0.023 0.045 0.059
0.023 0.044 0.059
0.023 0.043 0.058
0.023 0.042 0.058
0.023 0.041 0.058
0.023 0.040 0.058
0.023 0.039 0.058
0.023 0.038 0.058
0.023 0.037 0.058
0.023 0.036 0.059
0.023 0.035 0.059
0.023 0.034 0.058
0.023 0.033 0.059
0.023 0.032 0.059
0.024 0.031 0.060
0.024 0.030 0.059
0.022 0.030 0.056
0.020 0.030 0.054
0.020 0.030 0.053
0.019 0.029 0.052
0.018 0.028 0.051
0.018 0.028 0.051
0.018 0.027 0.050
0.018 0.026 0.050
0.018 0.025 0.050
0.018 0.024 0.051
0.018 0.023 0.051
0.018 0.022 0.051
0.019 0.020 0.051
0.019 0.019 0.052
0.019 0.018 0.052
0.019 0.017 0.052
0.019 0.016 0.052
0.019 0.015 0.052
0.019 0.014 0.052
0.019 0.013 0.052
0.019 0.012 0.052
0.019 0.011 0.052
0.019 0.010 0.052
0.019 0.009 0.052
0.019 0.008 0.052
0.019 0.007 0.052
0.019 0.006 0.051
0.019 0.005 0.051
0.019 0.004 0.051
0.019 0.002 0.051
0.019 0.002 0.051
0.019 0.001 0.050
0.018 0.000 0.050
0.018 -0.001 0.050
0.018 -0.002 0.049
0.018 -0.002 0.049
0.017 -0.003 0.048
0.016 -0.003 0.047
0.015 -0.003 0.045
0.014 -0.003 0.044
0.014 -0.004 0.043
0.013 -0.004 0.042
0.012 -0.004 0.041
0.011 -0.004 0.039
0.010 -0.004 0.038
0.010 -0.004 0.037
0.009 -0.004 0.036
0.008 -0.005 0.034
0.007 -0.004 0.033
0.006 -0.004 0.032
0.005 -0.004 0.031
0.005 -0.005 0.029
0.004 -0.005 0.028
0.003 -0.005 0.027
0.003 -0.005 0.026
0.002 -0.005 0.025
0.001 -0.005 0.024
0.000 -0.005 0.023
0.000 -0.005 0.022
-0.001 -0.005 0.021
-0.002 -0.005 0.020
-0.002 -0.005 0.019
-0.003 -0.005 0.018
-0.004 -0.005 0.017
-0.004 -0.005 0.016
-0.005 -0.005 0.015
-0.006 -0.005 0.014
-0.006 -0.005 0.013
-0.007 -0.005 0.012
-0.007 -0.005 0.011
-0.008 -0.005 0.010
-0.009 -0.005 0.010
-0.009 -0.006 0.009
-0.009 -0.006 0.008
-0.010 -0.006 0.007
-0.011 -0.006 0.007
-0.011 -0.006 0.006
-0.011 -0.006 0.005
-0.012 -0.006 0.004
-0.013 -0.006 0.004
-0.013 -0.007 0.003
-0.014 -0.006 0.002
-0.014 -0.007 0.001
-0.014 -0.007 0.001
-0.015 -0.007 0.000
-0.015 -0.007 -0.001
-0.016 -0.007 -0.001
-0.016 -0.007 -0.002
-0.017 -0.007 -0.003
-0.017 -0.007 -0.003
-0.018 -0.007 -0.004
-0.018 -0.007 -0.005
-0.019 -0.007 -0.006
-0.019 -0.007 -0.006
-0.020 -0.007 -0.007
-0.020 -0.007 -0.008
-0.020 -0.007 -0.008
-0.021 -0.007 -0.009
-0.021 -0.007 -0.009
-0.021 -0.007 -0.010
-0.022 -0.008 -0.010
-0.022 -0.008 -0.011
-0.023 -0.007 -0.012
-0.023 -0.007 -0.012
-0.024 -0.007 -0.013
-0.024 -0.007 -0.014
-0.024 -0.007 -0.014
-0.025 -0.007 -0.015
-0.025 -0.007 -0.015
-0.026 -0.007 -0.016
-0.026 -0.007 -0.017
-0.026 -0.007 -0.017
-0.027 -0.007 -0.018
-0.027 -0.007 -0.018
-0.027 -0.007 -0.019
-0.028 -0.007 -0.019
-0.028 -0.007 -0.020
-0.029 -0.007 -0.021
-0.029 -0.006 -0.021
-0.029 -0.007 -0.022
-0.030 -0.007 -0.022
-0.030 -0.007 -0.022
-0.030 -0.007 -0.023
-0.031 -0.006 -0.024
-0.031 -0.006 -0.024
-0.032 -0.006 -0.025
-0.032 -0.005 -0.026
-0.032 -0.005 -0.026
-0.033 -0.004 -0.027
-0.034 -0.003 -0.029
-0.031 -0.010 -0.025
0.239 0.226 0.393
0.239 0.224 0.393
0.239 0.222 0.392
0.239 0.220 0.392
0.238 0.217 0.391
0.238 0.215 0.391
0.238 0.213 0.391
0.238 0.210 0.390
0.238 0.208 0.390
0.238 0.206 0.390
0.238 0.204 0.390
0.237 0.201 0.389
0.237 0.199 0.389
0.237 0.197 0.389
0.237 0.194 0.388
0.237 0.192 0.388
0.237 0.190 0.387
0.236 0.187 0.387
0.236 0.185 0.386
0.236 0.183 0.386
0.236 0.180 0.386
0.236 0.178 0.386
0.236 0.176 0.386
0.236 0.174 0.386
0.236 0.171 0.386
0.237 0.169 0.386
0.236 0.167 0.386
0.236 0.164 0.385
0.236 0.162 0.385
0.235 0.159 0.384
0.235 0.157 0.384
0.235 0.155 0.384
0.235 0.152 0.384
0.235 0.150 0.383
0.235 0.147 0.383
0.235 0.145 0.383
0.235 0.143 0.382
0.234 0.140 0.382
0.234 0.138 0.382
0.234 0.135 0.382
0.234 0.133 0.381
0.234 0.130 0.381
0.234 0.128 0.380
0.234 0.125 0.380
0.233 0.123 0.380
0.234 0.121 0.381
0.235 0.118 0.383
0.236 0.116 0.384
0.239 0.114 0.387
0.242 0.111 0.392
0.129 0.102 0.222
0.131 0.100 0.224
0.177 0.101 0.294
0.186 0.099 0.308
0.191 0.097 0.315
0.196 0.095 0.323
0.200 0.093 0.328
0.201 0.090 0.329
0.200 0.088 0.328
0.197 0.086 0.323
0.195 0.084 0.321
0.194 0.081 0.319
0.193 0.079 0.316
0.192 0.077 0.316
0.192 0.075 0.315
0.191 0.073 0.313
0.189 0.070 0.311
0.187 0.068 0.307
0.183 0.067 0.301
0.176 0.065 0.291
0.163 0.064 0.271
0.152 0.064 0.254
0.147 0.062 0.247
0.149 0.060 0.250
0.154 0.057 0.257
0.157 0.055 0.262
0.158 0.053 0.263
0.157 0.051 0.262
0.164 0.048 0.272
0.143 0.049 0.240
0.047 0.066 0.096
0.035 0.068 0.080
0.030 0.068 0.072
0.026 0.068 0.066
0.025 0.067 0.064
0.024 0.066 0.063
0.024 0.066 0.063
0.024 0.065 0.062
0.024 0.064 0.062
0.024 0.063 0.062
0.024 0.062 0.062
0.024 0.061 0.062
0.023 0.060 0.061
0.023 0.060 0.061
0.023 0.059 0.061
0.023 0.058 0.060
0.023 0.057 0.060
0.023 0.056 0.060
0.023 0.055 0.060
0.023 0.054 0.060
0.023 0.053 0.060
0.023 0.052 0.060
0.023 0.051 0.060
0.022 0.051 0.059
0.022 0.050 0.059
0.022 0.049 0.059
0.022 0.048 0.059
0.022 0.047 0.059
0.022 0.046 0.059
0.022 0.045 0.059
0.022 0.044 0.059
0.022 0.043 0.059
0.022 0.042 0.058
0.022 0.041 0.058
0.022 0.040 0.058
0.022 0.039 0.058
0.022 0.038 0.059
0.022 0.037 0.059
0.023 0.036 0.059
0.023 0.035 0.059
0.022 0.034 0.059
0.023 0.033 0.059
0.023 0.032 0.059
0.023 0.031 0.060
0.023 0.030 0.059
0.021 0.030 0.057
0.020 0.030 0.054
0.019 0.030 0.053
0.018 0.029 0.052
0.018 0.028 0.052
0.018 0.028 0.051
0.017 0.027 0.051
0.017 0.026 0.051
0.017 0.025 0.051
0.018 0.024 0.051
0.018 0.023 0.052
0.018 0.021 0.052
0.018 0.020 0.052
0.018 0.019 0.052
0.019 0.018 0.052
0.019 0.017 0.052
0.019 0.016 0.052
0.019 0.015 0.052
0.019 0.014 0.052
0.019 0.013 0.052
0.019 0.012 0.052
0.019 0.011 0.052
0.019 0.010 0.052
0.019 0.009 0.052
0.019 0.008 0.052
0.019 0.007 0.052
0.019 0.006 0.052
0.019 0.005 0.052
0.019 0.003 0.052
0.019 0.002 0.052
0.018 0.002 0.051
0.018 0.001 0.051
0.018 0.000 0.050
0.018 -0.001 0.050
0.017 -0.002 0.050
0.017 -0.003 0.049
0.017 -0.003 0.048
0.016 -0.003 0.047
0.015 -0.003 0.046
0.014 -0.003 0.044
0.013 -0.004 0.043
0.012 -0.004 0.042
0.012 -0.004 0.041
0.011 -0.004 0.040
0.010 -0.004 0.038
0.009 -0.004 0.037
0.008 -0.004 0.036
0.008 -0.005 0.035
0.007 -0.004 0.033
0.006 -0.004 0.032
0.005 -0.004 0.031
0.004 -0.005 0.030
0.004 -0.005 0.029
0.003 -0.005 0.028
0.002 -0.005 0.027
0.002 -0.005 0.026
0.001 -0.005 0.024
0.000 -0.005 0.023
-0.001 -0.005 0.022
-0.001 -0.005 0.021
-0.002 -0.005 0.020
-0.003 -0.005 0.019
-0.004 -0.005 0.018
-0.004 -0.005 0.017
-0.005 -0.005 0.016
-0.005 -0.005 0.015
-0.006 -0.005 0.014
-0.007 -0.005 0.013
-0.007 -0.005 0.012
-0.008 -0.005 0.012
-0.008 -0.005 0.011
-0.009 -0.005 0.010
-0.009 -0.006 0.009
-0.010 -0.006 0.008
-0.010 -0.006 0.008
-0.011 -0.006 0.007
-0.011 -0.006 0.006
-0.012 -0.006 0.005
-0.012 -0.006 0.005
-0.013 -0.006 0.004
-0.013 -0.006 0.003
-0.014 -0.006 0.002
-0.014 -0.007 0.002
-0.015 -0.007 0.001
-0.015 -0.007 0.000
-0.016 -0.007 0.000
-0.016 -0.007 -0.001
-0.017 -0.007 -0.002
-0.017 -0.007 -0.002
-0.018 -0.007 -0.003
-0.018 -0.007 -0.004
-0.019 -0.007 -0.005
-0.019 -0.007 -0.005
-0.019 -0.007 -0.006
-0.020 -0.007 -0.007
-0.020 -0.007 -0.007
-0.021 -0.007 -0.008
-0.021 -0.007 -0.009
-0.021 -0.007 -0.009
-0.022 -0.007 -0.010
-0.022 -0.007 -0.010
-0.023 -0.007 -0.011
-0.023 -0.007 -0.011
-0.023 -0.007 -0.012
-0.024 -0.007 -0.013
-0.024 -0.007 -0.013
-0.025 -0.007 -0.014
-0.025 -0.007 -0.014
-0.025 -0.007 -0.015
-0.026 -0.007 -0.016
-0.026 -0.007 -0.016
-0.027 -0.007 -0.017
-0.027 -0.007 -0.017
-0.027 -0.007 -0.018
-0.028 -0.007 -0.018
-0.028 -0.007 -0.019
-0.029 -0.007 -0.020
-0.029 -0.007 -0.020
-0.029 -0.007 -0.021
-0.030 -0.007 -0.021
-0.030 -0.007 -0.022
-0.030 -0.007 -0.022
-0.031 -0.007 -0.023
-0.031 -0.006 -0.024
-0.032 -0.006 -0.024
-0.032 -0.005 -0.025
-0.033 -0.005 -0.026
-0.033 -0.005 -0.026
-0.033 -0.005 -0.027
-0.034 -0.003 -0.028
-0.032 -0.010 -0.024
0.238 0.226 0.394
0.238 0.224 0.394
0.238 0.222 0.393
0.237 0.220 0.393
0.237 0.217 0.392
0.237 0.215 0.392
0.237 0.213 0.391
0.237 0.210 0.391
0.237 0.208 0.391
0.236 0.206 0.391
0.236 0.204 0.390
0.236 0.201 0.390
0.236 0.199 0.390
0.236 0.197 0.390
0.236 0.194 0.389
0.236 0.192 0.389
0.235 0.190 0.388
0.235 0.187 0.388
0.235 0.185 0.387
0.234 0.183 0.387
0.235 0.180 0.387
0.235 0.178 0.387
0.235 0.176 0.387
0.235 0.174 0.387
0.235 0.171 0.387
0.235 0.169 0.387
0.235 0.167 0.387
0.235 0.164 0.387
0.235 0.162 0.386
0.234 0.159 0.385
0.234 0.157 0.385
0.234 0.154 0.385
0.234 0.152 0.385
0.234 0.150 0.384
0.234 0.147 0.384
0.233 0.145 0.384
0.233 0.142 0.383
0.233 0.140 0.383
0.233 0.138 0.382
0.233 0.135 0.383
0.233 0.133 0.383
0.233 0.130 0.382
0.232 0.128 0.381
0.232 0.125 0.381
0.232 0.123 0.381
0.233 0.121 0.382
0.234 0.118 0.383
0.235 0.116 0.385
0.237 0.113 0.388
0.226 0.110 0.371
0.122 0.102 0.213
0.126 0.100 0.219
0.173 0.101 0.291
0.187 0.099 0.311
0.193 0.097 0.321
0.197 0.095 0.327
0.200 0.093 0.331
0.200 0.090 0.331
0.198 0.088 0.328
0.196 0.086 0.324
0.193 0.084 0.320
0.192 0.081 0.318
0.190 0.079 0.316
0.190 0.077 0.315
0.189 0.075 0.314
0.188 0.073 0.312
0.187 0.071 0.310
0.186 0.068 0.309
0.183 0.066 0.304
0.181 0.064 0.301
0.174 0.063 0.290
0.163 0.062 0.273
0.153 0.061 0.258
0.151 0.060 0.255
0.153 0.057 0.258
0.155 0.055 0.262
0.152 0.054 0.256
0.146 0.052 0.248
0.145 0.051 0.246
0.111 0.055 0.195
0.036 0.068 0.082
0.032 0.068 0.076
0.029 0.068 0.071
0.027 0.067 0.068
0.025 0.067 0.065
0.024 0.066 0.064
0.024 0.066 0.063
0.023 0.065 0.062
0.023 0.064 0.062
0.023 0.063 0.063
0.023 0.062 0.062
0.023 0.061 0.062
0.023 0.060 0.062
0.023 0.060 0.061
0.023 0.059 0.061
0.022 0.058 0.061
0.022 0.057 0.061
0.022 0.056 0.061
0.023 0.055 0.061
0.023 0.054 0.061
0.022 0.053 0.061
0.022 0.052 0.060
0.022 0.051 0.060
0.022 0.051 0.060
0.022 0.050 0.060
0.022 0.049 0.060
0.022 0.048 0.059
0.022 0.047 0.059
0.022 0.046 0.059
0.022 0.045 0.059
0.022 0.044 0.059
0.022 0.043 0.059
0.021 0.042 0.059
0.021 0.041 0.058
0.021 0.040 0.059
0.021 0.040 0.059
0.022 0.038 0.059
0.022 0.037 0.059
0.022 0.036 0.059
0.022 0.035 0.059
0.022 0.034 0.059
0.022 0.033 0.059
0.022 0.032 0.059
0.023 0.031 0.060
0.023 0.030 0.060
0.021 0.030 0.058
0.019 0.030 0.055
0.018 0.030 0.054
0.018 0.029 0.053
0.017 0.028 0.052
0.017 0.028 0.051
0.017 0.027 0.051
0.017 0.026 0.051
0.017 0.025 0.051
0.017 0.024 0.052
0.018 0.022 0.052
0.018 0.021 0.052
0.018 0.020 0.052
0.018 0.019 0.052
0.018 0.018 0.053
0.018 0.017 0.053
0.018 0.016 0.052
0.018 0.015 0.052
0.018 0.014 0.052
0.018 0.013 0.052
0.018 0.012 0.053
0.019 0.011 0.053
0.018 0.010 0.053
0.018 0.008 0.053
0.018 0.008 0.052
0.018 0.006 0.052
0.018 0.006 0.052
0.018 0.005 0.052
0.018 0.003 0.052
0.018 0.002 0.052
0.018 0.001 0.052
0.018 0.001 0.051
0.018 0.000 0.051
0.017 -0.001 0.050
0.017 -0.002 0.050
0.017 -0.002 0.049
0.016 -0.003 0.049
0.015 -0.003 0.047
0.014 -0.003 0.046
0.013 -0.003 0.045
0.013 -0.004 0.044
0.012 -0.004 0.042
0.011 -0.004 0.041
0.010 -0.004 0.040
0.010 -0.004 0.039
0.009 -0.004 0.037
0.008 -0.004 0.036
0.007 -0.005 0.035
0.006 -0.004 0.034
0.005 -0.004 0.032
0.005 -0.005 0.031
0.004 -0.005 0.030
0.003 -0.005 0.029
0.003 -0.005 0.028
0.002 -0.005 0.027
0.001 -0.005 0.026
0.000 -0.005 0.025
0.000 -0.005 0.024
-0.001 -0.005 0.022
-0.002 -0.005 0.021
-0.003 -0.005 0.020
-0.003 -0.005 0.019
-0.004 -0.005 0.018
-0.005 -0.005 0.017
-0.005 -0.005 0.016
-0.006 -0.005 0.015
-0.006 -0.005 0.015
-0.007 -0.005 0.014
-0.008 -0.005 0.013
-0.008 -0.006 0.012
-0.009 -0.005 0.011
-0.009 -0.005 0.010
-0.010 -0.006 0.009
-0.010 -0.006 0.009
-0.011 -0.006 0.008
-0.011 -0.006 0.007
-0.012 -0.006 0.006
-0.012 -0.006 0.006
-0.013 -0.006 0.005
-0.013 -0.006 0.004
-0.014 -0.007 0.003
-0.014 -0.007 0.003
-0.015 -0.006 0.002
-0.015 -0.007 0.001
-0.016 -0.007 0.001
-0.016 -0.007 0.000
-0.016 -0.007 -0.001
-0.017 -0.007 -0.002
-0.017 -0.007 -0.002
-0.018 -0.007 -0.003
-0.018 -0.007 -0.004
-0.019 -0.007 -0.004
-0.019 -0.007 -0.005
-0.020 -0.007 -0.006
-0.020 -0.007 -0.006
-0.021 -0.007 -0.007
-0.021 -0.007 -0.008
-0.021 -0.007 -0.008
-0.022 -0.007 -0.009
-0.022 -0.007 -0.009
-0.023 -0.007 -0.010
-0.023 -0.007 -0.011
-0.023 -0.007 -0.011
-0.024 -0.007 -0.012
-0.024 -0.007 -0.013
-0.025 -0.007 -0.013
-0.025 -0.007 -0.014
-0.025 -0.007 -0.014
-0.026 -0.007 -0.015
-0.026 -0.007 -0.016
-0.027 -0.007 -0.016
-0.027 -0.007 -0.017
-0.027 -0.007 -0.017
-0.028 -0.007 -0.018
-0.028 -0.007 -0.018
-0.028 -0.007 -0.019
-0.029 -0.007 -0.020
-0.029 -0.007 -0.020
-0.030 -0.007 -0.021
-0.030 -0.007 -0.021
-0.030 -0.007 -0.021
-0.030 -0.007 -0.022
-0.031 -0.007 -0.023
-0.031 -0.006 -0.024
-0.032 -0.006 -0.024
-0.032 -0.006 -0.025
-0.033 -0.005 -0.025
-0.033 -0.005 -0.026
-0.034 -0.004 -0.027
-0.035 -0.003 -0.028
-0.032 -0.010 -0.024
0.237 0.226 0.395
0.237 0.224 0.395
0.236 0.222 0.394
0.236 0.220 0.394
0.236 0.217 0.393
0.236 0.215 0.393
0.236 0.213 0.393
0.236 0.210 0.393
0.235 0.208 0.392
0.235 0.206 0.392
0.235 0.204 0.392
0.235 0.201 0.391
0.235 0.199 0.391
0.235 0.197 0.391
0.234 0.194 0.390
0.234 0.192 0.390
0.234 0.190 0.390
0.234 0.187 0.389
0.234 0.185 0.388
0.233 0.183 0.388
0.233 0.180 0.388
0.233 0.178 0.388
0.233 0.176 0.388
0.234 0.173 0.388
0.234 0.171 0.388
0.234 0.169 0.388
0.234 0.167 0.388
0.234 0.164 0.388
0.234 0.162 0.387
0.233 0.159 0.387
0.233 0.157 0.386
0.233 0.154 0.386
0.233 0.152 0.386
0.232 0.150 0.385
0.233 0.147 0.385
0.232 0.145 0.385
0.232 0.142 0.385
0.232 0.140 0.384
0.232 0.138 0.383
0.232 0.135 0.383
0.231 0.133 0.383
0.232 0.130 0.383
0.231 0.128 0.382
0.231 0.125 0.382
0.231 0.123 0.382
0.232 0.121 0.383
0.232 0.118 0.384
0.234 0.116 0.386
0.236 0.113 0.390
0.202 0.109 0.337
0.121 0.102 0.213
0.126 0.100 0.220
0.168 0.100 0.284
0.185 0.099 0.311
0.193 0.097 0.324
0.198 0.095 0.330
0.200 0.093 0.333
0.199 0.090 0.332
0.197 0.088 0.329
0.194 0.086 0.324
0.192 0.084 0.320
0.190 0.081 0.318
0.189 0.079 0.316
0.188 0.077 0.315
0.187 0.075 0.313
0.186 0.073 0.312
0.185 0.071 0.310
0.183 0.068 0.307
0.182 0.066 0.305
0.179 0.064 0.301
0.177 0.062 0.297
0.170 0.061 0.287
0.162 0.060 0.275
0.156 0.059 0.264
0.155 0.057 0.263
0.155 0.055 0.263
0.152 0.053 0.259
0.146 0.052 0.249
0.139 0.052 0.239
0.106 0.056 0.189
0.037 0.068 0.084
0.033 0.068 0.078
0.028 0.068 0.071
0.026 0.067 0.068
0.025 0.067 0.065
0.024 0.066 0.064
0.023 0.066 0.063
0.023 0.065 0.063
0.023 0.064 0.063
0.023 0.063 0.063
0.023 0.062 0.063
0.023 0.061 0.062
0.022 0.060 0.062
0.022 0.059 0.062
0.022 0.059 0.061
0.022 0.058 0.061
0.022 0.057 0.061
0.022 0.056 0.061
0.022 0.055 0.061
0.022 0.054 0.061
0.022 0.053 0.061
0.022 0.052 0.061
0.022 0.051 0.060
0.021 0.051 0.060
0.021 0.050 0.060
0.021 0.049 0.060
0.021 0.048 0.060
0.021 0.047 0.060
0.021 0.046 0.060
0.021 0.045 0.060
0.021 0.044 0.059
0.021 0.043 0.059
0.021 0.042 0.059
0.021 0.041 0.059
0.021 0.041 0.059
0.021 0.040 0.059
0.021 0.039 0.059
0.021 0.037 0.059
0.021 0.036 0.059
0.022 0.035 0.059
0.021 0.034 0.059
0.022 0.033 0.059
0.022 0.032 0.060
0.022 0.031 0.060
0.022 0.030 0.060
0.021 0.030 0.058
0.019 0.030 0.056
0.018 0.030 0.054
0.017 0.029 0.053
0.017 0.028 0.052
0.017 0.028 0.052
0.017 0.027 0.052
0.016 0.026 0.051
0.017 0.025 0.052
0.017 0.023 0.052
0.017 0.022 0.052
0.017 0.021 0.052
0.017 0.020 0.053
0.018 0.019 0.053
0.018 0.018 0.053
0.018 0.017 0.053
0.018 0.016 0.053
0.018 0.015 0.053
0.018 0.014 0.053
0.018 0.013 0.053
0.018 0.012 0.053
0.018 0.011 0.053
0.018 0.009 0.053
0.018 0.008 0.053
0.018 0.007 0.053
0.018 0.006 0.053
0.018 0.005 0.053
0.018 0.004 0.052
0.018 0.003 0.052
0.018 0.002 0.053
0.018 0.001 0.052
0.017 0.001 0.052
0.017 0.000 0.051
0.017 -0.001 0.051
0.016 -0.002 0.050
0.016 -0.002 0.050
0.016 -0.003 0.049
0.015 -0.003 0.048
0.014 -0.003 0.046
0.013 -0.004 0.045
0.012 -0.004 0.044
0.012 -0.004 0.043
0.011 -0.004 0.042
0.010 -0.004 0.040
0.009 -0.004 0.039
0.008 -0.004 0.038
0.007 -0.004 0.036
0.007 -0.005 0.035
0.006 -0.005 0.034
0.005 -0.004 0.033
0.004 -0.005 0.031
0.003 -0.005 0.030
0.003 -0.005 0.029
0.002 -0.005 0.028
0.002 -0.005 0.027
0.001 -0.005 0.026
0.000 -0.005 0.025
-0.001 -0.005 0.024
-0.002 -0.005 0.023
-0.002 -0.005 0.022
-0.003 -0.005 0.021
-0.004 -0.005 0.020
-0.004 -0.005 0.019
-0.005 -0.005 0.018
-0.005 -0.005 0.017
-0.006 -0.005 0.016
-0.007 -0.005 0.015
-0.007 -0.005 0.014
-0.008 -0.005 0.013
-0.008 -0.006 0.012
-0.009 -0.005 0.011
-0.010 -0.006 0.010
-0.010 -0.006 0.010
-0.011 -0.006 0.009
-0.011 -0.006 0.008
-0.012 -0.006 0.007
-0.012 -0.006 0.007
-0.013 -0.006 0.006
-0.013 -0.006 0.005
-0.013 -0.007 0.005
-0.014 -0.007 0.004
-0.014 -0.007 0.003
-0.015 -0.007 0.002
-0.015 -0.007 0.001
-0.016 -0.007 0.001
-0.016 -0.007 0.000
-0.017 -0.007 -0.001
-0.017 -0.007 -0.001
-0.018 -0.007 -0.002
-0.018 -0.007 -0.003
-0.019 -0.007 -0.003
-0.019 -0.007 -0.004
-0.020 -0.007 -0.005
-0.020 -0.007 -0.006
-0.021 -0.007 -0.006
-0.021 -0.007 -0.007
-0.021 -0.007 -0.007
-0.022 -0.007 -0.008
-0.022 -0.007 -0.009
-0.022 -0.007 -0.009
-0.023 -0.007 -0.010
-0.023 -0.007 -0.010
-0.024 -0.007 -0.011
-0.024 -0.008 -0.012
-0.025 -0.007 -0.012
-0.025 -0.007 -0.013
-0.025 -0.007 -0.014
-0.026 -0.007 -0.014
-0.026 -0.007 -0.015
-0.027 -0.007 -0.016
-0.027 -0.007 -0.016
-0.027 -0.007 -0.017
-0.028 -0.007 -0.017
-0.028 -0.007 -0.018
-0.028 -0.007 -0.018
-0.029 -0.007 -0.019
-0.029 -0.007 -0.019
-0.030 -0.006 -0.020
-0.030 -0.007 -0.021
-0.030 -0.007 -0.021
-0.030 -0.007 -0.021
-0.031 -0.007 -0.022
-0.031 -0.007 -0.023
-0.032 -0.006 -0.023
-0.032 -0.006 -0.024
-0.033 -0.006 -0.025
-0.033 -0.005 -0.025
-0.033 -0.005 -0.026
-0.034 -0.004 -0.027
-0.035 -0.003 -0.028
-0.032 -0.010 -0.024
0.235 0.226 0.396
0.235 0.224 0.396
0.235 0.222 0.395
0.235 0.220 0.395
0.235 0.217 0.394
0.235 0.215 0.394
0.234 0.213 0.394
0.234 0.210 0.393
0.234 0.208 0.393
0.234 0.206 0.393
0.234 0.204 0.392
0.234 0.201 0.392
0.234 0.199 0.392
0.233 0.197 0.391
0.233 0.194 0.391
0.233 0.192 0.391
0.233 0.190 0.390
0.233 0.187 0.390
0.232 0.185 0.390
0.232 0.183 0.389
0.232 0.180 0.389
0.232 0.178 0.389
0.232 0.176 0.389
0.232 0.173 0.389
0.232 0.171 0.389
0.232 0.169 0.389
0.232 0.166 0.389
0.232 0.164 0.388
0.232 0.162 0.388
0.232 0.159 0.388
0.232 0.157 0.388
0.232 0.155 0.387
0.232 0.152 0.387
0.231 0.150 0.386
0.231 0.147 0.386
0.231 0.145 0.386
0.231 0.142 0.385
0.231 0.140 0.385
0.230 0.138 0.385
0.230 0.135 0.384
0.230 0.133 0.384
0.230 0.130 0.384
0.230 0.128 0.383
0.230 0.125 0.383
0.230 0.123 0.383
0.231 0.120 0.384
0.231 0.118 0.385
0.232 0.116 0.386
0.236 0.113 0.393
0.209 0.109 0.351
0.122 0.102 0.217
0.131 0.100 0.230
0.151 0.100 0.261
0.180 0.099 0.306
0.193 0.097 0.325
0.196 0.095 0.330
0.199 0.093 0.335
0.198 0.090 0.332
0.195 0.088 0.329
0.192 0.086 0.324
0.190 0.084 0.320
0.189 0.081 0.318
0.187 0.079 0.317
0.187 0.077 0.315
0.186 0.075 0.314
0.185 0.073 0.312
0.184 0.071 0.310
0.182 0.068 0.308
0.180 0.066 0.305
0.178 0.064 0.301
0.176 0.062 0.299
0.173 0.061 0.294
0.169 0.059 0.287
0.163 0.058 0.278
0.158 0.056 0.270
0.156 0.055 0.267
0.152 0.053 0.262
0.150 0.051 0.258
0.144 0.051 0.248
0.125 0.052 0.220
0.038 0.068 0.087
0.033 0.068 0.079
0.027 0.068 0.071
0.026 0.067 0.068
0.024 0.067 0.066
0.024 0.066 0.065
0.023 0.065 0.064
0.023 0.065 0.064
0.023 0.064 0.064
0.023 0.063 0.063
0.022 0.062 0.063
0.022 0.061 0.063
0.022 0.060 0.062
0.022 0.059 0.062
0.022 0.059 0.062
0.022 0.058 0.062
0.022 0.057 0.062
0.022 0.056 0.062
0.022 0.055 0.062
0.022 0.054 0.062
0.022 0.053 0.061
0.021 0.052 0.061
0.021 0.051 0.061
0.021 0.051 0.060
0.021 0.050 0.060
0.021 0.049 0.060
0.021 0.048 0.060
0.021 0.047 0.060
0.021 0.046 0.060
0.021 0.045 0.060
0.021 0.044 0.060
0.021 0.043 0.059
0.021 0.042 0.059
0.020 0.041 0.059
0.020 0.041 0.059
0.020 0.040 0.059
0.021 0.038 0.059
0.021 0.037 0.059
0.021 0.036 0.060
0.021 0.035 0.059
0.021 0.034 0.060
0.021 0.033 0.060
0.021 0.032 0.060
0.022 0.031 0.061
0.022 0.030 0.061
0.021 0.030 0.059
0.019 0.030 0.056
0.018 0.030 0.054
0.017 0.029 0.053
0.017 0.028 0.053
0.016 0.028 0.052
0.016 0.027 0.052
0.016 0.026 0.052
0.016 0.025 0.052
0.017 0.023 0.053
0.017 0.022 0.053
0.017 0.021 0.053
0.017 0.020 0.053
0.017 0.019 0.053
0.017 0.018 0.053
0.017 0.017 0.053
0.017 0.016 0.053
0.017 0.015 0.053
0.017 0.014 0.053
0.017 0.013 0.053
0.018 0.012 0.054
0.018 0.010 0.054
0.018 0.009 0.054
0.018 0.008 0.054
0.018 0.007 0.053
0.018 0.006 0.053
0.017 0.005 0.053
0.017 0.004 0.053
0.017 0.003 0.053
0.017 0.002 0.053
0.017 0.001 0.052
0.017 0.001 0.052
0.017 0.000 0.052
0.016 -0.001 0.051
0.016 -0.002 0.051
0.016 -0.003 0.050
0.015 -0.003 0.049
0.014 -0.003 0.048
0.013 -0.003 0.047
0.013 -0.004 0.045
0.012 -0.004 0.044
0.011 -0.004 0.043
0.010 -0.004 0.042
0.010 -0.004 0.041
0.009 -0.004 0.039
0.008 -0.004 0.038
0.007 -0.005 0.037
0.006 -0.005 0.036
0.005 -0.005 0.034
0.004 -0.004 0.033
0.004 -0.005 0.032
0.003 -0.005 0.031
0.002 -0.005 0.030
0.002 -0.005 0.029
0.001 -0.005 0.028
0.000 -0.005 0.026
0.000 -0.005 0.025
-0.001 -0.005 0.024
-0.002 -0.005 0.023
-0.003 -0.005 0.022
-0.003 -0.005 0.021
-0.004 -0.005 0.020
-0.005 -0.005 0.019
-0.005 -0.005 0.018
-0.006 -0.005 0.017
-0.006 -0.005 0.016
-0.007 -0.005 0.015
-0.008 -0.005 0.014
-0.008 -0.005 0.013
-0.009 -0.006 0.013
-0.009 -0.006 0.012
-0.010 -0.006 0.011
-0.011 -0.006 0.010
-0.011 -0.006 0.009
-0.012 -0.006 0.008
-0.012 -0.006 0.008
-0.012 -0.006 0.007
-0.013 -0.006 0.006
-0.013 -0.006 0.005
-0.014 -0.007 0.005
-0.014 -0.007 0.004
-0.015 -0.007 0.003
-0.015 -0.007 0.003
-0.016 -0.007 0.002
-0.016 -0.007 0.001
-0.017 -0.007 0.000
-0.017 -0.007 0.000
-0.018 -0.007 -0.001
-0.018 -0.007 -0.002
-0.019 -0.007 -0.003
-0.019 -0.007 -0.003
-0.019 -0.007 -0.004
-0.020 -0.007 -0.005
-0.020 -0.007 -0.005
-0.021 -0.007 -0.006
-0.021 -0.007 -0.007
-0.022 -0.007 -0.007
-0.022 -0.007 -0.008
-0.022 -0.007 -0.008
-0.023 -0.007 -0.009
-0.023 -0.007 -0.010
-0.024 -0.007 -0.010
-0.024 -0.007 -0.011
-0.024 -0.007 -0.011
-0.025 -0.007 -0.012
-0.025 -0.007 -0.013
-0.026 -0.007 -0.013
-0.026 -0.007 -0.014
-0.026 -0.007 -0.015
-0.027 -0.007 -0.015
-0.027 -0.007 -0.016
-0.028 -0.007 -0.016
-0.028 -0.007 -0.017
-0.028 -0.007 -0.017
-0.028 -0.007 -0.018
-0.029 -0.007 -0.018
-0.029 -0.007 -0.019
-0.030 -0.006 -0.020
-0.030 -0.007 -0.020
-0.030 -0.007 -0.021
-0.031 -0.007 -0.021
-0.031 -0.007 -0.022
-0.031 -0.007 -0.022
-0.032 -0.006 -0.023
-0.032 -0.006 -0.024
-0.033 -0.006 -0.024
-0.033 -0.005 -0.025
-0.034 -0.005 -0.026
-0.034 -0.004 -0.027
-0.035 -0.003 -0.028
-0.033 -0.010 -0.024
0.234 0.226 0.397
0.234 0.224 0.397
0.234 0.222 0.397
0.234 0.219 0.396
0.233 0.217 0.395
0.233 0.215 0.395
0.233 0.213 0.395
0.233 0.210 0.394
0.233 0.208 0.394
0.233 0.206 0.394
0.233 0.203 0.393
0.233 0.201 0.393
0.232 0.199 0.393
0.232 0.197 0.392
0.232 0.194 0.392
0.232 0.192 0.392
0.231 0.190 0.391
0.231 0.187 0.391
0.231 0.185 0.391
0.231 0.183 0.390
0.231 0.180 0.390
0.231 0.178 0.390
0.231 0.176 0.389
0.231 0.173 0.389
0.231 0.171 0.389
0.231 0.169 0.389
0.231 0.166 0.389
0.231 0.164 0.389
0.231 0.162 0.389
0.231 0.159 0.389
0.231 0.157 0.389
0.231 0.155 0.389
0.230 0.152 0.388
0.230 0.150 0.387
0.230 0.147 0.387
0.230 0.145 0.387
0.229 0.142 0.386
0.230 0.140 0.387
0.229 0.137 0.386
0.229 0.135 0.385
0.229 0.133 0.385
0.229 0.130 0.385
0.228 0.128 0.384
0.228 0.125 0.384
0.228 0.123 0.384
0.229 0.120 0.385
0.229 0.118 0.385
0.229 0.115 0.385
0.234 0.113 0.392
0.223 0.110 0.375
0.123 0.102 0.221
0.126 0.100 0.225
0.129 0.099 0.230
0.169 0.098 0.292
0.188 0.097 0.320
0.194 0.095 0.330
0.197 0.093 0.334
0.195 0.090 0.332
0.193 0.088 0.328
0.190 0.086 0.324
0.188 0.084 0.320
0.187 0.081 0.319
0.186 0.079 0.317
0.185 0.077 0.316
0.184 0.075 0.314
0.183 0.073 0.312
0.182 0.070 0.311
0.181 0.068 0.309
0.179 0.066 0.306
0.177 0.064 0.302
0.174 0.062 0.298
0.172 0.060 0.295
0.171 0.058 0.293
0.167 0.057 0.287
0.162 0.055 0.279
0.157 0.054 0.272
0.154 0.053 0.266
0.151 0.051 0.263
0.148 0.049 0.258
0.136 0.050 0.238
0.052 0.065 0.110
0.036 0.067 0.085
0.026 0.068 0.070
0.025 0.068 0.068
0.024 0.067 0.066
0.023 0.066 0.066
0.023 0.065 0.065
0.023 0.064 0.064
0.023 0.064 0.064
0.022 0.063 0.064
0.022 0.062 0.064
0.022 0.061 0.063
0.022 0.060 0.063
0.022 0.059 0.063
0.022 0.058 0.062
0.021 0.058 0.062
0.021 0.057 0.062
0.021 0.056 0.062
0.021 0.055 0.062
0.021 0.054 0.062
0.021 0.053 0.062
0.021 0.052 0.062
0.021 0.051 0.061
0.020 0.051 0.061
0.020 0.050 0.060
0.020 0.049 0.060
0.020 0.048 0.060
0.020 0.047 0.060
0.020 0.046 0.060
0.020 0.045 0.060
0.020 0.044 0.060
0.020 0.043 0.060
0.020 0.042 0.060
0.020 0.041 0.059
0.020 0.040 0.059
0.020 0.039 0.060
0.020 0.038 0.060
0.020 0.037 0.060
0.020 0.036 0.060
0.020 0.035 0.060
0.021 0.034 0.060
0.021 0.033 0.060
0.021 0.032 0.060
0.021 0.031 0.061
0.021 0.030 0.061
0.020 0.030 0.059
0.018 0.030 0.057
0.017 0.030 0.055
0.016 0.029 0.054
0.016 0.028 0.053
0.016 0.028 0.053
0.016 0.027 0.052
0.016 0.026 0.052
0.016 0.025 0.052
0.016 0.023 0.053
0.016 0.022 0.053
0.016 0.021 0.053
0.016 0.020 0.053
0.017 0.019 0.053
0.017 0.018 0.054
0.017 0.017 0.054
0.017 0.016 0.054
0.017 0.015 0.054
0.017 0.014 0.054
0.017 0.013 0.054
0.017 0.011 0.054
0.017 0.010 0.054
0.017 0.009 0.054
0.017 0.008 0.054
0.017 0.007 0.054
0.017 0.006 0.054
0.017 0.005 0.054
0.017 0.004 0.054
0.017 0.003 0.054
0.017 0.002 0.054
0.017 0.001 0.053
0.017 0.000 0.053
0.016 0.000 0.052
0.016 -0.001 0.052
0.016 -0.002 0.051
0.015 -0.002 0.050
0.014 -0.003 0.049
0.014 -0.003 0.048
0.013 -0.003 0.047
0.012 -0.004 0.046
0.012 -0.004 0.045
0.011 -0.004 0.044
0.010 -0.004 0.042
0.009 -0.004 0.041
0.008 -0.004 0.040
0.007 -0.004 0.038
0.007 -0.005 0.037
0.006 -0.005 0.036
0.005 -0.005 0.035
0.004 -0.005 0.033
0.003 -0.005 0.032
0.003 -0.005 0.031
0.002 -0.005 0.030
0.001 -0.005 0.029
0.001 -0.005 0.028
0.000 -0.005 0.027
-0.001 -0.005 0.026
-0.002 -0.005 0.024
-0.002 -0.005 0.023
-0.003 -0.005 0.022
-0.004 -0.005 0.021
-0.004 -0.005 0.020
-0.005 -0.005 0.019
-0.006 -0.005 0.018
-0.006 -0.005 0.017
-0.007 -0.005 0.016
-0.007 -0.005 0.015
-0.008 -0.005 0.014
-0.009 -0.006 0.014
-0.009 -0.006 0.013
-0.010 -0.006 0.012
-0.010 -0.006 0.011
-0.011 -0.006 0.010
-0.011 -0.006 0.009
-0.012 -0.006 0.008
-0.012 -0.006 0.008
-0.013 -0.006 0.007
-0.013 -0.006 0.006
-0.014 -0.006 0.006
-0.014 -0.007 0.005
-0.015 -0.007 0.004
-0.015 -0.007 0.004
-0.016 -0.007 0.003
-0.016 -0.007 0.002
-0.017 -0.007 0.001
-0.017 -0.007 0.001
-0.017 -0.007 0.000
-0.018 -0.007 -0.001
-0.018 -0.007 -0.002
-0.019 -0.007 -0.002
-0.019 -0.007 -0.003
-0.020 -0.007 -0.004
-0.020 -0.007 -0.004
-0.021 -0.007 -0.005
-0.021 -0.007 -0.006
-0.022 -0.007 -0.006
-0.022 -0.007 -0.007
-0.022 -0.007 -0.008
-0.023 -0.007 -0.008
-0.023 -0.007 -0.009
-0.024 -0.007 -0.009
-0.024 -0.007 -0.010
-0.024 -0.007 -0.011
-0.025 -0.007 -0.011
-0.025 -0.007 -0.012
-0.026 -0.007 -0.013
-0.026 -0.007 -0.013
-0.026 -0.007 -0.014
-0.027 -0.007 -0.014
-0.027 -0.007 -0.015
-0.028 -0.007 -0.016
-0.028 -0.007 -0.016
-0.028 -0.007 -0.017
-0.028 -0.007 -0.017
-0.029 -0.007 -0.018
-0.029 -0.007 -0.018
-0.030 -0.007 -0.019
-0.030 -0.007 -0.020
-0.030 -0.007 -0.020
-0.031 -0.007 -0.021
-0.031 -0.007 -0.021
-0.031 -0.007 -0.022
-0.032 -0.007 -0.022
-0.032 -0.006 -0.023
-0.033 -0.006 -0.024
-0.033 -0.006 -0.024
-0.034 -0.005 -0.025
-0.034 -0.005 -0.025
-0.035 -0.004 -0.026
-0.035 -0.003 -0.028
-0.033 -0.010 -0.024
0.233 0.226 0.398
0.233 0.224 0.398
0.233 0.222 0.397
0.233 0.220 0.397
0.232 0.217 0.396
0.232 0.215 0.396
0.232 0.213 0.396
0.232 0.210 0.395
0.232 0.208 0.395
0.232 0.206 0.395
0.231 0.203 0.394
0.231 0.201 0.394
0.231 0.199 0.394
0.231 0.197 0.393
0.231 0.194 0.393
0.230 0.192 0.392
0.230 0.190 0.392
0.230 0.187 0.392
0.230 0.185 0.392
0.230 0.183 0.391
0.230 0.180 0.391
0.230 0.178 0.391
0.230 0.176 0.391
0.229 0.173 0.390
0.229 0.171 0.390
0.229 0.169 0.390
0.229 0.166 0.390
0.229 0.164 0.390
0.229 0.162 0.390
0.229 0.159 0.390
0.229 0.157 0.390
0.229 0.154 0.390
0.229 0.152 0.389
0.229 0.150 0.389
0.229 0.147 0.389
0.229 0.145 0.388
0.228 0.142 0.388
0.228 0.140 0.387
0.228 0.137 0.387
0.228 0.135 0.387
0.228 0.133 0.386
0.227 0.130 0.386
0.227 0.128 0.385
0.227 0.125 0.385
0.227 0.123 0.384
0.227 0.120 0.385
0.227 0.118 0.385
0.226 0.115 0.382
0.229 0.113 0.387
0.223 0.110 0.379
0.125 0.102 0.225
0.123 0.100 0.223
0.127 0.099 0.228
0.139 0.097 0.247
0.179 0.097 0.309
0.190 0.095 0.327
0.195 0.092 0.333
0.194 0.090 0.332
0.191 0.088 0.328
0.189 0.086 0.324
0.186 0.084 0.320
0.185 0.081 0.318
0.185 0.079 0.317
0.184 0.077 0.316
0.183 0.075 0.314
0.181 0.073 0.312
0.181 0.070 0.311
0.180 0.068 0.310
0.178 0.066 0.307
0.176 0.064 0.304
0.174 0.062 0.300
0.172 0.060 0.298
0.171 0.058 0.295
0.169 0.056 0.292
0.165 0.055 0.286
0.161 0.053 0.279
0.156 0.052 0.273
0.152 0.050 0.267
0.151 0.049 0.264
0.140 0.049 0.247
0.115 0.052 0.208
0.037 0.067 0.088
0.028 0.068 0.074
0.025 0.067 0.069
0.023 0.067 0.067
0.023 0.066 0.066
0.023 0.065 0.066
0.022 0.064 0.065
0.022 0.063 0.065
0.022 0.063 0.065
0.022 0.062 0.064
0.022 0.061 0.064
0.021 0.060 0.063
0.021 0.059 0.063
0.021 0.058 0.063
0.021 0.057 0.063
0.021 0.057 0.063
0.021 0.056 0.063
0.021 0.055 0.063
0.021 0.054 0.063
0.021 0.053 0.062
0.021 0.052 0.062
0.020 0.051 0.061
0.020 0.051 0.061
0.020 0.050 0.061
0.020 0.049 0.061
0.020 0.048 0.060
0.020 0.047 0.061
0.020 0.046 0.061
0.020 0.045 0.060
0.020 0.044 0.060
0.020 0.043 0.060
0.020 0.042 0.060
0.020 0.041 0.060
0.020 0.040 0.060
0.020 0.039 0.060
0.020 0.038 0.060
0.020 0.037 0.061
0.020 0.036 0.060
0.020 0.035 0.060
0.020 0.034 0.061
0.020 0.033 0.060
0.020 0.032 0.060
0.020 0.031 0.061
0.021 0.030 0.061
0.020 0.030 0.059
0.018 0.030 0.057
0.017 0.029 0.055
0.016 0.029 0.054
0.015 0.028 0.053
0.015 0.028 0.053
0.015 0.027 0.053
0.015 0.026 0.052
0.015 0.025 0.053
0.016 0.023 0.053
0.016 0.022 0.053
0.016 0.021 0.053
0.016 0.020 0.054
0.016 0.019 0.054
0.016 0.018 0.054
0.016 0.017 0.054
0.016 0.016 0.054
0.016 0.015 0.054
0.016 0.014 0.054
0.017 0.013 0.054
0.017 0.011 0.054
0.017 0.010 0.055
0.017 0.009 0.055
0.017 0.008 0.055
0.017 0.007 0.055
0.017 0.006 0.054
0.017 0.005 0.054
0.017 0.004 0.054
0.017 0.003 0.054
0.017 0.002 0.054
0.016 0.001 0.054
0.016 0.000 0.053
0.016 0.000 0.053
0.015 -0.001 0.052
0.015 -0.002 0.051
0.015 -0.002 0.051
0.014 -0.003 0.050
0.013 -0.003 0.048
0.013 -0.003 0.047
0.012 -0.004 0.046
0.011 -0.004 0.045
0.010 -0.004 0.044
0.010 -0.004 0.043
0.009 -0.004 0.041
0.008 -0.004 0.040
0.007 -0.004 0.039
0.006 -0.005 0.037
0.005 -0.005 0.036
0.004 -0.005 0.035
0.004 -0.005 0.034
0.003 -0.005 0.032
0.002 -0.005 0.031
0.002 -0.005 0.030
0.001 -0.005 0.029
0.000 -0.005 0.028
-0.001 -0.005 0.027
-0.001 -0.005 0.026
-0.002 -0.005 0.025
-0.003 -0.005 0.024
-0.003 -0.005 0.023
-0.004 -0.005 0.022
-0.005 -0.005 0.021
-0.005 -0.005 0.020
-0.006 -0.005 0.019
-0.007 -0.005 0.018
-0.007 -0.005 0.017
-0.008 -0.006 0.016
-0.008 -0.006 0.015
-0.009 -0.006 0.014
-0.010 -0.006 0.013
-0.010 -0.006 0.012
-0.011 -0.006 0.011
-0.011 -0.006 0.010
-0.012 -0.006 0.009
-0.012 -0.006 0.009
-0.013 -0.006 0.008
-0.013 -0.006 0.008
-0.014 -0.006 0.007
-0.014 -0.007 0.006
-0.015 -0.007 0.005
-0.015 -0.007 0.004
-0.015 -0.007 0.004
-0.016 -0.007 0.003
-0.016 -0.007 0.002
-0.017 -0.007 0.002
-0.017 -0.007 0.001
-0.018 -0.007 0.000
-0.018 -0.007 -0.001
-0.019 -0.007 -0.001
-0.019 -0.007 -0.002
-0.020 -0.007 -0.003
-0.020 -0.007 -0.004
-0.021 -0.007 -0.004
-0.021 -0.007 -0.005
-0.022 -0.007 -0.006
-0.022 -0.007 -0.006
-0.022 -0.007 -0.007
-0.023 -0.007 -0.007
-0.023 -0.007 -0.008
-0.023 -0.007 -0.009
-0.024 -0.007 -0.009
-0.024 -0.007 -0.010
-0.025 -0.007 -0.011
-0.025 -0.007 -0.011
-0.025 -0.007 -0.012
-0.026 -0.007 -0.012
-0.026 -0.007 -0.013
-0.026 -0.008 -0.013
-0.027 -0.007 -0.014
-0.027 -0.007 -0.015
-0.028 -0.007 -0.015
-0.028 -0.007 -0.016
-0.029 -0.007 -0.017
-0.029 -0.007 -0.017
-0.029 -0.007 -0.017
-0.030 -0.007 -0.018
-0.030 -0.007 -0.019
-0.030 -0.006 -0.020
-0.031 -0.006 -0.020
-0.031 -0.007 -0.020
-0.031 -0.007 -0.021
-0.032 -0.007 -0.021
-0.032 -0.006 -0.022
-0.033 -0.006 -0.023
-0.033 -0.006 -0.023
-0.033 -0.006 -0.024
-0.034 -0.005 -0.025
-0.034 -0.005 -0.025
-0.035 -0.004 -0.026
-0.036 -0.003 -0.028
-0.033 -0.010 -0.024
0.232 0.226 0.399
0.232 0.224 0.399
0.232 0.222 0.399
0.231 0.220 0.398
0.231 0.217 0.397
0.231 0.215 0.397
0.231 0.213 0.397
0.231 0.210 0.397
0.231 0.208 0.396
0.230 0.206 0.396
0.230 0.203 0.396
0.230 0.201 0.395
0.230 0.199 0.395
0.230 0.197 0.395
0.229 0.194 0.394
0.229 0.192 0.394
0.229 0.190 0.393
0.229 0.187 0.393
0.229 0.185 0.393
0.229 0.183 0.392
0.228 0.180 0.392
0.228 0.178 0.392
0.228 0.176 0.391
0.228 0.173 0.391
0.228 0.171 0.391
0.228 0.168 0.391
0.228 0.166 0.391
0.228 0.164 0.391
0.228 0.161 0.391
0.228 0.159 0.391
0.228 0.157 0.391
0.228 0.154 0.390
0.228 0.152 0.390
0.228 0.150 0.390
0.227 0.147 0.389
0.228 0.145 0.390
0.227 0.142 0.389
0.227 0.140 0.389
0.227 0.137 0.388
0.227 0.135 0.388
0.226 0.133 0.387
0.226 0.130 0.386
0.225 0.128 0.386
0.225 0.125 0.385
0.225 0.123 0.384
0.225 0.120 0.385
0.225 0.118 0.384
0.223 0.115 0.382
0.225 0.113 0.385
0.222 0.110 0.380
0.149 0.103 0.265
0.123 0.100 0.225
0.121 0.098 0.222
0.124 0.097 0.227
0.168 0.096 0.295
0.185 0.095 0.322
0.190 0.092 0.329
0.193 0.090 0.333
0.191 0.088 0.330
0.189 0.086 0.327
0.186 0.083 0.323
0.185 0.081 0.320
0.184 0.079 0.319
0.183 0.077 0.317
0.182 0.075 0.316
0.181 0.073 0.314
0.180 0.070 0.312
0.179 0.068 0.311
0.177 0.066 0.308
0.175 0.064 0.305
0.174 0.062 0.303
0.172 0.060 0.300
0.170 0.058 0.297
0.169 0.056 0.295
0.166 0.054 0.291
0.163 0.053 0.286
0.159 0.051 0.280
0.153 0.050 0.270
0.151 0.049 0.266
0.145 0.048 0.257
0.125 0.050 0.227
0.079 0.057 0.155
0.024 0.068 0.069
0.025 0.067 0.071
0.023 0.067 0.068
0.023 0.066 0.067
0.023 0.065 0.066
0.022 0.064 0.066
0.022 0.063 0.066
0.022 0.063 0.065
0.022 0.062 0.065
0.022 0.061 0.065
0.021 0.060 0.064
0.021 0.059 0.064
0.021 0.058 0.064
0.021 0.057 0.064
0.021 0.057 0.063
0.021 0.056 0.063
0.021 0.055 0.063
0.021 0.054 0.063
0.020 0.053 0.063
0.020 0.052 0.062
0.020 0.051 0.062
0.020 0.051 0.061
0.019 0.050 0.061
0.019 0.049 0.061
0.019 0.048 0.061
0.019 0.047 0.061
0.020 0.046 0.061
0.020 0.045 0.061
0.019 0.044 0.061
0.019 0.043 0.061
0.019 0.042 0.060
0.019 0.041 0.060
0.019 0.040 0.060
0.020 0.039 0.061
0.020 0.038 0.061
0.020 0.037 0.061
0.020 0.036 0.061
0.020 0.035 0.061
0.020 0.034 0.061
0.020 0.033 0.061
0.020 0.032 0.061
0.020 0.031 0.061
0.020 0.030 0.061
0.019 0.030 0.060
0.017 0.030 0.057
0.016 0.029 0.055
0.015 0.029 0.054
0.015 0.028 0.053
0.015 0.028 0.053
0.015 0.027 0.053
0.015 0.026 0.053
0.015 0.025 0.053
0.015 0.023 0.054
0.015 0.022 0.054
0.015 0.021 0.054
0.016 0.020 0.054
0.016 0.019 0.054
0.016 0.018 0.055
0.016 0.017 0.055
0.016 0.016 0.055
0.016 0.015 0.054
0.016 0.014 0.055
0.016 0.012 0.055
0.016 0.011 0.055
0.016 0.010 0.055
0.017 0.009 0.055
0.017 0.008 0.055
0.017 0.007 0.055
0.016 0.006 0.055
0.016 0.005 0.055
0.017 0.004 0.055
0.016 0.003 0.055
0.016 0.002 0.055
0.016 0.001 0.054
0.016 0.000 0.054
0.015 -0.001 0.053
0.015 -0.001 0.052
0.015 -0.002 0.052
0.014 -0.002 0.051
0.013 -0.003 0.050
0.013 -0.003 0.049
0.012 -0.003 0.048
0.011 -0.004 0.046
0.011 -0.004 0.045
0.010 -0.004 0.044
0.009 -0.004 0.043
0.008 -0.004 0.041
0.007 -0.004 0.040
0.006 -0.004 0.039
0.006 -0.005 0.038
0.005 -0.005 0.036
0.004 -0.005 0.035
0.003 -0.005 0.034
0.002 -0.005 0.033
0.002 -0.005 0.032
0.001 -0.005 0.031
0.000 -0.005 0.030
0.000 -0.005 0.028
-0.001 -0.005 0.027
-0.002 -0.005 0.026
-0.002 -0.005 0.025
-0.003 -0.005 0.024
-0.004 -0.005 0.023
-0.004 -0.005 0.022
-0.005 -0.005 0.021
-0.006 -0.005 0.020
-0.006 -0.005 0.019
-0.007 -0.006 0.018
-0.007 -0.006 0.017
-0.008 -0.006 0.016
-0.009 -0.006 0.015
-0.009 -0.006 0.014
-0.010 -0.006 0.013
-0.010 -0.006 0.013
-0.011 -0.006 0.012
-0.012 -0.006 0.011
-0.012 -0.006 0.010
-0.013 -0.006 0.009
-0.013 -0.006 0.008
-0.013 -0.006 0.008
-0.014 -0.006 0.007
-0.014 -0.007 0.006
-0.015 -0.007 0.005
-0.015 -0.007 0.005
-0.016 -0.007 0.004
-0.016 -0.007 0.003
-0.017 -0.007 0.003
-0.017 -0.007 0.002
-0.018 -0.007 0.001
-0.018 -0.007 0.000
-0.019 -0.007 0.000
-0.019 -0.007 -0.001
-0.020 -0.007 -0.002
-0.020 -0.007 -0.003
-0.020 -0.007 -0.003
-0.021 -0.007 -0.004
-0.021 -0.007 -0.005
-0.022 -0.007 -0.005
-0.022 -0.007 -0.006
-0.023 -0.007 -0.007
-0.023 -0.007 -0.007
-0.023 -0.007 -0.008
-0.024 -0.007 -0.008
-0.024 -0.007 -0.009
-0.025 -0.007 -0.010
-0.025 -0.007 -0.010
-0.025 -0.007 -0.011
-0.026 -0.007 -0.012
-0.026 -0.007 -0.012
-0.026 -0.007 -0.013
-0.027 -0.008 -0.013
-0.027 -0.007 -0.014
-0.028 -0.007 -0.014
-0.028 -0.007 -0.015
-0.029 -0.007 -0.016
-0.029 -0.007 -0.016
-0.029 -0.007 -0.017
-0.029 -0.007 -0.017
-0.030 -0.007 -0.018
-0.030 -0.007 -0.019
-0.031 -0.006 -0.019
-0.031 -0.007 -0.020
-0.031 -0.007 -0.020
-0.032 -0.006 -0.021
-0.032 -0.006 -0.021
-0.033 -0.006 -0.022
-0.033 -0.006 -0.023
-0.033 -0.006 -0.023
-0.034 -0.006 -0.024
-0.034 -0.005 -0.025
-0.035 -0.005 -0.025
-0.035 -0.004 -0.026
-0.036 -0.002 -0.028
-0.034 -0.010 -0.024
0.230 0.226 0.400
0.231 0.224 0.400
0.231 0.222 0.400
0.230 0.219 0.399
0.230 0.217 0.398
0.230 0.215 0.398
0.229 0.213 0.398
0.229 0.210 0.397
0.229 0.208 0.397
0.229 0.206 0.397
0.229 0.204 0.397
0.229 0.201 0.396
0.229 0.199 0.396
0.228 0.197 0.396
0.228 0.194 0.395
0.228 0.192 0.395
0.228 0.190 0.395
0.228 0.187 0.394
0.228 0.185 0.394
0.228 0.183 0.394
0.227 0.180 0.393
0.227 0.178 0.393
0.227 0.176 0.393
0.227 0.173 0.392
0.227 0.171 0.392
0.227 0.168 0.392
0.226 0.166 0.392
0.226 0.164 0.391
0.226 0.161 0.391
0.226 0.159 0.391
0.227 0.157 0.391
0.227 0.154 0.391
0.226 0.152 0.391
0.226 0.150 0.391
0.226 0.147 0.390
0.226 0.145 0.390
0.226 0.142 0.391
0.226 0.140 0.390
0.226 0.137 0.390
0.225 0.135 0.389
0.225 0.132 0.388
0.225 0.130 0.387
0.224 0.128 0.387
0.224 0.125 0.386
0.223 0.123 0.385
0.223 0.120 0.385
0.223 0.118 0.384
0.222 0.115 0.383
0.224 0.113 0.387
0.224 0.110 0.386
0.220 0.108 0.380
0.130 0.100 0.237
0.122 0.098 0.225
0.128 0.097 0.235
0.149 0.096 0.267
0.181 0.094 0.318
0.188 0.092 0.329
0.191 0.090 0.333
0.191 0.088 0.334
0.189 0.086 0.331
0.187 0.083 0.327
0.185 0.081 0.324
0.184 0.079 0.322
0.183 0.077 0.320
0.182 0.075 0.318
0.180 0.072 0.316
0.179 0.070 0.314
0.178 0.068 0.312
0.176 0.066 0.309
0.175 0.064 0.307
0.173 0.062 0.304
0.172 0.060 0.302
0.170 0.058 0.299
0.168 0.056 0.296
0.166 0.054 0.293
0.164 0.052 0.289
0.160 0.051 0.284
0.153 0.050 0.273
0.150 0.048 0.267
0.145 0.047 0.259
0.131 0.048 0.237
0.080 0.057 0.157
0.023 0.068 0.069
0.025 0.067 0.072
0.023 0.067 0.069
0.023 0.066 0.068
0.022 0.065 0.067
0.022 0.064 0.067
0.022 0.063 0.066
0.022 0.062 0.066
0.022 0.062 0.066
0.021 0.061 0.066
0.021 0.060 0.065
0.021 0.059 0.065
0.021 0.058 0.064
0.021 0.057 0.064
0.020 0.056 0.064
0.020 0.056 0.064
0.020 0.055 0.063
0.020 0.054 0.063
0.020 0.053 0.063
0.020 0.052 0.063
0.020 0.051 0.062
0.019 0.050 0.062
0.019 0.050 0.062
0.019 0.049 0.061
0.019 0.048 0.061
0.019 0.047 0.061
0.019 0.046 0.061
0.019 0.045 0.061
0.019 0.044 0.061
0.019 0.043 0.061
0.019 0.042 0.061
0.019 0.041 0.061
0.019 0.040 0.061
0.019 0.039 0.061
0.019 0.038 0.061
0.019 0.037 0.062
0.019 0.036 0.061
0.019 0.035 0.062
0.020 0.034 0.062
0.019 0.033 0.061
0.019 0.032 0.061
0.020 0.031 0.062
0.020 0.030 0.062
0.018 0.030 0.060
0.017 0.030 0.058
0.016 0.030 0.055
0.015 0.029 0.054
0.014 0.029 0.053
0.014 0.028 0.053
0.014 0.027 0.053
0.014 0.026 0.053
0.015 0.024 0.054
0.015 0.023 0.054
0.015 0.022 0.054
0.015 0.021 0.054
0.015 0.020 0.054
0.015 0.019 0.055
0.016 0.018 0.055
0.016 0.017 0.055
0.016 0.016 0.055
0.016 0.014 0.055
0.016 0.013 0.055
0.016 0.012 0.055
0.016 0.011 0.055
0.016 0.010 0.056
0.016 0.009 0.056
0.016 0.008 0.056
0.016 0.007 0.056
0.016 0.006 0.056
0.016 0.005 0.055
0.016 0.003 0.056
0.016 0.002 0.056
0.016 0.002 0.055
0.016 0.001 0.055
0.015 0.000 0.054
0.015 -0.001 0.054
0.015 -0.001 0.053
0.014 -0.002 0.052
0.014 -0.002 0.051
0.013 -0.003 0.050
0.012 -0.003 0.049
0.011 -0.003 0.048
0.011 -0.004 0.047
0.010 -0.004 0.045
0.009 -0.004 0.044
0.008 -0.004 0.043
0.008 -0.004 0.042
0.007 -0.004 0.040
0.006 -0.004 0.039
0.005 -0.004 0.038
0.004 -0.005 0.037
0.004 -0.005 0.035
0.003 -0.005 0.034
0.002 -0.005 0.033
0.001 -0.005 0.032
0.001 -0.005 0.031
0.000 -0.005 0.030
-0.001 -0.005 0.029
-0.001 -0.005 0.028
-0.002 -0.005 0.026
-0.003 -0.005 0.025
-0.003 -0.005 0.024
-0.004 -0.005 0.023
-0.005 -0.005 0.022
-0.006 -0.005 0.021
-0.006 -0.005 0.020
-0.007 -0.005 0.019
-0.007 -0.006 0.018
-0.008 -0.006 0.017
-0.009 -0.006 0.016
-0.009 -0.006 0.015
-0.010 -0.006 0.014
-0.010 -0.006 0.014
-0.011 -0.006 0.013
-0.011 -0.006 0.012
-0.012 -0.006 0.011
-0.013 -0.006 0.010
-0.013 -0.006 0.009
-0.013 -0.006 0.009
-0.014 -0.006 0.008
-0.014 -0.006 0.007
-0.015 -0.007 0.006
-0.015 -0.007 0.006
-0.016 -0.007 0.005
-0.016 -0.007 0.004
-0.017 -0.007 0.004
-0.017 -0.007 0.003
-0.017 -0.007 0.002
-0.018 -0.007 0.001
-0.018 -0.007 0.001
-0.019 -0.007 0.000
-0.019 -0.007 -0.001
-0.020 -0.007 -0.001
-0.020 -0.007 -0.002
-0.021 -0.007 -0.003
-0.021 -0.007 -0.004
-0.022 -0.007 -0.005
-0.022 -0.007 -0.005
-0.023 -0.007 -0.006
-0.023 -0.007 -0.006
-0.023 -0.007 -0.007
-0.024 -0.007 -0.008
-0.024 -0.007 -0.008
-0.024 -0.007 -0.009
-0.025 -0.007 -0.009
-0.025 -0.007 -0.010
-0.026 -0.007 -0.011
-0.026 -0.007 -0.011
-0.026 -0.007 -0.012
-0.027 -0.007 -0.012
-0.027 -0.007 -0.013
-0.027 -0.008 -0.014
-0.028 -0.007 -0.014
-0.028 -0.007 -0.015
-0.029 -0.007 -0.016
-0.029 -0.007 -0.016
-0.029 -0.007 -0.017
-0.030 -0.007 -0.017
-0.030 -0.007 -0.018
-0.031 -0.007 -0.019
-0.031 -0.006 -0.019
-0.031 -0.007 -0.020
-0.032 -0.007 -0.020
-0.032 -0.006 -0.021
-0.032 -0.006 -0.021
-0.033 -0.006 -0.022
-0.033 -0.006 -0.023
-0.034 -0.006 -0.023
-0.034 -0.006 -0.024
-0.034 -0.005 -0.024
-0.035 -0.005 -0.025
-0.036 -0.004 -0.026
-0.036 -0.002 -0.028
-0.034 -0.010 -0.024
0.229 0.226 0.401
0.229 0.224 0.401
0.229 0.222 0.401
0.229 0.219 0.400
0.229 0.217 0.400
0.229 0.215 0.399
0.228 0.213 0.399
0.228 0.210 0.399
0.228 0.208 0.398
0.228 0.206 0.398
0.228 0.204 0.398
0.228 0.201 0.398
0.227 0.199 0.397
0.227 0.197 0.397
0.227 0.194 0.397
0.227 0.192 0.396
0.227 0.190 0.396
0.227 0.187 0.396
0.227 0.185 0.395
0.226 0.183 0.395
0.226 0.180 0.394
0.226 0.178 0.394
0.226 0.176 0.394
0.226 0.173 0.393
0.226 0.171 0.393
0.225 0.168 0.393
0.225 0.166 0.393
0.225 0.164 0.393
0.225 0.161 0.392
0.225 0.159 0.392
0.225 0.157 0.392
0.225 0.154 0.392
0.225 0.152 0.392
0.225 0.149 0.392
0.225 0.147 0.392
0.225 0.145 0.392
0.225 0.142 0.391
0.225 0.140 0.391
0.225 0.137 0.391
0.224 0.135 0.390
0.224 0.132 0.390
0.224 0.130 0.389
0.223 0.128 0.388
0.223 0.125 0.388
0.222 0.123 0.387
0.222 0.120 0.386
0.221 0.118 0.385
0.221 0.115 0.385
0.223 0.113 0.387
0.226 0.110 0.393
0.223 0.108 0.388
0.217 0.105 0.378
0.130 0.099 0.240
0.126 0.097 0.234
0.132 0.095 0.243
0.170 0.094 0.303
0.185 0.092 0.326
0.191 0.090 0.335
0.190 0.088 0.335
0.190 0.086 0.334
0.188 0.083 0.331
0.186 0.081 0.328
0.185 0.079 0.326
0.183 0.077 0.323
0.182 0.074 0.321
0.180 0.072 0.318
0.178 0.070 0.315
0.176 0.068 0.313
0.175 0.066 0.310
0.173 0.064 0.308
0.172 0.062 0.305
0.170 0.060 0.302
0.168 0.058 0.299
0.167 0.056 0.296
0.164 0.054 0.293
0.162 0.052 0.289
0.159 0.051 0.285
0.154 0.050 0.276
0.149 0.048 0.269
0.144 0.047 0.260
0.129 0.048 0.237
0.052 0.063 0.115
0.027 0.067 0.076
0.026 0.067 0.073
0.024 0.066 0.070
0.023 0.066 0.069
0.022 0.065 0.068
0.022 0.064 0.067
0.022 0.063 0.067
0.022 0.062 0.067
0.021 0.061 0.067
0.021 0.061 0.066
0.021 0.060 0.066
0.021 0.059 0.065
0.020 0.058 0.065
0.020 0.057 0.065
0.020 0.056 0.064
0.020 0.056 0.064
0.020 0.055 0.064
0.020 0.054 0.064
0.020 0.053 0.063
0.019 0.052 0.063
0.019 0.051 0.063
0.019 0.050 0.062
0.019 0.050 0.062
0.018 0.049 0.062
0.018 0.048 0.061
0.018 0.047 0.061
0.019 0.046 0.062
0.019 0.045 0.062
0.019 0.044 0.062
0.019 0.043 0.062
0.019 0.042 0.061
0.019 0.041 0.062
0.019 0.040 0.062
0.019 0.039 0.062
0.019 0.038 0.062
0.019 0.037 0.062
0.019 0.036 0.062
0.019 0.035 0.062
0.019 0.034 0.062
0.019 0.033 0.062
0.019 0.032 0.062
0.019 0.031 0.063
0.019 0.030 0.062
0.018 0.029 0.061
0.017 0.030 0.058
0.015 0.030 0.056
0.014 0.029 0.054
0.014 0.029 0.054
0.014 0.028 0.054
0.014 0.027 0.054
0.014 0.025 0.054
0.014 0.024 0.054
0.014 0.023 0.054
0.014 0.022 0.054
0.015 0.021 0.054
0.015 0.020 0.055
0.015 0.019 0.055
0.015 0.018 0.055
0.015 0.016 0.056
0.015 0.015 0.056
0.016 0.014 0.056
0.016 0.013 0.056
0.016 0.012 0.056
0.016 0.011 0.056
0.016 0.010 0.056
0.016 0.009 0.056
0.016 0.008 0.056
0.016 0.006 0.056
0.016 0.005 0.056
0.016 0.004 0.056
0.016 0.003 0.056
0.016 0.002 0.056
0.016 0.001 0.056
0.015 0.001 0.055
0.015 0.000 0.055
0.015 -0.001 0.054
0.014 -0.001 0.053
0.014 -0.002 0.053
0.013 -0.002 0.051
0.012 -0.003 0.050
0.012 -0.003 0.049
0.011 -0.003 0.048
0.010 -0.004 0.047
0.009 -0.004 0.046
0.009 -0.004 0.044
0.008 -0.004 0.043
0.007 -0.004 0.042
0.006 -0.004 0.041
0.005 -0.004 0.039
0.005 -0.004 0.038
0.004 -0.004 0.037
0.003 -0.005 0.036
0.002 -0.005 0.034
0.002 -0.005 0.033
0.001 -0.005 0.032
0.000 -0.005 0.031
0.000 -0.005 0.030
-0.001 -0.005 0.029
-0.002 -0.005 0.028
-0.003 -0.005 0.027
-0.003 -0.005 0.026
-0.004 -0.005 0.025
-0.005 -0.005 0.023
-0.005 -0.005 0.022
-0.006 -0.005 0.021
-0.007 -0.005 0.020
-0.007 -0.005 0.019
-0.008 -0.006 0.019
-0.008 -0.006 0.018
-0.009 -0.006 0.017
-0.010 -0.006 0.016
-0.010 -0.006 0.015
-0.011 -0.006 0.014
-0.011 -0.006 0.013
-0.012 -0.006 0.012
-0.012 -0.006 0.011
-0.013 -0.006 0.010
-0.013 -0.006 0.009
-0.014 -0.006 0.009
-0.014 -0.006 0.008
-0.015 -0.006 0.007
-0.015 -0.006 0.007
-0.016 -0.007 0.006
-0.016 -0.007 0.005
-0.017 -0.007 0.005
-0.017 -0.007 0.004
-0.017 -0.007 0.003
-0.018 -0.007 0.002
-0.018 -0.007 0.002
-0.019 -0.007 0.001
-0.019 -0.007 0.000
-0.020 -0.007 0.000
-0.020 -0.007 -0.001
-0.021 -0.007 -0.002
-0.021 -0.007 -0.003
-0.022 -0.007 -0.004
-0.022 -0.007 -0.004
-0.023 -0.007 -0.005
-0.023 -0.007 -0.005
-0.023 -0.007 -0.006
-0.024 -0.007 -0.007
-0.024 -0.007 -0.007
-0.024 -0.007 -0.008
-0.025 -0.007 -0.009
-0.025 -0.007 -0.009
-0.026 -0.007 -0.010
-0.026 -0.007 -0.011
-0.026 -0.007 -0.011
-0.027 -0.007 -0.012
-0.027 -0.007 -0.012
-0.027 -0.007 -0.013
-0.028 -0.007 -0.013
-0.028 -0.007 -0.014
-0.029 -0.007 -0.015
-0.029 -0.007 -0.016
-0.030 -0.007 -0.016
-0.030 -0.007 -0.016
-0.030 -0.007 -0.017
-0.031 -0.007 -0.018
-0.031 -0.007 -0.018
-0.031 -0.006 -0.019
-0.032 -0.006 -0.020
-0.032 -0.006 -0.020
-0.032 -0.006 -0.021
-0.033 -0.006 -0.021
-0.033 -0.006 -0.022
-0.034 -0.006 -0.022
-0.034 -0.006 -0.023
-0.034 -0.005 -0.024
-0.035 -0.005 -0.024
-0.035 -0.005 -0.025
-0.036 -0.004 -0.026
-0.037 -0.002 -0.027
-0.034 -0.010 -0.023
0.228 0.226 0.402
0.228 0.224 0.402
0.228 0.222 0.402
0.228 0.220 0.401
0.227 0.217 0.400
0.227 0.215 0.400
0.227 0.213 0.400
0.227 0.210 0.400
0.227 0.208 0.399
0.227 0.206 0.399
0.227 0.204 0.399
0.227 0.201 0.399
0.226 0.199 0.398
0.226 0.197 0.398
0.226 0.194 0.398
0.226 0.192 0.397
0.226 0.190 0.397
0.226 0.187 0.397
0.225 0.185 0.396
0.225 0.183 0.396
0.225 0.180 0.396
0.225 0.178 0.395
0.225 0.176 0.395
0.224 0.173 0.395
0.224 0.171 0.394
0.224 0.168 0.394
0.224 0.166 0.394
0.224 0.164 0.394
0.224 0.161 0.394
0.224 0.159 0.393
0.224 0.157 0.393
0.224 0.154 0.393
0.224 0.152 0.393
0.224 0.150 0.393
0.224 0.147 0.394
0.224 0.145 0.394
0.224 0.142 0.393
0.224 0.140 0.393
0.223 0.137 0.392
0.223 0.135 0.391
0.223 0.133 0.391
0.223 0.130 0.391
0.222 0.127 0.389
0.222 0.125 0.389
0.222 0.123 0.389
0.221 0.120 0.388
0.221 0.118 0.387
0.221 0.115 0.387
0.221 0.113 0.388
0.223 0.110 0.391
0.225 0.108 0.394
0.224 0.105 0.391
0.215 0.102 0.378
0.129 0.097 0.241
0.122 0.095 0.229
0.123 0.093 0.231
0.139 0.092 0.255
0.165 0.090 0.298
0.177 0.088 0.316
0.178 0.086 0.319
0.179 0.083 0.320
0.180 0.081 0.321
0.180 0.079 0.321
0.179 0.077 0.320
0.178 0.075 0.318
0.176 0.073 0.315
0.174 0.070 0.311
0.173 0.068 0.309
0.173 0.066 0.309
0.171 0.064 0.307
0.170 0.062 0.304
0.168 0.060 0.301
0.166 0.058 0.299
0.165 0.056 0.297
0.163 0.054 0.294
0.160 0.052 0.289
0.157 0.051 0.284
0.153 0.049 0.278
0.151 0.048 0.274
0.147 0.046 0.268
0.106 0.053 0.202
0.029 0.068 0.081
0.027 0.067 0.076
0.026 0.067 0.075
0.023 0.066 0.071
0.023 0.066 0.070
0.022 0.065 0.069
0.022 0.064 0.068
0.022 0.063 0.068
0.021 0.062 0.068
0.021 0.061 0.067
0.021 0.061 0.067
0.021 0.060 0.067
0.020 0.059 0.066
0.020 0.058 0.065
0.020 0.057 0.065
0.020 0.056 0.065
0.020 0.055 0.065
0.019 0.055 0.064
0.019 0.054 0.064
0.019 0.053 0.064
0.019 0.052 0.064
0.019 0.051 0.063
0.019 0.050 0.063
0.018 0.049 0.063
0.018 0.049 0.062
0.018 0.048 0.062
0.018 0.047 0.062
0.018 0.046 0.062
0.019 0.045 0.063
0.018 0.044 0.062
0.018 0.043 0.062
0.018 0.042 0.062
0.018 0.041 0.062
0.018 0.040 0.062
0.018 0.039 0.062
0.019 0.038 0.062
0.019 0.037 0.063
0.019 0.036 0.063
0.019 0.035 0.063
0.019 0.034 0.063
0.019 0.033 0.063
0.019 0.032 0.063
0.019 0.031 0.063
0.019 0.030 0.063
0.018 0.029 0.061
0.016 0.029 0.059
0.015 0.030 0.056
0.014 0.029 0.055
0.013 0.028 0.054
0.013 0.028 0.054
0.014 0.026 0.054
0.014 0.025 0.054
0.014 0.024 0.055
0.014 0.023 0.055
0.014 0.022 0.055
0.014 0.021 0.055
0.014 0.020 0.055
0.015 0.019 0.056
0.015 0.017 0.056
0.015 0.016 0.056
0.015 0.015 0.056
0.015 0.014 0.056
0.015 0.013 0.056
0.015 0.012 0.057
0.015 0.011 0.057
0.015 0.010 0.057
0.016 0.008 0.057
0.016 0.007 0.057
0.016 0.006 0.057
0.016 0.005 0.057
0.016 0.004 0.057
0.016 0.003 0.057
0.016 0.002 0.057
0.015 0.001 0.056
0.015 0.001 0.056
0.015 0.000 0.055
0.014 -0.001 0.055
0.014 -0.002 0.054
0.013 -0.002 0.053
0.013 -0.002 0.052
0.012 -0.003 0.051
0.011 -0.003 0.049
0.010 -0.003 0.048
0.010 -0.003 0.047
0.009 -0.004 0.046
0.008 -0.004 0.045
0.007 -0.004 0.043
0.006 -0.004 0.042
0.006 -0.004 0.041
0.005 -0.004 0.040
0.004 -0.004 0.038
0.003 -0.005 0.037
0.003 -0.005 0.036
0.002 -0.005 0.035
0.001 -0.005 0.033
0.000 -0.005 0.032
0.000 -0.005 0.031
-0.001 -0.005 0.030
-0.002 -0.005 0.029
-0.002 -0.005 0.028
-0.003 -0.005 0.027
-0.004 -0.005 0.026
-0.004 -0.005 0.025
-0.005 -0.005 0.024
-0.006 -0.005 0.023
-0.006 -0.005 0.022
-0.007 -0.005 0.021
-0.008 -0.005 0.020
-0.008 -0.006 0.019
-0.009 -0.006 0.018
-0.009 -0.006 0.017
-0.010 -0.006 0.016
-0.010 -0.006 0.015
-0.011 -0.006 0.014
-0.012 -0.006 0.013
-0.012 -0.006 0.012
-0.013 -0.006 0.011
-0.013 -0.006 0.010
-0.014 -0.006 0.010
-0.014 -0.006 0.009
-0.015 -0.006 0.009
-0.015 -0.007 0.008
-0.015 -0.007 0.007
-0.016 -0.007 0.006
-0.016 -0.007 0.005
-0.017 -0.007 0.005
-0.017 -0.007 0.004
-0.018 -0.007 0.003
-0.018 -0.007 0.003
-0.019 -0.007 0.002
-0.019 -0.007 0.001
-0.020 -0.007 0.000
-0.020 -0.007 0.000
-0.021 -0.007 -0.001
-0.021 -0.007 -0.002
-0.022 -0.007 -0.003
-0.022 -0.007 -0.004
-0.022 -0.007 -0.004
-0.023 -0.007 -0.005
-0.023 -0.007 -0.005
-0.024 -0.007 -0.006
-0.024 -0.007 -0.007
-0.024 -0.007 -0.007
-0.025 -0.007 -0.008
-0.025 -0.007 -0.008
-0.026 -0.007 -0.009
-0.026 -0.007 -0.010
-0.026 -0.007 -0.010
-0.027 -0.007 -0.011
-0.027 -0.007 -0.012
-0.028 -0.007 -0.012
-0.028 -0.007 -0.013
-0.028 -0.007 -0.013
-0.029 -0.007 -0.014
-0.029 -0.007 -0.015
-0.029 -0.007 -0.015
-0.030 -0.007 -0.016
-0.030 -0.007 -0.016
-0.030 -0.007 -0.017
-0.031 -0.007 -0.018
-0.031 -0.006 -0.018
-0.032 -0.006 -0.019
-0.032 -0.006 -0.019
-0.032 -0.006 -0.020
-0.033 -0.006 -0.021
-0.033 -0.006 -0.021
-0.033 -0.006 -0.022
-0.034 -0.006 -0.022
-0.034 -0.006 -0.023
-0.035 -0.005 -0.023
-0.035 -0.005 -0.024
-0.035 -0.005 -0.025
-0.036 -0.004 -0.026
-0.037 -0.003 -0.027
-0.034 -0.010 -0.023
0.227 0.226 0.403
0.227 0.224 0.403
0.227 0.222 0.403
0.227 0.220 0.402
0.226 0.217 0.402
0.226 0.215 0.401
0.226 0.213 0.401
0.226 0.210 0.401
0.226 0.208 0.401
0.226 0.206 0.400
0.225 0.203 0.400
0.225 0.201 0.400
0.225 0.199 0.399
0.225 0.197 0.399
0.225 0.194 0.399
0.225 0.192 0.399
0.225 0.190 0.398
0.224 0.187 0.398
0.224 0.185 0.398
0.224 0.183 0.397
0.224 0.180 0.397
0.224 0.178 0.396
0.223 0.175 0.396
0.223 0.173 0.396
0.223 0.171 0.396
0.223 0.168 0.396
0.223 0.166 0.395
0.223 0.164 0.395
0.223 0.161 0.395
0.223 0.159 0.395
0.223 0.157 0.394
0.223 0.154 0.394
0.222 0.152 0.394
0.223 0.149 0.394
0.223 0.147 0.395
0.223 0.145 0.395
0.223 0.142 0.394
0.222 0.140 0.393
0.222 0.137 0.393
0.222 0.135 0.392
0.221 0.132 0.391
0.221 0.130 0.391
0.221 0.127 0.390
0.220 0.125 0.389
0.219 0.122 0.388
0.217 0.120 0.385
0.216 0.117 0.383
0.217 0.115 0.384
0.217 0.112 0.384
0.218 0.110 0.385
0.221 0.108 0.391
0.224 0.105 0.395
0.222 0.103 0.391
0.145 0.098 0.269
0.116 0.095 0.221
0.119 0.093 0.226
0.122 0.092 0.231
0.124 0.090 0.234
0.124 0.088 0.235
0.123 0.087 0.232
0.122 0.085 0.230
0.122 0.083 0.230
0.122 0.081 0.231
0.132 0.079 0.246
0.148 0.076 0.272
0.165 0.073 0.299
0.167 0.071 0.302
0.168 0.069 0.304
0.169 0.066 0.307
0.169 0.064 0.306
0.166 0.062 0.301
0.164 0.060 0.298
0.162 0.058 0.295
0.161 0.056 0.293
0.160 0.054 0.291
0.158 0.053 0.288
0.156 0.051 0.284
0.154 0.049 0.282
0.155 0.047 0.283
0.152 0.045 0.278
0.055 0.063 0.122
0.030 0.068 0.082
0.026 0.067 0.077
0.026 0.067 0.076
0.023 0.066 0.072
0.023 0.065 0.071
0.022 0.065 0.070
0.022 0.064 0.069
0.021 0.063 0.069
0.021 0.062 0.068
0.021 0.061 0.068
0.021 0.060 0.068
0.021 0.060 0.067
0.020 0.059 0.067
0.020 0.058 0.066
0.020 0.057 0.066
0.019 0.056 0.065
0.019 0.055 0.065
0.019 0.054 0.065
0.019 0.054 0.065
0.019 0.053 0.065
0.019 0.052 0.064
0.019 0.051 0.064
0.019 0.050 0.064
0.018 0.049 0.064
0.018 0.048 0.063
0.018 0.048 0.063
0.018 0.047 0.063
0.018 0.045 0.063
0.018 0.044 0.064
0.018 0.044 0.064
0.018 0.043 0.063
0.018 0.042 0.063
0.018 0.041 0.063
0.018 0.040 0.063
0.018 0.039 0.063
0.018 0.038 0.063
0.018 0.037 0.063
0.018 0.036 0.063
0.018 0.035 0.063
0.019 0.034 0.063
0.019 0.033 0.064
0.019 0.032 0.064
0.019 0.030 0.064
0.019 0.029 0.064
0.018 0.029 0.062
0.016 0.029 0.059
0.015 0.029 0.057
0.014 0.029 0.055
0.013 0.028 0.055
0.013 0.027 0.055
0.013 0.026 0.055
0.013 0.025 0.055
0.013 0.024 0.055
0.013 0.023 0.055
0.014 0.022 0.055
0.014 0.021 0.056
0.014 0.020 0.056
0.014 0.019 0.056
0.015 0.017 0.057
0.015 0.016 0.057
0.015 0.015 0.057
0.015 0.014 0.057
0.015 0.013 0.057
0.015 0.012 0.057
0.015 0.011 0.057
0.015 0.009 0.058
0.015 0.008 0.058
0.015 0.007 0.058
0.015 0.006 0.058
0.015 0.005 0.058
0.015 0.004 0.057
0.015 0.003 0.057
0.015 0.002 0.057
0.015 0.001 0.057
0.014 0.000 0.056
0.014 0.000 0.056
0.014 -0.001 0.055
0.013 -0.002 0.054
0.013 -0.002 0.053
0.012 -0.002 0.052
0.011 -0.003 0.051
0.010 -0.003 0.050
0.010 -0.003 0.048
0.009 -0.003 0.047
0.008 -0.004 0.046
0.008 -0.004 0.045
0.007 -0.004 0.044
0.006 -0.004 0.042
0.005 -0.004 0.041
0.004 -0.004 0.040
0.004 -0.004 0.039
0.003 -0.004 0.037
0.002 -0.005 0.036
0.001 -0.005 0.035
0.001 -0.005 0.034
0.000 -0.005 0.033
-0.001 -0.005 0.032
-0.001 -0.005 0.031
-0.002 -0.005 0.029
-0.003 -0.005 0.028
-0.004 -0.005 0.027
-0.004 -0.005 0.026
-0.005 -0.005 0.025
-0.005 -0.005 0.024
-0.006 -0.005 0.023
-0.007 -0.005 0.022
-0.007 -0.005 0.021
-0.008 -0.006 0.020
-0.008 -0.006 0.019
-0.009 -0.006 0.018
-0.010 -0.006 0.017
-0.010 -0.006 0.016
-0.011 -0.006 0.015
-0.011 -0.006 0.015
-0.012 -0.006 0.014
-0.012 -0.006 0.013
-0.013 -0.006 0.012
-0.014 -0.006 0.011
-0.014 -0.006 0.010
-0.015 -0.006 0.009
-0.015 -0.006 0.009
-0.015 -0.007 0.008
-0.016 -0.007 0.007
-0.016 -0.007 0.006
-0.017 -0.007 0.006
-0.017 -0.007 0.005
-0.018 -0.007 0.004
-0.018 -0.007 0.004
-0.019 -0.007 0.003
-0.019 -0.007 0.002
-0.019 -0.007 0.001
-0.020 -0.007 0.001
-0.020 -0.007 0.000
-0.021 -0.007 -0.001
-0.021 -0.007 -0.002
-0.022 -0.007 -0.002
-0.022 -0.007 -0.003
-0.023 -0.007 -0.004
-0.023 -0.007 -0.004
-0.024 -0.007 -0.005
-0.024 -0.007 -0.006
-0.024 -0.007 -0.006
-0.025 -0.007 -0.007
-0.025 -0.007 -0.008
-0.025 -0.007 -0.008
-0.026 -0.007 -0.009
-0.026 -0.007 -0.009
-0.027 -0.007 -0.010
-0.027 -0.007 -0.011
-0.027 -0.007 -0.011
-0.028 -0.007 -0.012
-0.028 -0.007 -0.013
-0.029 -0.007 -0.013
-0.029 -0.007 -0.014
-0.029 -0.007 -0.015
-0.030 -0.007 -0.015
-0.030 -0.007 -0.016
-0.030 -0.007 -0.016
-0.031 -0.007 -0.017
-0.031 -0.007 -0.017
-0.032 -0.006 -0.018
-0.032 -0.006 -0.019
-0.032 -0.006 -0.019
-0.033 -0.006 -0.020
-0.033 -0.006 -0.020
-0.033 -0.006 -0.021
-0.034 -0.006 -0.021
-0.034 -0.006 -0.022
-0.034 -0.006 -0.023
-0.035 -0.005 -0.023
-0.035 -0.005 -0.024
-0.036 -0.005 -0.024
-0.036 -0.004 -0.025
-0.037 -0.003 -0.027
-0.034 -0.010 -0.023
0.226 0.226 0.404
0.226 0.224 0.404
0.226 0.222 0.404
0.225 0.219 0.403
0.225 0.217 0.403
0.225 0.215 0.402
0.225 0.213 0.402
0.225 0.210 0.402
0.225 0.208 0.402
0.224 0.206 0.401
0.224 0.204 0.401
0.224 0.201 0.401
0.224 0.199 0.400
0.224 0.197 0.400
0.224 0.194 0.400
0.223 0.192 0.400
0.223 0.190 0.399
0.223 0.187 0.399
0.223 0.185 0.399
0.223 0.183 0.398
0.223 0.180 0.398
0.222 0.178 0.398
0.222 0.175 0.397
0.222 0.173 0.397
0.222 0.171 0.397
0.222 0.168 0.396
0.222 0.166 0.396
0.222 0.164 0.396
0.222 0.161 0.396
0.222 0.159 0.396
0.221 0.157 0.395
0.221 0.154 0.395
0.221 0.152 0.395
0.221 0.149 0.395
0.221 0.147 0.395
0.222 0.145 0.396
0.222 0.142 0.395
0.221 0.140 0.395
0.221 0.137 0.394
0.220 0.135 0.393
0.220 0.132 0.392
0.219 0.130 0.392
0.218 0.127 0.388
0.216 0.125 0.386
0.217 0.122 0.387
0.217 0.120 0.387
0.217 0.117 0.387
0.217 0.115 0.388
0.218 0.112 0.388
0.216 0.110 0.385
0.218 0.108 0.389
0.221 0.105 0.394
0.212 0.102 0.379
0.154 0.098 0.285
0.117 0.095 0.225
0.116 0.093 0.224
0.117 0.092 0.225
0.119 0.090 0.229
0.119 0.088 0.228
0.117 0.087 0.225
0.115 0.085 0.222
0.115 0.083 0.221
0.115 0.082 0.221
0.116 0.080 0.223
0.116 0.078 0.223
0.118 0.076 0.226
0.124 0.074 0.236
0.139 0.071 0.260
0.156 0.067 0.287
0.161 0.065 0.296
0.163 0.063 0.298
0.161 0.061 0.296
0.160 0.059 0.294
0.158 0.057 0.291
0.157 0.055 0.289
0.156 0.053 0.287
0.155 0.051 0.286
0.154 0.049 0.284
0.153 0.047 0.283
0.148 0.046 0.274
0.038 0.067 0.096
0.028 0.068 0.081
0.027 0.067 0.079
0.025 0.067 0.075
0.023 0.066 0.073
0.023 0.065 0.072
0.022 0.065 0.071
0.022 0.064 0.070
0.021 0.063 0.070
0.021 0.062 0.069
0.021 0.061 0.069
0.021 0.060 0.069
0.020 0.059 0.068
0.020 0.059 0.068
0.020 0.058 0.067
0.019 0.057 0.066
0.019 0.056 0.066
0.019 0.055 0.066
0.019 0.054 0.066
0.019 0.053 0.066
0.019 0.053 0.066
0.019 0.052 0.065
0.019 0.051 0.065
0.019 0.050 0.065
0.018 0.049 0.065
0.018 0.048 0.064
0.018 0.047 0.064
0.018 0.046 0.064
0.018 0.045 0.064
0.018 0.044 0.065
0.018 0.043 0.064
0.018 0.043 0.064
0.018 0.042 0.063
0.018 0.041 0.063
0.018 0.040 0.063
0.018 0.039 0.064
0.018 0.038 0.064
0.018 0.037 0.064
0.018 0.036 0.064
0.018 0.034 0.064
0.019 0.033 0.065
0.019 0.032 0.065
0.019 0.031 0.065
0.019 0.030 0.066
0.019 0.029 0.065
0.017 0.029 0.063
0.016 0.029 0.060
0.014 0.029 0.058
0.013 0.029 0.056
0.013 0.028 0.055
0.013 0.027 0.055
0.013 0.026 0.055
0.013 0.025 0.055
0.013 0.024 0.056
0.013 0.023 0.056
0.013 0.022 0.056
0.014 0.021 0.056
0.014 0.019 0.057
0.014 0.018 0.057
0.014 0.017 0.057
0.014 0.016 0.057
0.015 0.015 0.058
0.015 0.014 0.058
0.015 0.013 0.058
0.015 0.012 0.058
0.015 0.010 0.058
0.015 0.009 0.058
0.015 0.008 0.058
0.015 0.007 0.058
0.015 0.006 0.058
0.015 0.005 0.058
0.015 0.004 0.058
0.015 0.003 0.058
0.015 0.002 0.058
0.014 0.001 0.057
0.014 0.000 0.057
0.014 -0.001 0.056
0.014 -0.001 0.056
0.013 -0.002 0.055
0.012 -0.002 0.054
0.012 -0.003 0.053
0.011 -0.003 0.051
0.010 -0.003 0.050
0.009 -0.003 0.049
0.009 -0.003 0.048
0.008 -0.004 0.046
0.007 -0.004 0.045
0.006 -0.004 0.044
0.005 -0.004 0.042
0.005 -0.004 0.041
0.004 -0.004 0.040
0.003 -0.004 0.039
0.002 -0.004 0.038
0.002 -0.004 0.036
0.001 -0.005 0.035
0.000 -0.005 0.034
0.000 -0.005 0.033
-0.001 -0.005 0.032
-0.002 -0.005 0.031
-0.002 -0.005 0.030
-0.003 -0.005 0.029
-0.004 -0.005 0.027
-0.005 -0.005 0.026
-0.005 -0.005 0.025
-0.006 -0.005 0.024
-0.006 -0.005 0.023
-0.007 -0.005 0.022
-0.008 -0.005 0.021
-0.008 -0.006 0.020
-0.009 -0.006 0.019
-0.009 -0.006 0.019
-0.010 -0.006 0.018
-0.011 -0.006 0.017
-0.011 -0.006 0.016
-0.012 -0.006 0.015
-0.012 -0.006 0.014
-0.013 -0.006 0.013
-0.013 -0.006 0.012
-0.014 -0.006 0.011
-0.014 -0.006 0.010
-0.015 -0.006 0.010
-0.015 -0.006 0.009
-0.016 -0.007 0.008
-0.016 -0.007 0.007
-0.017 -0.007 0.007
-0.017 -0.007 0.006
-0.018 -0.007 0.005
-0.018 -0.007 0.005
-0.018 -0.007 0.004
-0.019 -0.007 0.003
-0.019 -0.007 0.002
-0.020 -0.007 0.002
-0.020 -0.007 0.001
-0.021 -0.007 0.000
-0.021 -0.007 -0.001
-0.022 -0.007 -0.001
-0.022 -0.007 -0.002
-0.023 -0.007 -0.003
-0.023 -0.007 -0.004
-0.023 -0.007 -0.004
-0.024 -0.007 -0.005
-0.024 -0.007 -0.006
-0.025 -0.007 -0.006
-0.025 -0.007 -0.007
-0.025 -0.007 -0.007
-0.026 -0.007 -0.008
-0.026 -0.007 -0.009
-0.027 -0.007 -0.009
-0.027 -0.007 -0.010
-0.027 -0.007 -0.011
-0.028 -0.007 -0.011
-0.028 -0.007 -0.012
-0.028 -0.007 -0.012
-0.029 -0.007 -0.013
-0.029 -0.007 -0.014
-0.030 -0.007 -0.014
-0.030 -0.007 -0.015
-0.030 -0.007 -0.016
-0.031 -0.007 -0.016
-0.031 -0.007 -0.017
-0.031 -0.007 -0.017
-0.032 -0.007 -0.018
-0.032 -0.006 -0.018
-0.033 -0.006 -0.019
-0.033 -0.006 -0.020
-0.033 -0.006 -0.020
-0.034 -0.006 -0.021
-0.034 -0.006 -0.021
-0.034 -0.006 -0.022
-0.035 -0.006 -0.023
-0.035 -0.005 -0.023
-0.036 -0.005 -0.024
-0.036 -0.005 -0.024
-0.037 -0.004 -0.025
-0.037 -0.003 -0.027
-0.035 -0.010 -0.022
0.225 0.226 0.405
0.225 0.224 0.405
0.225 0.222 0.405
0.224 0.219 0.404
0.224 0.217 0.404
0.224 0.215 0.404
0.223 0.213 0.403
0.223 0.210 0.403
0.223 0.208 0.403
0.223 0.206 0.403
0.223 0.203 0.402
0.223 0.201 0.402
0.223 0.199 0.402
0.223 0.197 0.401
0.222 0.194 0.401
0.222 0.192 0.401
0.222 0.190 0.400
0.222 0.187 0.400
0.222 0.185 0.400
0.222 0.183 0.399
0.221 0.180 0.399
0.221 0.178 0.399
0.221 0.175 0.398
0.221 0.173 0.398
0.221 0.171 0.398
0.221 0.168 0.398
0.221 0.166 0.398
0.221 0.164 0.397
0.221 0.161 0.397
0.220 0.159 0.397
0.220 0.157 0.397
0.220 0.154 0.396
0.220 0.152 0.396
0.220 0.149 0.395
0.220 0.147 0.396
0.220 0.145 0.396
0.220 0.142 0.396
0.220 0.140 0.396
0.220 0.137 0.395
0.220 0.135 0.396
0.219 0.132 0.394
0.217 0.130 0.391
0.217 0.127 0.391
0.218 0.125 0.393
0.211 0.122 0.381
0.170 0.115 0.314
0.118 0.108 0.229
0.116 0.106 0.226
0.129 0.106 0.247
0.120 0.103 0.232
0.112 0.101 0.219
0.110 0.100 0.216
0.108 0.098 0.212
0.108 0.096 0.212
0.109 0.095 0.215
0.110 0.093 0.216
0.111 0.092 0.217
0.110 0.090 0.215
0.109 0.088 0.215
0.108 0.087 0.213
0.108 0.085 0.212
0.107 0.084 0.211
0.107 0.082 0.211
0.106 0.080 0.209
0.105 0.079 0.207
0.103 0.077 0.204
0.102 0.076 0.202
0.101 0.074 0.201
0.102 0.073 0.202
0.100 0.071 0.200
0.102 0.069 0.203
0.110 0.067 0.216
0.118 0.064 0.228
0.121 0.062 0.233
0.125 0.059 0.240
0.133 0.056 0.253
0.141 0.053 0.265
0.145 0.050 0.272
0.145 0.048 0.272
0.139 0.047 0.262
0.036 0.067 0.096
0.027 0.068 0.080
0.027 0.067 0.080
0.024 0.067 0.076
0.023 0.066 0.074
0.023 0.065 0.073
0.022 0.064 0.072
0.022 0.064 0.071
0.021 0.063 0.071
0.021 0.062 0.070
0.021 0.061 0.070
0.021 0.060 0.070
0.020 0.059 0.069
0.020 0.058 0.069
0.020 0.058 0.068
0.019 0.057 0.067
0.019 0.056 0.067
0.019 0.055 0.067
0.019 0.054 0.067
0.019 0.053 0.067
0.019 0.052 0.067
0.019 0.051 0.066
0.019 0.051 0.066
0.019 0.050 0.066
0.018 0.049 0.066
0.018 0.048 0.066
0.018 0.047 0.066
0.018 0.046 0.065
0.018 0.045 0.065
0.018 0.044 0.065
0.018 0.043 0.065
0.018 0.042 0.065
0.018 0.042 0.064
0.017 0.041 0.064
0.018 0.040 0.064
0.018 0.038 0.065
0.018 0.037 0.065
0.018 0.036 0.065
0.018 0.035 0.066
0.019 0.034 0.066
0.019 0.033 0.066
0.019 0.031 0.067
0.020 0.030 0.068
0.020 0.029 0.067
0.019 0.029 0.066
0.017 0.029 0.063
0.015 0.029 0.061
0.014 0.029 0.058
0.013 0.029 0.057
0.013 0.028 0.056
0.012 0.027 0.055
0.012 0.026 0.056
0.013 0.025 0.056
0.013 0.024 0.056
0.013 0.023 0.056
0.013 0.022 0.056
0.013 0.021 0.057
0.014 0.019 0.058
0.014 0.018 0.058
0.014 0.017 0.058
0.014 0.016 0.058
0.014 0.015 0.058
0.014 0.014 0.058
0.014 0.012 0.058
0.014 0.011 0.058
0.015 0.010 0.059
0.015 0.009 0.059
0.015 0.008 0.059
0.015 0.007 0.059
0.015 0.006 0.059
0.015 0.004 0.059
0.015 0.003 0.059
0.015 0.002 0.059
0.014 0.002 0.058
0.014 0.001 0.058
0.014 0.000 0.057
0.013 -0.001 0.057
0.013 -0.001 0.056
0.013 -0.002 0.055
0.012 -0.002 0.054
0.011 -0.002 0.053
0.010 -0.003 0.051
0.009 -0.003 0.050
0.009 -0.003 0.049
0.008 -0.003 0.048
0.007 -0.003 0.046
0.006 -0.004 0.045
0.006 -0.004 0.044
0.005 -0.004 0.043
0.004 -0.004 0.042
0.003 -0.004 0.040
0.003 -0.004 0.039
0.002 -0.004 0.038
0.001 -0.004 0.037
0.001 -0.005 0.036
0.000 -0.005 0.034
-0.001 -0.005 0.033
-0.001 -0.005 0.032
-0.002 -0.005 0.031
-0.003 -0.005 0.030
-0.004 -0.005 0.029
-0.004 -0.005 0.028
-0.005 -0.005 0.027
-0.006 -0.005 0.025
-0.006 -0.005 0.025
-0.007 -0.005 0.023
-0.007 -0.005 0.023
-0.008 -0.005 0.021
-0.009 -0.005 0.021
-0.009 -0.006 0.020
-0.010 -0.006 0.019
-0.010 -0.006 0.018
-0.011 -0.006 0.017
-0.012 -0.006 0.016
-0.012 -0.006 0.015
-0.013 -0.006 0.014
-0.013 -0.006 0.013
-0.014 -0.006 0.013
-0.014 -0.006 0.012
-0.015 -0.006 0.011
-0.015 -0.006 0.010
-0.016 -0.006 0.009
-0.016 -0.006 0.008
-0.017 -0.007 0.008
-0.017 -0.007 0.007
-0.018 -0.007 0.006
-0.018 -0.007 0.006
-0.018 -0.007 0.005
-0.019 -0.007 0.004
-0.019 -0.007 0.003
-0.020 -0.007 0.003
-0.020 -0.007 0.002
-0.021 -0.007 0.001
-0.021 -0.007 0.000
-0.021 -0.007 0.000
-0.022 -0.007 -0.001
-0.023 -0.007 -0.002
-0.023 -0.007 -0.003
-0.023 -0.007 -0.003
-0.024 -0.007 -0.004
-0.024 -0.007 -0.005
-0.024 -0.007 -0.005
-0.025 -0.007 -0.006
-0.025 -0.007 -0.006
-0.026 -0.007 -0.007
-0.026 -0.007 -0.008
-0.026 -0.007 -0.008
-0.027 -0.007 -0.009
-0.027 -0.007 -0.010
-0.028 -0.007 -0.010
-0.028 -0.007 -0.011
-0.028 -0.007 -0.012
-0.029 -0.007 -0.012
-0.029 -0.007 -0.013
-0.030 -0.007 -0.014
-0.030 -0.007 -0.014
-0.030 -0.007 -0.015
-0.031 -0.007 -0.015
-0.031 -0.007 -0.016
-0.031 -0.007 -0.016
-0.032 -0.007 -0.017
-0.032 -0.007 -0.018
-0.033 -0.006 -0.018
-0.033 -0.006 -0.019
-0.033 -0.006 -0.019
-0.034 -0.006 -0.020
-0.034 -0.006 -0.021
-0.034 -0.006 -0.021
-0.035 -0.006 -0.022
-0.035 -0.006 -0.022
-0.035 -0.006 -0.023
-0.036 -0.005 -0.024
-0.036 -0.005 -0.024
-0.037 -0.004 -0.025
-0.038 -0.003 -0.027
-0.035 -0.010 -0.022
0.223 0.226 0.406
0.224 0.224 0.406
0.223 0.222 0.406
0.223 0.220 0.406
0.223 0.217 0.405
0.223 0.215 0.405
0.222 0.213 0.404
0.222 0.210 0.404
0.222 0.208 0.404
0.222 0.206 0.404
0.222 0.203 0.403
0.222 0.201 0.403
0.222 0.199 0.403
0.221 0.196 0.402
0.221 0.194 0.402
0.221 0.192 0.402
0.221 0.190 0.401
0.221 0.187 0.401
0.220 0.185 0.401
0.220 0.182 0.400
0.220 0.180 0.400
0.220 0.178 0.400
0.220 0.175 0.399
0.220 0.173 0.399
0.220 0.171 0.399
0.220 0.168 0.399
0.220 0.166 0.399
0.219 0.164 0.398
0.219 0.161 0.398
0.219 0.159 0.398
0.219 0.156 0.397
0.219 0.154 0.397
0.219 0.152 0.397
0.219 0.149 0.397
0.219 0.147 0.397
0.218 0.145 0.396
0.219 0.142 0.397
0.219 0.140 0.397
0.219 0.137 0.397
0.219 0.135 0.397
0.219 0.132 0.397
0.217 0.130 0.394
0.216 0.127 0.392
0.141 0.116 0.269
0.107 0.110 0.213
0.101 0.108 0.203
0.102 0.107 0.205
0.103 0.105 0.207
0.102 0.104 0.205
0.101 0.102 0.203
0.101 0.101 0.204
0.101 0.099 0.203
0.101 0.098 0.203
0.100 0.096 0.202
0.100 0.094 0.201
0.100 0.093 0.201
0.100 0.091 0.202
0.101 0.090 0.203
0.101 0.088 0.203
0.101 0.087 0.203
0.101 0.085 0.204
0.103 0.084 0.206
0.103 0.082 0.207
0.103 0.080 0.206
0.102 0.079 0.205
0.101 0.077 0.203
0.099 0.076 0.200
0.098 0.074 0.198
0.098 0.073 0.197
0.098 0.071 0.197
0.097 0.070 0.196
0.098 0.068 0.197
0.098 0.067 0.198
0.099 0.065 0.199
0.101 0.063 0.203
0.104 0.061 0.207
0.106 0.059 0.211
0.108 0.057 0.214
0.115 0.054 0.225
0.111 0.053 0.219
0.032 0.068 0.090
0.026 0.068 0.079
0.026 0.067 0.079
0.024 0.067 0.077
0.023 0.066 0.075
0.023 0.065 0.074
0.022 0.064 0.073
0.022 0.063 0.073
0.021 0.063 0.072
0.021 0.062 0.071
0.021 0.061 0.071
0.021 0.060 0.071
0.020 0.059 0.070
0.020 0.058 0.070
0.020 0.058 0.069
0.019 0.057 0.069
0.019 0.056 0.068
0.019 0.055 0.068
0.019 0.054 0.068
0.019 0.053 0.068
0.019 0.052 0.068
0.019 0.051 0.068
0.019 0.050 0.067
0.018 0.049 0.067
0.018 0.049 0.067
0.018 0.048 0.067
0.018 0.047 0.067
0.018 0.046 0.067
0.018 0.045 0.067
0.018 0.044 0.066
0.018 0.043 0.066
0.018 0.042 0.066
0.018 0.041 0.065
0.018 0.040 0.065
0.018 0.039 0.065
0.018 0.038 0.066
0.018 0.037 0.066
0.019 0.036 0.067
0.019 0.034 0.068
0.020 0.033 0.069
0.020 0.032 0.070
0.021 0.030 0.070
0.021 0.029 0.071
0.020 0.029 0.069
0.018 0.029 0.066
0.016 0.029 0.063
0.015 0.029 0.061
0.014 0.029 0.059
0.013 0.028 0.057
0.012 0.028 0.057
0.012 0.027 0.056
0.012 0.026 0.056
0.012 0.025 0.056
0.012 0.024 0.057
0.013 0.023 0.057
0.013 0.022 0.057
0.013 0.020 0.057
0.013 0.019 0.058
0.014 0.018 0.059
0.014 0.017 0.059
0.014 0.015 0.059
0.014 0.014 0.059
0.014 0.013 0.059
0.014 0.012 0.059
0.014 0.011 0.059
0.014 0.010 0.059
0.014 0.009 0.060
0.015 0.007 0.060
0.015 0.006 0.060
0.015 0.005 0.060
0.015 0.004 0.060
0.015 0.003 0.060
0.014 0.002 0.060
0.014 0.001 0.059
0.014 0.001 0.058
0.014 0.000 0.058
0.013 -0.001 0.057
0.013 -0.002 0.057
0.012 -0.002 0.056
0.012 -0.002 0.055
0.011 -0.003 0.053
0.010 -0.003 0.052
0.009 -0.003 0.051
0.008 -0.003 0.049
0.007 -0.003 0.048
0.007 -0.003 0.047
0.006 -0.004 0.045
0.005 -0.004 0.044
0.004 -0.004 0.043
0.004 -0.004 0.042
0.003 -0.004 0.041
0.002 -0.004 0.039
0.001 -0.004 0.038
0.001 -0.004 0.037
0.000 -0.005 0.036
-0.001 -0.005 0.035
-0.001 -0.005 0.034
-0.002 -0.005 0.032
-0.003 -0.005 0.031
-0.003 -0.005 0.030
-0.004 -0.005 0.029
-0.005 -0.005 0.028
-0.005 -0.005 0.027
-0.006 -0.005 0.026
-0.007 -0.005 0.025
-0.007 -0.005 0.024
-0.008 -0.005 0.023
-0.009 -0.005 0.022
-0.009 -0.006 0.021
-0.010 -0.006 0.020
-0.010 -0.006 0.019
-0.011 -0.006 0.018
-0.011 -0.006 0.017
-0.012 -0.006 0.016
-0.012 -0.006 0.015
-0.013 -0.006 0.014
-0.013 -0.006 0.014
-0.014 -0.006 0.013
-0.014 -0.006 0.012
-0.015 -0.006 0.011
-0.015 -0.006 0.010
-0.016 -0.007 0.010
-0.016 -0.007 0.009
-0.017 -0.006 0.008
-0.018 -0.006 0.007
-0.018 -0.007 0.006
-0.018 -0.007 0.006
-0.019 -0.007 0.005
-0.019 -0.007 0.004
-0.020 -0.007 0.004
-0.020 -0.007 0.003
-0.021 -0.007 0.002
-0.021 -0.007 0.001
-0.021 -0.007 0.001
-0.022 -0.007 0.000
-0.022 -0.007 -0.001
-0.023 -0.007 -0.002
-0.023 -0.007 -0.002
-0.024 -0.007 -0.003
-0.024 -0.007 -0.004
-0.025 -0.007 -0.004
-0.025 -0.007 -0.005
-0.025 -0.007 -0.006
-0.026 -0.007 -0.006
-0.026 -0.007 -0.007
-0.026 -0.007 -0.008
-0.027 -0.007 -0.008
-0.027 -0.007 -0.009
-0.028 -0.007 -0.010
-0.028 -0.007 -0.010
-0.028 -0.007 -0.011
-0.029 -0.007 -0.011
-0.029 -0.007 -0.012
-0.030 -0.007 -0.013
-0.030 -0.007 -0.013
-0.030 -0.007 -0.014
-0.031 -0.007 -0.015
-0.031 -0.007 -0.015
-0.031 -0.007 -0.016
-0.032 -0.007 -0.016
-0.032 -0.007 -0.017
-0.032 -0.007 -0.017
-0.033 -0.006 -0.018
-0.033 -0.006 -0.019
-0.034 -0.006 -0.019
-0.034 -0.006 -0.020
-0.034 -0.006 -0.020
-0.035 -0.006 -0.021
-0.035 -0.005 -0.022
-0.035 -0.006 -0.022
-0.036 -0.006 -0.023
-0.036 -0.005 -0.023
-0.037 -0.005 -0.024
-0.037 -0.003 -0.025
-0.038 -0.002 -0.026
-0.035 -0.010 -0.022
0.222 0.226 0.407
0.222 0.224 0.408
0.222 0.222 0.407
0.222 0.220 0.407
0.222 0.217 0.406
0.221 0.215 0.406
0.221 0.213 0.406
0.221 0.210 0.405
0.221 0.208 0.405
0.221 0.206 0.405
0.221 0.203 0.405
0.221 0.201 0.404
0.220 0.199 0.404
0.220 0.197 0.403
0.220 0.194 0.403
0.220 0.192 0.403
0.220 0.190 0.402
0.219 0.187 0.402
0.219 0.185 0.402
0.219 0.182 0.401
0.219 0.180 0.401
0.219 0.178 0.401
0.219 0.175 0.400
0.219 0.173 0.400
0.219 0.171 0.400
0.218 0.168 0.400
0.218 0.166 0.400
0.218 0.164 0.400
0.218 0.161 0.399
0.218 0.159 0.399
0.218 0.156 0.399
0.218 0.154 0.398
0.217 0.152 0.398
0.217 0.149 0.398
0.217 0.147 0.398
0.217 0.144 0.397
0.217 0.142 0.398
0.217 0.140 0.398
0.218 0.137 0.398
0.218 0.135 0.399
0.218 0.132 0.398
0.216 0.130 0.396
0.213 0.127 0.391
0.110 0.112 0.221
0.104 0.110 0.211
0.101 0.108 0.206
0.099 0.106 0.202
0.099 0.105 0.201
0.098 0.103 0.200
0.097 0.102 0.199
0.098 0.100 0.200
0.098 0.099 0.200
0.098 0.097 0.200
0.098 0.096 0.199
0.098 0.094 0.199
0.098 0.093 0.201
0.099 0.091 0.201
0.099 0.090 0.202
0.099 0.088 0.202
0.099 0.087 0.202
0.100 0.085 0.203
0.100 0.084 0.204
0.101 0.082 0.204
0.101 0.080 0.205
0.101 0.079 0.204
0.100 0.077 0.203
0.099 0.076 0.201
0.098 0.074 0.199
0.097 0.073 0.198
0.097 0.071 0.197
0.096 0.070 0.197
0.096 0.068 0.197
0.097 0.067 0.198
0.097 0.065 0.199
0.099 0.063 0.200
0.100 0.061 0.202
0.101 0.059 0.205
0.100 0.058 0.203
0.098 0.057 0.200
0.096 0.056 0.195
0.027 0.069 0.083
0.026 0.068 0.080
0.025 0.067 0.080
0.024 0.066 0.078
0.023 0.066 0.077
0.023 0.065 0.076
0.022 0.064 0.075
0.022 0.063 0.074
0.021 0.062 0.073
0.021 0.062 0.072
0.021 0.061 0.072
0.021 0.060 0.072
0.020 0.059 0.072
0.020 0.058 0.071
0.020 0.057 0.070
0.019 0.056 0.070
0.019 0.056 0.069
0.019 0.055 0.069
0.019 0.054 0.069
0.019 0.053 0.069
0.019 0.052 0.069
0.019 0.051 0.069
0.019 0.050 0.069
0.019 0.049 0.068
0.018 0.048 0.068
0.018 0.047 0.068
0.018 0.046 0.068
0.018 0.046 0.067
0.018 0.045 0.067
0.018 0.044 0.067
0.018 0.043 0.067
0.018 0.042 0.067
0.018 0.041 0.067
0.018 0.040 0.067
0.018 0.039 0.067
0.018 0.038 0.067
0.018 0.037 0.068
0.019 0.035 0.069
0.021 0.033 0.071
0.022 0.032 0.073
0.022 0.030 0.074
0.022 0.029 0.074
0.021 0.029 0.072
0.020 0.029 0.070
0.018 0.029 0.066
0.016 0.029 0.063
0.014 0.029 0.061
0.013 0.029 0.060
0.013 0.028 0.058
0.012 0.028 0.057
0.012 0.027 0.057
0.012 0.026 0.057
0.012 0.025 0.057
0.012 0.024 0.058
0.012 0.023 0.058
0.012 0.021 0.058
0.013 0.020 0.058
0.013 0.019 0.059
0.013 0.018 0.059
0.014 0.016 0.059
0.014 0.015 0.060
0.014 0.014 0.060
0.014 0.013 0.060
0.014 0.012 0.060
0.014 0.011 0.060
0.014 0.009 0.061
0.014 0.008 0.061
0.015 0.007 0.061
0.015 0.006 0.061
0.015 0.005 0.061
0.015 0.003 0.062
0.015 0.002 0.061
0.014 0.002 0.060
0.014 0.001 0.060
0.014 0.000 0.059
0.013 0.000 0.059
0.013 -0.001 0.058
0.012 -0.002 0.057
0.012 -0.002 0.056
0.011 -0.003 0.055
0.010 -0.003 0.054
0.009 -0.003 0.052
0.009 -0.003 0.051
0.008 -0.003 0.050
0.007 -0.003 0.048
0.006 -0.003 0.047
0.005 -0.004 0.046
0.005 -0.004 0.044
0.004 -0.004 0.043
0.003 -0.004 0.042
0.002 -0.004 0.041
0.002 -0.004 0.040
0.001 -0.004 0.038
0.000 -0.004 0.037
0.000 -0.005 0.036
-0.001 -0.005 0.035
-0.002 -0.005 0.034
-0.002 -0.005 0.033
-0.003 -0.005 0.032
-0.004 -0.005 0.030
-0.005 -0.005 0.029
-0.005 -0.005 0.028
-0.006 -0.005 0.027
-0.007 -0.005 0.026
-0.007 -0.005 0.025
-0.008 -0.005 0.024
-0.008 -0.005 0.023
-0.009 -0.005 0.022
-0.009 -0.006 0.021
-0.010 -0.006 0.020
-0.011 -0.006 0.019
-0.011 -0.006 0.018
-0.012 -0.006 0.017
-0.012 -0.006 0.016
-0.013 -0.006 0.016
-0.013 -0.006 0.015
-0.014 -0.006 0.014
-0.014 -0.006 0.013
-0.015 -0.006 0.012
-0.015 -0.006 0.011
-0.016 -0.007 0.011
-0.016 -0.007 0.010
-0.017 -0.006 0.009
-0.017 -0.006 0.008
-0.018 -0.006 0.007
-0.018 -0.007 0.007
-0.019 -0.007 0.006
-0.019 -0.007 0.005
-0.020 -0.007 0.004
-0.020 -0.007 0.004
-0.020 -0.007 0.003
-0.021 -0.007 0.002
-0.021 -0.007 0.002
-0.022 -0.007 0.001
-0.022 -0.007 0.000
-0.023 -0.007 -0.001
-0.023 -0.007 -0.001
-0.024 -0.007 -0.002
-0.024 -0.007 -0.003
-0.024 -0.007 -0.003
-0.025 -0.007 -0.004
-0.025 -0.007 -0.005
-0.026 -0.007 -0.005
-0.026 -0.007 -0.006
-0.026 -0.007 -0.007
-0.027 -0.007 -0.007
-0.027 -0.007 -0.008
-0.028 -0.007 -0.009
-0.028 -0.007 -0.009
-0.028 -0.007 -0.010
-0.029 -0.007 -0.011
-0.029 -0.007 -0.011
-0.029 -0.007 -0.012
-0.030 -0.007 -0.013
-0.030 -0.007 -0.013
-0.031 -0.006 -0.014
-0.031 -0.007 -0.015
-0.031 -0.007 -0.015
-0.032 -0.007 -0.015
-0.032 -0.007 -0.016
-0.032 -0.007 -0.017
-0.033 -0.006 -0.017
-0.033 -0.006 -0.018
-0.034 -0.006 -0.019
-0.034 -0.006 -0.019
-0.034 -0.006 -0.020
-0.034 -0.006 -0.020
-0.035 -0.006 -0.021
-0.035 -0.006 -0.021
-0.035 -0.006 -0.022
-0.036 -0.006 -0.022
-0.036 -0.005 -0.023
-0.037 -0.005 -0.024
-0.038 -0.003 -0.025
-0.038 -0.002 -0.026
-0.035 -0.010 -0.022
0.221 0.226 0.408
0.221 0.224 0.408
0.221 0.222 0.408
0.221 0.219 0.408
0.220 0.217 0.407
0.220 0.215 0.407
0.220 0.213 0.406
0.220 0.210 0.406
0.220 0.208 0.406
0.220 0.206 0.406
0.220 0.204 0.406
0.219 0.201 0.405
0.219 0.199 0.405
0.219 0.197 0.404
0.219 0.194 0.404
0.219 0.192 0.404
0.218 0.190 0.404
0.218 0.187 0.403
0.218 0.185 0.403
0.218 0.182 0.402
0.218 0.180 0.402
0.218 0.178 0.402
0.217 0.175 0.402
0.217 0.173 0.401
0.217 0.171 0.401
0.217 0.168 0.401
0.217 0.166 0.401
0.217 0.164 0.401
0.217 0.161 0.400
0.217 0.159 0.400
0.216 0.156 0.400
0.216 0.154 0.399
0.216 0.152 0.399
0.216 0.149 0.399
0.216 0.147 0.399
0.216 0.144 0.398
0.216 0.142 0.398
0.216 0.140 0.399
0.216 0.137 0.399
0.216 0.135 0.399
0.217 0.133 0.401
0.220 0.130 0.405
0.208 0.126 0.385
0.099 0.111 0.204
0.100 0.110 0.206
0.098 0.108 0.202
0.097 0.106 0.201
0.097 0.105 0.201
0.097 0.103 0.200
0.097 0.102 0.200
0.097 0.100 0.200
0.097 0.099 0.201
0.097 0.097 0.201
0.097 0.096 0.200
0.097 0.094 0.200
0.097 0.093 0.200
0.097 0.091 0.201
0.098 0.090 0.202
0.098 0.088 0.202
0.098 0.087 0.202
0.098 0.085 0.202
0.098 0.084 0.203
0.099 0.082 0.203
0.099 0.081 0.203
0.099 0.079 0.203
0.098 0.077 0.202
0.098 0.076 0.201
0.097 0.074 0.200
0.096 0.073 0.199
0.096 0.071 0.198
0.096 0.070 0.198
0.095 0.068 0.197
0.095 0.067 0.197
0.095 0.065 0.197
0.095 0.063 0.197
0.096 0.062 0.198
0.096 0.060 0.198
0.095 0.059 0.197
0.091 0.058 0.190
0.089 0.057 0.186
0.026 0.069 0.083
0.027 0.068 0.083
0.025 0.067 0.081
0.025 0.066 0.080
0.024 0.065 0.078
0.023 0.065 0.077
0.023 0.064 0.076
0.022 0.063 0.075
0.022 0.062 0.074
0.021 0.061 0.074
0.021 0.061 0.073
0.021 0.060 0.073
0.020 0.059 0.072
0.020 0.058 0.072
0.020 0.057 0.071
0.019 0.056 0.071
0.019 0.055 0.070
0.019 0.055 0.070
0.019 0.054 0.070
0.019 0.053 0.070
0.019 0.052 0.070
0.019 0.051 0.070
0.019 0.050 0.070
0.019 0.049 0.070
0.019 0.048 0.069
0.018 0.047 0.069
0.018 0.046 0.069
0.018 0.045 0.069
0.018 0.044 0.068
0.018 0.043 0.068
0.018 0.043 0.068
0.018 0.041 0.068
0.018 0.041 0.068
0.018 0.040 0.068
0.018 0.039 0.068
0.018 0.037 0.069
0.021 0.035 0.072
0.021 0.033 0.074
0.023 0.032 0.076
0.023 0.030 0.077
0.023 0.029 0.077
0.022 0.029 0.075
0.021 0.028 0.073
0.019 0.029 0.070
0.017 0.029 0.066
0.015 0.029 0.063
0.014 0.029 0.062
0.013 0.029 0.060
0.012 0.028 0.059
0.012 0.027 0.058
0.012 0.027 0.058
0.012 0.025 0.058
0.012 0.024 0.059
0.012 0.023 0.059
0.012 0.022 0.059
0.013 0.021 0.059
0.013 0.020 0.059
0.013 0.019 0.060
0.013 0.017 0.060
0.013 0.016 0.060
0.014 0.015 0.061
0.014 0.014 0.061
0.014 0.013 0.061
0.014 0.011 0.061
0.014 0.010 0.062
0.014 0.009 0.062
0.015 0.008 0.062
0.015 0.006 0.063
0.015 0.005 0.063
0.015 0.004 0.063
0.015 0.003 0.063
0.015 0.002 0.062
0.014 0.001 0.061
0.014 0.001 0.061
0.013 0.000 0.060
0.013 -0.001 0.059
0.012 -0.001 0.059
0.012 -0.002 0.058
0.011 -0.002 0.057
0.011 -0.003 0.055
0.010 -0.003 0.054
0.009 -0.003 0.053
0.008 -0.003 0.051
0.007 -0.003 0.050
0.007 -0.003 0.049
0.006 -0.003 0.047
0.005 -0.004 0.046
0.004 -0.004 0.045
0.003 -0.004 0.043
0.003 -0.004 0.042
0.002 -0.004 0.041
0.001 -0.004 0.040
0.001 -0.004 0.039
0.000 -0.004 0.037
-0.001 -0.005 0.036
-0.002 -0.005 0.035
-0.002 -0.005 0.034
-0.003 -0.005 0.033
-0.004 -0.005 0.032
-0.004 -0.005 0.031
-0.005 -0.005 0.030
-0.006 -0.005 0.028
-0.006 -0.005 0.027
-0.007 -0.005 0.026
-0.008 -0.005 0.025
-0.008 -0.005 0.024
-0.009 -0.005 0.023
-0.009 -0.005 0.022
-0.010 -0.006 0.021
-0.010 -0.006 0.020
-0.011 -0.006 0.020
-0.011 -0.006 0.019
-0.012 -0.006 0.018
-0.013 -0.006 0.017
-0.013 -0.006 0.016
-0.014 -0.006 0.015
-0.014 -0.006 0.014
-0.015 -0.006 0.013
-0.015 -0.006 0.012
-0.016 -0.006 0.012
-0.016 -0.006 0.011
-0.017 -0.006 0.010
-0.017 -0.007 0.009
-0.018 -0.007 0.008
-0.018 -0.007 0.008
-0.019 -0.007 0.007
-0.019 -0.007 0.006
-0.019 -0.007 0.005
-0.020 -0.007 0.005
-0.020 -0.007 0.004
-0.021 -0.007 0.003
-0.021 -0.007 0.002
-0.022 -0.007 0.002
-0.022 -0.007 0.001
-0.023 -0.007 0.000
-0.023 -0.007 0.000
-0.023 -0.007 -0.001
-0.024 -0.007 -0.002
-0.024 -0.007 -0.003
-0.025 -0.007 -0.003
-0.025 -0.007 -0.004
-0.025 -0.007 -0.005
-0.026 -0.007 -0.005
-0.026 -0.007 -0.006
-0.027 -0.007 -0.007
-0.027 -0.007 -0.007
-0.028 -0.007 -0.008
-0.028 -0.007 -0.009
-0.028 -0.007 -0.009
-0.029 -0.007 -0.010
-0.029 -0.007 -0.011
-0.029 -0.007 -0.011
-0.030 -0.007 -0.012
-0.030 -0.007 -0.012
-0.031 -0.007 -0.013
-0.031 -0.006 -0.014
-0.031 -0.006 -0.015
-0.032 -0.007 -0.015
-0.032 -0.007 -0.015
-0.032 -0.007 -0.016
-0.033 -0.007 -0.017
-0.033 -0.006 -0.017
-0.034 -0.006 -0.018
-0.034 -0.006 -0.018
-0.034 -0.006 -0.019
-0.034 -0.006 -0.019
-0.035 -0.006 -0.020
-0.035 -0.006 -0.021
-0.035 -0.006 -0.021
-0.036 -0.006 -0.022
-0.036 -0.006 -0.022
-0.037 -0.005 -0.023
-0.037 -0.005 -0.024
-0.038 -0.003 -0.025
-0.039 -0.002 -0.026
-0.036 -0.010 -0.022
0.220 0.226 0.409
0.220 0.224 0.410
0.220 0.222 0.409
0.220 0.219 0.409
0.219 0.217 0.408
0.219 0.215 0.408
0.219 0.213 0.408
0.219 0.210 0.407
0.219 0.208 0.407
0.219 0.206 0.407
0.218 0.204 0.407
0.218 0.201 0.406
0.218 0.199 0.406
0.218 0.197 0.406
0.218 0.194 0.405
0.217 0.192 0.405
0.217 0.190 0.405
0.217 0.187 0.404
0.217 0.185 0.404
0.217 0.182 0.403
0.216 0.180 0.403
0.216 0.178 0.403
0.216 0.175 0.403
0.216 0.173 0.402
0.216 0.171 0.402
0.216 0.168 0.402
0.216 0.166 0.402
0.216 0.164 0.402
0.216 0.161 0.402
0.215 0.159 0.401
0.215 0.156 0.401
0.215 0.154 0.400
0.215 0.152 0.400
0.215 0.149 0.400
0.215 0.147 0.400
0.214 0.144 0.399
0.214 0.142 0.398
0.215 0.140 0.399
0.215 0.137 0.400
0.215 0.135 0.400
0.218 0.133 0.404
0.223 0.131 0.413
0.138 0.117 0.271
0.098 0.111 0.205
0.097 0.109 0.203
0.096 0.108 0.201
0.096 0.106 0.201
0.096 0.105 0.200
0.095 0.103 0.200
0.096 0.102 0.200
0.096 0.100 0.200
0.096 0.099 0.200
0.095 0.097 0.200
0.095 0.096 0.200
0.095 0.094 0.199
0.095 0.093 0.199
0.096 0.091 0.200
0.096 0.090 0.200
0.096 0.088 0.201
0.096 0.087 0.201
0.096 0.085 0.201
0.097 0.084 0.201
0.097 0.082 0.202
0.097 0.081 0.202
0.097 0.079 0.202
0.097 0.077 0.202
0.097 0.076 0.202
0.096 0.074 0.201
0.096 0.073 0.201
0.096 0.071 0.200
0.096 0.070 0.200
0.095 0.068 0.199
0.095 0.067 0.199
0.095 0.065 0.198
0.094 0.064 0.197
0.094 0.062 0.197
0.094 0.060 0.197
0.093 0.059 0.196
0.089 0.058 0.189
0.086 0.057 0.183
0.027 0.068 0.085
0.028 0.067 0.086
0.026 0.067 0.083
0.025 0.066 0.081
0.024 0.065 0.080
0.024 0.064 0.079
0.023 0.063 0.078
0.023 0.063 0.077
0.022 0.062 0.076
0.022 0.061 0.076
0.021 0.060 0.075
0.021 0.059 0.074
0.021 0.059 0.074
0.020 0.058 0.073
0.020 0.057 0.073
0.019 0.056 0.072
0.019 0.055 0.072
0.019 0.054 0.071
0.019 0.053 0.071
0.019 0.052 0.071
0.019 0.051 0.071
0.019 0.050 0.072
0.019 0.049 0.072
0.019 0.049 0.071
0.019 0.048 0.071
0.019 0.047 0.071
0.019 0.046 0.070
0.018 0.045 0.070
0.018 0.044 0.070
0.018 0.043 0.070
0.018 0.042 0.069
0.018 0.041 0.070
0.018 0.040 0.070
0.018 0.039 0.070
0.019 0.038 0.071
0.021 0.035 0.075
0.024 0.033 0.079
0.025 0.031 0.081
0.025 0.030 0.081
0.025 0.029 0.081
0.023 0.029 0.078
0.022 0.029 0.076
0.020 0.029 0.073
0.018 0.029 0.070
0.016 0.029 0.067
0.015 0.029 0.064
0.014 0.029 0.062
0.013 0.028 0.061
0.013 0.028 0.060
0.012 0.027 0.060
0.012 0.026 0.059
0.012 0.025 0.060
0.012 0.024 0.060
0.013 0.022 0.060
0.013 0.021 0.060
0.013 0.020 0.061
0.013 0.019 0.061
0.013 0.018 0.061
0.013 0.017 0.062
0.014 0.016 0.062
0.014 0.014 0.062
0.014 0.013 0.062
0.014 0.012 0.063
0.014 0.011 0.063
0.015 0.009 0.064
0.015 0.008 0.064
0.015 0.007 0.064
0.015 0.006 0.064
0.015 0.004 0.065
0.015 0.003 0.064
0.015 0.002 0.064
0.015 0.001 0.063
0.014 0.001 0.063
0.014 0.000 0.062
0.013 0.000 0.061
0.013 -0.001 0.060
0.012 -0.001 0.059
0.012 -0.002 0.058
0.011 -0.002 0.057
0.010 -0.003 0.056
0.009 -0.003 0.054
0.008 -0.003 0.053
0.007 -0.003 0.051
0.007 -0.003 0.050
0.006 -0.003 0.049
0.005 -0.003 0.048
0.004 -0.004 0.046
0.004 -0.004 0.045
0.003 -0.004 0.044
0.002 -0.004 0.042
0.001 -0.004 0.041
0.001 -0.004 0.040
0.000 -0.004 0.039
-0.001 -0.004 0.038
-0.001 -0.005 0.037
-0.002 -0.005 0.036
-0.003 -0.005 0.034
-0.003 -0.005 0.033
-0.004 -0.005 0.032
-0.005 -0.005 0.031
-0.005 -0.005 0.030
-0.006 -0.005 0.029
-0.007 -0.005 0.028
-0.007 -0.005 0.026
-0.008 -0.005 0.025
-0.009 -0.005 0.025
-0.009 -0.005 0.024
-0.010 -0.005 0.023
-0.010 -0.006 0.022
-0.011 -0.006 0.021
-0.011 -0.006 0.020
-0.012 -0.006 0.019
-0.012 -0.006 0.018
-0.013 -0.006 0.017
-0.014 -0.006 0.016
-0.014 -0.006 0.015
-0.015 -0.006 0.014
-0.015 -0.006 0.014
-0.016 -0.006 0.013
-0.016 -0.006 0.012
-0.017 -0.006 0.011
-0.017 -0.006 0.010
-0.018 -0.007 0.009
-0.018 -0.007 0.009
-0.018 -0.007 0.008
-0.019 -0.007 0.007
-0.019 -0.007 0.006
-0.020 -0.007 0.006
-0.020 -0.007 0.005
-0.021 -0.007 0.004
-0.021 -0.007 0.003
-0.022 -0.007 0.003
-0.022 -0.007 0.002
-0.023 -0.007 0.001
-0.023 -0.007 0.000
-0.023 -0.007 0.000
-0.024 -0.007 -0.001
-0.024 -0.007 -0.002
-0.025 -0.007 -0.002
-0.025 -0.007 -0.003
-0.025 -0.007 -0.004
-0.026 -0.007 -0.004
-0.026 -0.007 -0.005
-0.027 -0.007 -0.006
-0.027 -0.007 -0.006
-0.027 -0.007 -0.007
-0.028 -0.007 -0.008
-0.028 -0.007 -0.008
-0.029 -0.007 -0.009
-0.029 -0.007 -0.010
-0.029 -0.007 -0.010
-0.030 -0.007 -0.011
-0.030 -0.007 -0.012
-0.031 -0.007 -0.012
-0.031 -0.007 -0.013
-0.031 -0.006 -0.014
-0.032 -0.006 -0.014
-0.032 -0.006 -0.015
-0.032 -0.007 -0.015
-0.033 -0.007 -0.016
-0.033 -0.007 -0.016
-0.033 -0.006 -0.017
-0.034 -0.006 -0.018
-0.034 -0.006 -0.018
-0.034 -0.006 -0.019
-0.035 -0.006 -0.019
-0.035 -0.006 -0.020
-0.035 -0.006 -0.020
-0.036 -0.006 -0.021
-0.036 -0.006 -0.022
-0.036 -0.006 -0.022
-0.037 -0.005 -0.023
-0.037 -0.005 -0.023
-0.038 -0.003 -0.025
-0.039 -0.002 -0.026
-0.036 -0.010 -0.022
0.219 0.226 0.410
0.219 0.224 0.411
0.219 0.222 0.410
0.218 0.220 0.410
0.218 0.217 0.409
0.218 0.215 0.409
0.218 0.213 0.409
0.218 0.210 0.409
0.218 0.208 0.408
0.217 0.206 0.408
0.217 0.204 0.408
0.217 0.201 0.408
0.217 0.199 0.407
0.217 0.197 0.407
0.216 0.194 0.406
0.216 0.192 0.406
0.216 0.189 0.406
0.216 0.187 0.405
0.216 0.185 0.405
0.215 0.182 0.405
0.215 0.180 0.404
0.215 0.178 0.404
0.215 0.175 0.404
0.215 0.173 0.403
0.215 0.171 0.403
0.215 0.168 0.403
0.214 0.166 0.403
0.215 0.164 0.403
0.214 0.161 0.403
0.214 0.159 0.402
0.214 0.156 0.402
0.214 0.154 0.401
0.213 0.152 0.401
0.213 0.149 0.400
0.213 0.147 0.400
0.213 0.144 0.400
0.212 0.142 0.399
0.213 0.140 0.400
0.214 0.137 0.401
0.214 0.135 0.402
0.217 0.133 0.407
0.225 0.131 0.420
0.107 0.114 0.221
0.098 0.111 0.206
0.096 0.109 0.202
0.095 0.108 0.201
0.095 0.106 0.201
0.095 0.105 0.200
0.094 0.103 0.200
0.094 0.102 0.200
0.094 0.100 0.200
0.094 0.099 0.200
0.094 0.097 0.200
0.094 0.096 0.200
0.094 0.094 0.200
0.094 0.093 0.200
0.094 0.091 0.200
0.095 0.090 0.200
0.095 0.088 0.200
0.095 0.087 0.200
0.095 0.085 0.200
0.095 0.084 0.200
0.095 0.082 0.201
0.095 0.081 0.201
0.095 0.079 0.201
0.095 0.077 0.201
0.096 0.076 0.202
0.095 0.074 0.201
0.095 0.073 0.201
0.095 0.071 0.201
0.095 0.070 0.201
0.095 0.068 0.200
0.095 0.066 0.200
0.094 0.065 0.199
0.093 0.063 0.198
0.093 0.062 0.197
0.093 0.060 0.198
0.092 0.059 0.195
0.089 0.058 0.190
0.078 0.059 0.172
0.028 0.068 0.087
0.029 0.067 0.089
0.026 0.066 0.085
0.026 0.066 0.084
0.025 0.065 0.082
0.024 0.064 0.081
0.024 0.063 0.080
0.023 0.062 0.079
0.022 0.062 0.078
0.022 0.061 0.078
0.022 0.060 0.077
0.021 0.059 0.076
0.021 0.058 0.076
0.021 0.057 0.075
0.020 0.057 0.074
0.020 0.056 0.074
0.019 0.055 0.073
0.019 0.054 0.073
0.019 0.053 0.073
0.019 0.052 0.073
0.019 0.051 0.073
0.019 0.050 0.073
0.019 0.049 0.073
0.019 0.048 0.073
0.019 0.047 0.072
0.019 0.046 0.072
0.019 0.045 0.072
0.019 0.044 0.072
0.019 0.044 0.072
0.018 0.043 0.071
0.018 0.042 0.071
0.018 0.041 0.071
0.019 0.039 0.072
0.019 0.038 0.073
0.021 0.036 0.076
0.025 0.033 0.082
0.027 0.030 0.086
0.027 0.029 0.086
0.026 0.029 0.084
0.024 0.029 0.081
0.023 0.029 0.079
0.021 0.029 0.076
0.020 0.029 0.073
0.018 0.029 0.070
0.016 0.029 0.067
0.015 0.029 0.065
0.014 0.028 0.064
0.013 0.028 0.063
0.013 0.027 0.062
0.012 0.026 0.061
0.012 0.025 0.061
0.012 0.024 0.061
0.013 0.023 0.062
0.013 0.022 0.062
0.013 0.021 0.063
0.014 0.019 0.063
0.014 0.018 0.063
0.014 0.017 0.064
0.014 0.016 0.064
0.014 0.015 0.064
0.014 0.013 0.064
0.015 0.012 0.065
0.015 0.011 0.066
0.015 0.009 0.066
0.015 0.008 0.066
0.015 0.007 0.066
0.015 0.006 0.066
0.016 0.005 0.066
0.016 0.003 0.066
0.016 0.002 0.066
0.015 0.002 0.065
0.015 0.001 0.064
0.014 0.001 0.063
0.013 0.000 0.062
0.013 -0.001 0.062
0.012 -0.001 0.061
0.012 -0.002 0.060
0.011 -0.002 0.059
0.011 -0.002 0.058
0.010 -0.002 0.056
0.009 -0.003 0.055
0.008 -0.003 0.053
0.007 -0.003 0.052
0.006 -0.003 0.051
0.005 -0.003 0.049
0.005 -0.003 0.048
0.004 -0.004 0.047
0.003 -0.004 0.045
0.002 -0.004 0.044
0.002 -0.004 0.043
0.001 -0.004 0.042
0.000 -0.004 0.040
0.000 -0.004 0.039
-0.001 -0.004 0.038
-0.002 -0.005 0.037
-0.002 -0.005 0.036
-0.003 -0.005 0.035
-0.004 -0.005 0.034
-0.005 -0.005 0.032
-0.005 -0.005 0.031
-0.006 -0.005 0.030
-0.006 -0.005 0.029
-0.007 -0.005 0.028
-0.008 -0.005 0.027
-0.008 -0.005 0.026
-0.009 -0.005 0.025
-0.010 -0.005 0.024
-0.010 -0.005 0.023
-0.011 -0.006 0.022
-0.011 -0.006 0.021
-0.012 -0.006 0.020
-0.012 -0.006 0.019
-0.013 -0.006 0.018
-0.013 -0.006 0.017
-0.014 -0.006 0.016
-0.014 -0.006 0.016
-0.015 -0.006 0.015
-0.015 -0.006 0.014
-0.016 -0.006 0.013
-0.016 -0.006 0.012
-0.017 -0.006 0.011
-0.018 -0.006 0.010
-0.018 -0.007 0.010
-0.018 -0.007 0.009
-0.019 -0.007 0.008
-0.019 -0.007 0.007
-0.020 -0.007 0.007
-0.020 -0.007 0.006
-0.021 -0.007 0.005
-0.021 -0.007 0.004
-0.022 -0.007 0.004
-0.022 -0.007 0.003
-0.022 -0.007 0.002
-0.023 -0.007 0.001
-0.023 -0.007 0.001
-0.024 -0.007 0.000
-0.024 -0.007 -0.001
-0.025 -0.007 -0.002
-0.025 -0.007 -0.002
-0.025 -0.007 -0.003
-0.026 -0.007 -0.004
-0.026 -0.007 -0.004
-0.027 -0.007 -0.005
-0.027 -0.007 -0.006
-0.027 -0.007 -0.006
-0.028 -0.007 -0.007
-0.028 -0.007 -0.008
-0.029 -0.007 -0.008
-0.029 -0.007 -0.009
-0.029 -0.007 -0.010
-0.030 -0.007 -0.010
-0.030 -0.007 -0.011
-0.031 -0.007 -0.012
-0.031 -0.007 -0.012
-0.031 -0.006 -0.013
-0.032 -0.006 -0.014
-0.032 -0.006 -0.014
-0.032 -0.007 -0.014
-0.032 -0.007 -0.015
-0.033 -0.007 -0.015
-0.033 -0.007 -0.016
-0.034 -0.006 -0.017
-0.034 -0.006 -0.017
-0.034 -0.006 -0.018
-0.035 -0.006 -0.018
-0.035 -0.006 -0.019
-0.035 -0.006 -0.020
-0.036 -0.006 -0.020
-0.036 -0.006 -0.021
-0.036 -0.006 -0.021
-0.037 -0.006 -0.022
-0.037 -0.005 -0.023
-0.038 -0.005 -0.023
-0.038 -0.003 -0.025
-0.039 -0.002 -0.026
-0.037 -0.009 -0.022
0.217 0.226 0.411
0.218 0.224 0.412
0.217 0.222 0.411
0.217 0.220 0.411
0.217 0.217 0.410
0.217 0.215 0.410
0.217 0.213 0.410
0.216 0.210 0.410
0.216 0.208 0.409
0.216 0.206 0.409
0.216 0.203 0.409
0.216 0.201 0.409
0.216 0.199 0.408
0.215 0.196 0.408
0.215 0.194 0.407
0.215 0.192 0.407
0.215 0.190 0.407
0.215 0.187 0.406
0.214 0.185 0.406
0.214 0.182 0.406
0.214 0.180 0.405
0.214 0.178 0.405
0.214 0.175 0.405
0.214 0.173 0.404
0.213 0.171 0.404
0.213 0.168 0.404
0.213 0.166 0.404
0.213 0.164 0.404
0.213 0.161 0.404
0.213 0.159 0.403
0.213 0.156 0.403
0.212 0.154 0.403
0.212 0.151 0.402
0.212 0.149 0.402
0.212 0.147 0.401
0.211 0.144 0.400
0.211 0.142 0.400
0.212 0.139 0.401
0.213 0.137 0.403
0.213 0.135 0.404
0.216 0.133 0.408
0.222 0.131 0.419
0.101 0.113 0.213
0.096 0.111 0.205
0.094 0.109 0.202
0.094 0.108 0.201
0.094 0.106 0.201
0.093 0.105 0.200
0.093 0.103 0.199
0.093 0.102 0.199
0.093 0.100 0.200
0.093 0.099 0.200
0.093 0.097 0.200
0.093 0.096 0.200
0.093 0.094 0.200
0.093 0.093 0.200
0.094 0.091 0.200
0.094 0.090 0.200
0.094 0.088 0.200
0.094 0.087 0.200
0.094 0.085 0.200
0.094 0.084 0.201
0.094 0.082 0.201
0.094 0.081 0.201
0.094 0.079 0.201
0.094 0.077 0.201
0.094 0.076 0.202
0.094 0.074 0.201
0.094 0.073 0.202
0.094 0.071 0.202
0.094 0.070 0.202
0.094 0.068 0.201
0.094 0.066 0.201
0.094 0.065 0.200
0.093 0.063 0.199
0.092 0.062 0.198
0.093 0.060 0.199
0.092 0.059 0.198
0.089 0.058 0.192
0.082 0.058 0.181
0.031 0.067 0.094
0.031 0.066 0.093
0.027 0.066 0.088
0.026 0.065 0.086
0.026 0.064 0.085
0.025 0.064 0.084
0.024 0.063 0.083
0.024 0.062 0.082
0.023 0.061 0.081
0.023 0.060 0.080
0.022 0.060 0.079
0.022 0.059 0.079
0.021 0.058 0.078
0.021 0.057 0.077
0.020 0.056 0.076
0.020 0.055 0.075
0.020 0.055 0.075
0.020 0.054 0.075
0.020 0.053 0.075
0.020 0.052 0.075
0.020 0.051 0.075
0.020 0.050 0.075
0.019 0.049 0.074
0.019 0.048 0.074
0.019 0.047 0.074
0.019 0.046 0.074
0.019 0.045 0.074
0.019 0.044 0.074
0.019 0.043 0.074
0.019 0.042 0.073
0.019 0.041 0.073
0.019 0.040 0.074
0.020 0.039 0.075
0.021 0.037 0.077
0.029 0.031 0.091
0.028 0.030 0.089
0.029 0.029 0.090
0.028 0.028 0.089
0.026 0.028 0.086
0.024 0.029 0.082
0.022 0.029 0.079
0.021 0.029 0.076
0.019 0.029 0.073
0.017 0.029 0.071
0.016 0.029 0.068
0.015 0.028 0.066
0.014 0.028 0.065
0.014 0.027 0.064
0.013 0.027 0.063
0.013 0.026 0.063
0.013 0.025 0.063
0.013 0.024 0.063
0.013 0.022 0.064
0.014 0.021 0.064
0.014 0.020 0.065
0.014 0.019 0.065
0.014 0.017 0.066
0.015 0.016 0.066
0.015 0.015 0.066
0.015 0.013 0.067
0.016 0.012 0.067
0.016 0.010 0.069
0.017 0.009 0.069
0.017 0.007 0.069
0.016 0.007 0.069
0.016 0.006 0.069
0.016 0.004 0.069
0.016 0.003 0.068
0.016 0.002 0.068
0.016 0.002 0.067
0.015 0.001 0.066
0.014 0.001 0.065
0.014 0.000 0.064
0.013 0.000 0.063
0.013 -0.001 0.063
0.012 -0.001 0.062
0.011 -0.002 0.060
0.011 -0.002 0.059
0.010 -0.003 0.058
0.009 -0.003 0.056
0.008 -0.003 0.055
0.007 -0.003 0.053
0.007 -0.003 0.052
0.006 -0.003 0.051
0.005 -0.003 0.049
0.004 -0.003 0.048
0.003 -0.003 0.047
0.003 -0.004 0.045
0.002 -0.004 0.044
0.001 -0.004 0.043
0.000 -0.004 0.042
0.000 -0.004 0.041
-0.001 -0.004 0.040
-0.001 -0.005 0.039
-0.002 -0.005 0.037
-0.003 -0.005 0.036
-0.004 -0.005 0.035
-0.004 -0.005 0.034
-0.005 -0.005 0.033
-0.006 -0.005 0.032
-0.006 -0.005 0.030
-0.007 -0.005 0.029
-0.008 -0.005 0.028
-0.008 -0.005 0.027
-0.009 -0.005 0.026
-0.009 -0.005 0.025
-0.010 -0.005 0.024
-0.011 -0.005 0.023
-0.011 -0.006 0.022
-0.012 -0.006 0.021
-0.012 -0.006 0.020
-0.013 -0.006 0.019
-0.013 -0.006 0.018
-0.014 -0.006 0.017
-0.014 -0.006 0.017
-0.015 -0.006 0.016
-0.015 -0.006 0.015
-0.016 -0.006 0.014
-0.016 -0.006 0.013
-0.017 -0.006 0.012
-0.017 -0.006 0.011
-0.018 -0.006 0.011
-0.018 -0.007 0.010
-0.019 -0.007 0.009
-0.019 -0.007 0.008
-0.020 -0.007 0.008
-0.020 -0.007 0.007
-0.020 -0.007 0.006
-0.021 -0.007 0.005
-0.021 -0.007 0.005
-0.022 -0.007 0.004
-0.022 -0.007 0.003
-0.023 -0.007 0.002
-0.023 -0.007 0.002
-0.024 -0.007 0.001
-0.024 -0.007 0.000
-0.024 -0.007 -0.001
-0.025 -0.007 -0.001
-0.025 -0.007 -0.002
-0.026 -0.007 -0.003
-0.026 -0.007 -0.004
-0.027 -0.007 -0.004
-0.027 -0.007 -0.005
-0.027 -0.007 -0.006
-0.028 -0.007 -0.006
-0.028 -0.007 -0.007
-0.029 -0.007 -0.008
-0.029 -0.007 -0.008
-0.029 -0.007 -0.009
-0.030 -0.007 -0.010
-0.030 -0.007 -0.010
-0.030 -0.007 -0.011
-0.031 -0.006 -0.012
-0.031 -0.006 -0.012
-0.032 -0.006 -0.013
-0.032 -0.006 -0.013
-0.032 -0.006 -0.014
-0.032 -0.007 -0.014
-0.033 -0.007 -0.015
-0.033 -0.007 -0.015
-0.033 -0.007 -0.016
-0.034 -0.006 -0.017
-0.034 -0.006 -0.017
-0.035 -0.006 -0.018
-0.035 -0.006 -0.018
-0.035 -0.006 -0.019
-0.036 -0.006 -0.019
-0.036 -0.006 -0.020
-0.037 -0.005 -0.021
-0.037 -0.006 -0.021
-0.037 -0.006 -0.022
-0.037 -0.005 -0.022
-0.038 -0.005 -0.023
-0.039 -0.003 -0.025
-0.040 -0.002 -0.026
-0.037 -0.009 -0.022
0.216 0.226 0.413
0.217 0.224 0.413
0.216 0.222 0.412
0.216 0.219 0.412
0.216 0.217 0.412
0.216 0.215 0.411
0.215 0.213 0.411
0.215 0.210 0.411
0.215 0.208 0.410
0.215 0.206 0.410
0.215 0.203 0.410
0.215 0.201 0.410
0.214 0.199 0.409
0.214 0.196 0.409
0.214 0.194 0.409
0.214 0.192 0.408
0.214 0.189 0.408
0.214 0.187 0.408
0.213 0.185 0.407
0.213 0.182 0.407
0.213 0.180 0.407
0.213 0.178 0.406
0.213 0.175 0.406
0.212 0.173 0.406
0.212 0.171 0.405
0.212 0.168 0.405
0.212 0.166 0.405
0.212 0.164 0.405
0.212 0.161 0.405
0.212 0.159 0.404
0.211 0.156 0.404
0.211 0.154 0.403
0.211 0.151 0.403
0.211 0.149 0.403
0.211 0.147 0.402
0.210 0.144 0.402
0.210 0.142 0.401
0.211 0.139 0.402
0.211 0.137 0.404
0.211 0.135 0.403
0.213 0.133 0.406
0.215 0.130 0.411
0.098 0.112 0.209
0.094 0.111 0.203
0.094 0.109 0.203
0.093 0.108 0.202
0.093 0.106 0.201
0.092 0.105 0.200
0.092 0.103 0.199
0.092 0.102 0.199
0.092 0.100 0.200
0.092 0.099 0.200
0.093 0.097 0.201
0.092 0.096 0.200
0.092 0.094 0.200
0.093 0.093 0.201
0.093 0.091 0.201
0.093 0.090 0.201
0.093 0.088 0.201
0.093 0.087 0.201
0.093 0.085 0.201
0.093 0.084 0.201
0.093 0.082 0.201
0.093 0.081 0.201
0.093 0.079 0.201
0.093 0.077 0.201
0.093 0.076 0.201
0.093 0.074 0.202
0.093 0.073 0.202
0.093 0.071 0.202
0.093 0.070 0.202
0.093 0.068 0.202
0.093 0.066 0.202
0.093 0.065 0.201
0.092 0.063 0.200
0.092 0.062 0.199
0.092 0.060 0.200
0.093 0.058 0.201
0.091 0.057 0.198
0.089 0.056 0.194
0.035 0.066 0.101
0.033 0.066 0.099
0.030 0.065 0.094
0.029 0.065 0.091
0.028 0.064 0.089
0.027 0.063 0.088
0.026 0.062 0.087
0.025 0.061 0.085
0.024 0.061 0.084
0.024 0.060 0.083
0.024 0.059 0.083
0.023 0.058 0.082
0.023 0.057 0.081
0.022 0.057 0.080
0.021 0.056 0.079
0.021 0.055 0.078
0.020 0.054 0.077
0.020 0.053 0.077
0.020 0.052 0.077
0.021 0.051 0.077
0.021 0.050 0.078
0.021 0.049 0.077
0.020 0.048 0.077
0.020 0.047 0.077
0.020 0.046 0.076
0.020 0.045 0.076
0.020 0.044 0.076
0.020 0.043 0.076
0.020 0.042 0.077
0.020 0.041 0.077
0.020 0.040 0.077
0.021 0.039 0.078
0.024 0.036 0.084
0.033 0.030 0.098
0.058 0.014 0.141
0.043 0.022 0.115
0.032 0.027 0.096
0.029 0.027 0.092
0.027 0.028 0.088
0.024 0.028 0.083
0.022 0.029 0.079
0.020 0.029 0.076
0.019 0.029 0.074
0.017 0.028 0.072
0.016 0.028 0.070
0.015 0.028 0.068
0.015 0.027 0.067
0.014 0.027 0.066
0.014 0.026 0.065
0.013 0.025 0.065
0.013 0.024 0.065
0.014 0.023 0.066
0.014 0.021 0.066
0.014 0.020 0.067
0.015 0.019 0.067
0.015 0.017 0.068
0.016 0.016 0.069
0.017 0.014 0.071
0.018 0.012 0.072
0.018 0.010 0.073
0.019 0.009 0.074
0.019 0.007 0.075
0.019 0.006 0.075
0.019 0.005 0.074
0.018 0.005 0.073
0.017 0.004 0.072
0.017 0.003 0.071
0.017 0.002 0.071
0.016 0.002 0.070
0.015 0.001 0.068
0.015 0.001 0.067
0.014 0.001 0.066
0.013 0.000 0.065
0.013 -0.001 0.064
0.012 -0.001 0.063
0.012 -0.002 0.062
0.011 -0.002 0.061
0.010 -0.002 0.060
0.010 -0.003 0.058
0.009 -0.003 0.057
0.008 -0.003 0.055
0.007 -0.003 0.054
0.006 -0.003 0.053
0.005 -0.003 0.051
0.005 -0.003 0.050
0.004 -0.003 0.048
0.003 -0.003 0.047
0.002 -0.004 0.046
0.001 -0.004 0.044
0.001 -0.004 0.043
0.000 -0.004 0.042
-0.001 -0.004 0.041
-0.001 -0.004 0.040
-0.002 -0.005 0.039
-0.003 -0.005 0.038
-0.003 -0.005 0.036
-0.004 -0.005 0.035
-0.005 -0.005 0.034
-0.005 -0.005 0.033
-0.006 -0.005 0.032
-0.007 -0.005 0.031
-0.007 -0.005 0.029
-0.008 -0.005 0.028
-0.009 -0.005 0.027
-0.009 -0.005 0.026
-0.010 -0.005 0.025
-0.010 -0.005 0.024
-0.011 -0.005 0.023
-0.012 -0.006 0.022
-0.012 -0.006 0.021
-0.013 -0.006 0.020
-0.013 -0.006 0.020
-0.014 -0.006 0.019
-0.014 -0.006 0.018
-0.015 -0.006 0.017
-0.015 -0.006 0.016
-0.016 -0.006 0.015
-0.016 -0.006 0.014
-0.017 -0.006 0.013
-0.017 -0.006 0.012
-0.018 -0.006 0.012
-0.018 -0.006 0.011
-0.019 -0.007 0.010
-0.019 -0.007 0.009
-0.020 -0.007 0.009
-0.020 -0.007 0.008
-0.020 -0.007 0.007
-0.021 -0.007 0.006
-0.021 -0.007 0.006
-0.022 -0.007 0.005
-0.022 -0.007 0.004
-0.023 -0.007 0.003
-0.023 -0.007 0.003
-0.024 -0.007 0.002
-0.024 -0.007 0.001
-0.024 -0.007 0.000
-0.025 -0.007 0.000
-0.025 -0.007 -0.001
-0.026 -0.007 -0.002
-0.026 -0.007 -0.003
-0.027 -0.007 -0.003
-0.027 -0.007 -0.004
-0.027 -0.007 -0.005
-0.028 -0.007 -0.005
-0.028 -0.007 -0.006
-0.029 -0.007 -0.007
-0.029 -0.007 -0.007
-0.029 -0.007 -0.008
-0.030 -0.007 -0.009
-0.030 -0.007 -0.009
-0.030 -0.007 -0.010
-0.031 -0.007 -0.011
-0.031 -0.006 -0.011
-0.032 -0.006 -0.012
-0.032 -0.006 -0.013
-0.032 -0.006 -0.013
-0.033 -0.007 -0.014
-0.033 -0.007 -0.014
-0.033 -0.007 -0.015
-0.033 -0.007 -0.015
-0.034 -0.007 -0.016
-0.034 -0.006 -0.017
-0.035 -0.006 -0.017
-0.035 -0.006 -0.018
-0.035 -0.006 -0.018
-0.035 -0.006 -0.019
-0.036 -0.006 -0.019
-0.036 -0.006 -0.020
-0.037 -0.005 -0.021
-0.037 -0.005 -0.021
-0.037 -0.006 -0.021
-0.038 -0.005 -0.022
-0.038 -0.004 -0.023
-0.039 -0.003 -0.025
-0.040 -0.001 -0.026
-0.038 -0.008 -0.022
0.215 0.226 0.414
0.215 0.224 0.414
0.215 0.222 0.414
0.215 0.219 0.413
0.214 0.217 0.412
0.214 0.215 0.412
0.214 0.213 0.412
0.214 0.210 0.412
0.214 0.208 0.412
0.214 0.206 0.411
0.214 0.203 0.411
0.213 0.201 0.411
0.213 0.199 0.410
0.213 0.196 0.410
0.213 0.194 0.410
0.213 0.192 0.409
0.213 0.190 0.409
0.212 0.187 0.409
0.212 0.185 0.408
0.212 0.182 0.408
0.212 0.180 0.408
0.211 0.178 0.407
0.211 0.175 0.407
0.211 0.173 0.407
0.211 0.171 0.406
0.211 0.168 0.406
0.211 0.166 0.406
0.211 0.163 0.406
0.210 0.161 0.405
0.210 0.159 0.406
0.210 0.156 0.405
0.210 0.154 0.405
0.210 0.151 0.404
0.210 0.149 0.404
0.209 0.147 0.403
0.209 0.144 0.403
0.209 0.142 0.402
0.209 0.139 0.404
0.210 0.137 0.404
0.209 0.135 0.403
0.211 0.132 0.406
0.208 0.130 0.402
0.096 0.112 0.209
0.093 0.110 0.203
0.093 0.109 0.203
0.092 0.108 0.202
0.092 0.106 0.202
0.091 0.105 0.201
0.091 0.103 0.200
0.091 0.102 0.200
0.091 0.100 0.200
0.091 0.099 0.201
0.091 0.097 0.201
0.091 0.096 0.201
0.092 0.094 0.201
0.092 0.093 0.201
0.092 0.091 0.201
0.092 0.090 0.201
0.092 0.088 0.201
0.092 0.087 0.201
0.092 0.085 0.201
0.092 0.084 0.201
0.092 0.082 0.202
0.092 0.081 0.202
0.092 0.079 0.201
0.092 0.077 0.201
0.092 0.076 0.202
0.092 0.074 0.202
0.092 0.073 0.202
0.092 0.071 0.202
0.092 0.070 0.202
0.093 0.068 0.202
0.092 0.066 0.202
0.092 0.065 0.202
0.092 0.063 0.201
0.091 0.062 0.200
0.091 0.060 0.200
0.092 0.058 0.201
0.092 0.057 0.202
0.091 0.055 0.200
0.082 0.056 0.184
0.041 0.064 0.114
0.035 0.064 0.103
0.034 0.063 0.101
0.031 0.063 0.097
0.030 0.062 0.095
0.029 0.061 0.093
0.028 0.060 0.092
0.028 0.060 0.091
0.027 0.059 0.090
0.027 0.058 0.089
0.027 0.057 0.090
0.026 0.056 0.087
0.024 0.056 0.085
0.023 0.055 0.083
0.023 0.054 0.082
0.022 0.053 0.081
0.022 0.052 0.081
0.022 0.051 0.081
0.022 0.050 0.081
0.022 0.049 0.081
0.022 0.048 0.081
0.022 0.047 0.080
0.022 0.046 0.081
0.022 0.045 0.081
0.022 0.044 0.081
0.022 0.043 0.081
0.022 0.042 0.080
0.022 0.041 0.081
0.022 0.040 0.081
0.022 0.039 0.081
0.027 0.035 0.090
0.031 0.032 0.096
0.053 0.018 0.135
0.073 0.005 0.169
0.069 0.006 0.161
0.037 0.024 0.106
0.031 0.026 0.096
0.027 0.027 0.090
0.024 0.028 0.084
0.021 0.029 0.080
0.020 0.029 0.077
0.018 0.028 0.075
0.017 0.028 0.073
0.016 0.028 0.071
0.016 0.027 0.070
0.015 0.026 0.069
0.015 0.026 0.068
0.014 0.025 0.068
0.014 0.024 0.068
0.015 0.022 0.069
0.015 0.021 0.069
0.015 0.020 0.070
0.016 0.018 0.071
0.017 0.016 0.073
0.018 0.014 0.075
0.020 0.012 0.077
0.021 0.009 0.080
0.023 0.007 0.083
0.024 0.004 0.085
0.024 0.003 0.084
0.024 0.003 0.084
0.023 0.002 0.083
0.022 0.002 0.081
0.021 0.002 0.079
0.019 0.002 0.076
0.019 0.001 0.075
0.017 0.001 0.073
0.016 0.001 0.071
0.015 0.001 0.069
0.014 0.001 0.068
0.014 0.000 0.067
0.013 0.000 0.066
0.013 -0.001 0.065
0.012 -0.002 0.064
0.012 -0.002 0.063
0.011 -0.002 0.062
0.010 -0.003 0.060
0.009 -0.003 0.059
0.008 -0.003 0.057
0.007 -0.003 0.056
0.006 -0.003 0.054
0.006 -0.003 0.053
0.005 -0.003 0.051
0.004 -0.003 0.050
0.003 -0.003 0.049
0.003 -0.004 0.048
0.002 -0.004 0.046
0.001 -0.004 0.045
0.000 -0.004 0.044
0.000 -0.004 0.042
-0.001 -0.004 0.041
-0.002 -0.004 0.040
-0.002 -0.005 0.039
-0.003 -0.005 0.038
-0.004 -0.005 0.037
-0.005 -0.005 0.035
-0.005 -0.005 0.034
-0.006 -0.005 0.033
-0.007 -0.005 0.032
-0.007 -0.005 0.031
-0.008 -0.005 0.030
-0.008 -0.005 0.028
-0.009 -0.005 0.027
-0.010 -0.005 0.027
-0.010 -0.005 0.026
-0.011 -0.005 0.025
-0.011 -0.005 0.023
-0.012 -0.006 0.023
-0.013 -0.006 0.022
-0.013 -0.006 0.021
-0.014 -0.006 0.020
-0.014 -0.006 0.019
-0.015 -0.006 0.018
-0.015 -0.006 0.017
-0.016 -0.006 0.016
-0.016 -0.006 0.015
-0.017 -0.006 0.014
-0.017 -0.006 0.014
-0.018 -0.006 0.013
-0.018 -0.006 0.012
-0.019 -0.006 0.011
-0.019 -0.007 0.011
-0.019 -0.007 0.010
-0.020 -0.007 0.009
-0.020 -0.007 0.008
-0.021 -0.007 0.008
-0.021 -0.007 0.007
-0.022 -0.007 0.006
-0.022 -0.007 0.005
-0.023 -0.007 0.004
-0.023 -0.007 0.004
-0.023 -0.007 0.003
-0.024 -0.007 0.002
-0.024 -0.007 0.001
-0.025 -0.007 0.000
-0.025 -0.007 0.000
-0.026 -0.007 -0.001
-0.026 -0.007 -0.002
-0.026 -0.007 -0.002
-0.027 -0.007 -0.003
-0.027 -0.007 -0.004
-0.028 -0.007 -0.005
-0.028 -0.007 -0.005
-0.028 -0.007 -0.006
-0.029 -0.007 -0.007
-0.029 -0.007 -0.007
-0.030 -0.007 -0.008
-0.030 -0.007 -0.008
-0.030 -0.007 -0.009
-0.031 -0.007 -0.010
-0.031 -0.007 -0.010
-0.031 -0.007 -0.011
-0.032 -0.006 -0.012
-0.032 -0.006 -0.012
-0.033 -0.006 -0.013
-0.033 -0.007 -0.013
-0.033 -0.007 -0.014
-0.033 -0.007 -0.014
-0.034 -0.007 -0.015
-0.034 -0.007 -0.016
-0.035 -0.006 -0.016
-0.035 -0.006 -0.017
-0.035 -0.006 -0.018
-0.036 -0.006 -0.018
-0.036 -0.006 -0.019
-0.036 -0.006 -0.019
-0.037 -0.006 -0.020
-0.037 -0.005 -0.020
-0.037 -0.005 -0.021
-0.037 -0.006 -0.021
-0.038 -0.005 -0.022
-0.039 -0.004 -0.023
-0.039 -0.003 -0.025
-0.040 -0.001 -0.026
-0.038 -0.008 -0.022
0.214 0.226 0.415
0.214 0.224 0.415
0.214 0.222 0.415
0.214 0.220 0.414
0.213 0.217 0.414
0.213 0.215 0.413
0.213 0.213 0.413
0.213 0.210 0.413
0.213 0.208 0.412
0.212 0.206 0.412
0.212 0.203 0.412
0.212 0.201 0.412
0.212 0.199 0.411
0.212 0.196 0.411
0.212 0.194 0.411
0.211 0.192 0.411
0.211 0.189 0.410
0.211 0.187 0.410
0.211 0.185 0.410
0.211 0.182 0.409
0.210 0.180 0.409
0.210 0.178 0.408
0.210 0.175 0.408
0.210 0.173 0.408
0.210 0.171 0.407
0.209 0.168 0.407
0.209 0.166 0.407
0.209 0.163 0.407
0.209 0.161 0.407
0.209 0.159 0.406
0.209 0.156 0.406
0.209 0.154 0.406
0.209 0.151 0.405
0.208 0.149 0.405
0.208 0.147 0.405
0.208 0.144 0.404
0.207 0.142 0.404
0.208 0.139 0.405
0.208 0.137 0.405
0.208 0.135 0.404
0.210 0.132 0.407
0.203 0.129 0.396
0.095 0.112 0.208
0.091 0.110 0.202
0.091 0.109 0.202
0.091 0.107 0.202
0.091 0.106 0.202
0.090 0.104 0.201
0.090 0.103 0.200
0.090 0.102 0.200
0.090 0.100 0.201
0.090 0.099 0.201
0.091 0.097 0.201
0.090 0.096 0.201
0.090 0.094 0.201
0.091 0.093 0.201
0.091 0.091 0.202
0.091 0.090 0.201
0.091 0.088 0.202
0.091 0.087 0.202
0.091 0.085 0.202
0.091 0.084 0.202
0.091 0.082 0.202
0.091 0.080 0.202
0.091 0.079 0.202
0.091 0.077 0.202
0.091 0.076 0.202
0.091 0.074 0.202
0.091 0.073 0.202
0.091 0.071 0.202
0.091 0.070 0.202
0.091 0.068 0.202
0.091 0.066 0.202
0.091 0.065 0.202
0.091 0.063 0.201
0.090 0.062 0.201
0.090 0.060 0.201
0.091 0.058 0.201
0.090 0.057 0.201
0.092 0.055 0.204
0.092 0.053 0.203
0.085 0.053 0.191
0.076 0.054 0.176
0.046 0.060 0.124
0.036 0.061 0.107
0.034 0.061 0.103
0.033 0.060 0.101
0.032 0.059 0.099
0.031 0.058 0.098
0.031 0.057 0.098
0.033 0.056 0.101
0.033 0.054 0.101
0.029 0.055 0.095
0.028 0.054 0.093
0.030 0.052 0.095
0.025 0.053 0.088
0.025 0.052 0.088
0.025 0.051 0.087
0.024 0.050 0.086
0.024 0.049 0.086
0.024 0.048 0.086
0.024 0.047 0.086
0.024 0.046 0.086
0.024 0.045 0.086
0.025 0.044 0.087
0.025 0.043 0.087
0.024 0.042 0.086
0.024 0.041 0.086
0.025 0.039 0.087
0.025 0.038 0.088
0.029 0.035 0.095
0.032 0.032 0.099
0.067 0.011 0.160
0.072 0.007 0.169
0.076 0.003 0.175
0.078 0.000 0.179
0.036 0.023 0.107
0.032 0.025 0.100
0.027 0.027 0.091
0.024 0.027 0.086
0.021 0.028 0.081
0.019 0.028 0.078
0.018 0.028 0.076
0.017 0.028 0.074
0.016 0.027 0.073
0.016 0.027 0.072
0.015 0.026 0.071
0.015 0.025 0.071
0.015 0.024 0.071
0.016 0.022 0.072
0.017 0.020 0.074
0.020 0.017 0.078
0.022 0.015 0.081
0.023 0.012 0.084
0.024 0.010 0.086
0.026 0.007 0.089
0.027 0.005 0.092
0.028 0.003 0.093
0.029 0.001 0.094
0.029 0.000 0.094
0.028 -0.001 0.093
0.027 -0.001 0.091
0.026 -0.001 0.089
0.025 -0.001 0.087
0.023 -0.001 0.085
0.021 -0.001 0.081
0.019 0.000 0.078
0.018 0.001 0.075
0.016 0.001 0.072
0.015 0.001 0.070
0.014 0.000 0.069
0.014 0.000 0.068
0.013 -0.001 0.067
0.013 -0.001 0.066
0.012 -0.002 0.065
0.011 -0.002 0.064
0.011 -0.002 0.062
0.010 -0.003 0.061
0.009 -0.003 0.059
0.008 -0.003 0.058
0.007 -0.003 0.056
0.006 -0.003 0.055
0.005 -0.003 0.053
0.004 -0.003 0.052
0.004 -0.003 0.051
0.003 -0.004 0.049
0.002 -0.004 0.048
0.001 -0.004 0.047
0.001 -0.004 0.045
0.000 -0.004 0.044
-0.001 -0.004 0.043
-0.002 -0.004 0.042
-0.002 -0.004 0.040
-0.003 -0.004 0.039
-0.004 -0.005 0.038
-0.004 -0.005 0.037
-0.005 -0.005 0.036
-0.006 -0.005 0.034
-0.006 -0.005 0.033
-0.007 -0.005 0.032
-0.008 -0.005 0.031
-0.008 -0.005 0.030
-0.009 -0.005 0.029
-0.009 -0.005 0.028
-0.010 -0.005 0.027
-0.011 -0.005 0.026
-0.011 -0.005 0.025
-0.012 -0.005 0.024
-0.012 -0.005 0.023
-0.013 -0.005 0.022
-0.013 -0.006 0.021
-0.014 -0.006 0.020
-0.015 -0.006 0.019
-0.015 -0.006 0.018
-0.016 -0.006 0.017
-0.016 -0.006 0.016
-0.017 -0.006 0.016
-0.017 -0.006 0.015
-0.018 -0.006 0.014
-0.018 -0.006 0.013
-0.018 -0.006 0.012
-0.019 -0.007 0.011
-0.019 -0.007 0.011
-0.020 -0.007 0.010
-0.020 -0.007 0.009
-0.021 -0.007 0.008
-0.021 -0.007 0.008
-0.022 -0.007 0.007
-0.022 -0.007 0.006
-0.022 -0.007 0.005
-0.023 -0.007 0.004
-0.023 -0.007 0.004
-0.024 -0.007 0.003
-0.024 -0.007 0.002
-0.025 -0.007 0.002
-0.025 -0.007 0.001
-0.026 -0.007 0.000
-0.026 -0.007 -0.001
-0.026 -0.007 -0.002
-0.027 -0.007 -0.002
-0.027 -0.007 -0.003
-0.028 -0.007 -0.004
-0.028 -0.007 -0.004
-0.028 -0.007 -0.005
-0.029 -0.007 -0.006
-0.029 -0.007 -0.006
-0.030 -0.007 -0.007
-0.030 -0.007 -0.008
-0.030 -0.006 -0.009
-0.031 -0.006 -0.009
-0.031 -0.006 -0.010
-0.032 -0.006 -0.010
-0.032 -0.006 -0.011
-0.032 -0.007 -0.011
-0.033 -0.006 -0.012
-0.033 -0.006 -0.013
-0.033 -0.007 -0.013
-0.033 -0.007 -0.014
-0.034 -0.007 -0.014
-0.034 -0.007 -0.015
-0.034 -0.007 -0.015
-0.035 -0.006 -0.016
-0.035 -0.006 -0.017
-0.036 -0.006 -0.017
-0.036 -0.006 -0.018
-0.036 -0.006 -0.019
-0.036 -0.006 -0.019
-0.037 -0.006 -0.020
-0.037 -0.005 -0.020
-0.038 -0.005 -0.021
-0.038 -0.006 -0.021
-0.038 -0.005 -0.022
-0.039 -0.004 -0.023
-0.040 -0.002 -0.025
-0.041 -0.001 -0.026
-0.038 -0.008 -0.022
0.213 0.226 0.416
0.213 0.224 0.416
0.213 0.222 0.416
0.212 0.219 0.415
0.212 0.217 0.415
0.212 0.215 0.414
0.212 0.213 0.414
0.211 0.210 0.414
0.211 0.208 0.414
0.211 0.206 0.413
0.211 0.203 0.413
0.211 0.201 0.413
0.211 0.199 0.412
0.211 0.196 0.412
0.210 0.194 0.412
0.210 0.192 0.412
0.210 0.189 0.411
0.210 0.187 0.411
0.210 0.185 0.411
0.210 0.182 0.410
0.209 0.180 0.410
0.209 0.178 0.410
0.209 0.175 0.409
0.209 0.173 0.409
0.208 0.171 0.409
0.208 0.168 0.408
0.208 0.166 0.408
0.208 0.163 0.408
0.208 0.161 0.408
0.208 0.159 0.407
0.208 0.156 0.407
0.207 0.154 0.407
0.207 0.151 0.406
0.207 0.149 0.406
0.207 0.147 0.406
0.206 0.144 0.405
0.206 0.142 0.404
0.207 0.139 0.406
0.207 0.137 0.406
0.207 0.134 0.405
0.209 0.132 0.409
0.200 0.129 0.395
0.093 0.112 0.208
0.090 0.110 0.203
0.090 0.109 0.202
0.090 0.107 0.202
0.090 0.106 0.202
0.089 0.104 0.201
0.089 0.103 0.200
0.089 0.101 0.200
0.089 0.100 0.201
0.090 0.099 0.201
0.089 0.097 0.201
0.090 0.096 0.201
0.090 0.094 0.201
0.090 0.093 0.201
0.090 0.091 0.202
0.090 0.090 0.202
0.090 0.088 0.202
0.090 0.087 0.202
0.090 0.085 0.202
0.090 0.084 0.202
0.090 0.082 0.202
0.090 0.080 0.202
0.090 0.079 0.202
0.090 0.077 0.202
0.090 0.076 0.202
0.090 0.074 0.202
0.090 0.073 0.202
0.090 0.071 0.202
0.090 0.070 0.202
0.090 0.068 0.202
0.090 0.066 0.202
0.090 0.065 0.202
0.090 0.063 0.202
0.090 0.062 0.201
0.089 0.060 0.201
0.089 0.058 0.201
0.090 0.057 0.201
0.090 0.055 0.202
0.090 0.053 0.202
0.090 0.052 0.203
0.089 0.050 0.200
0.085 0.050 0.193
0.080 0.050 0.185
0.078 0.048 0.182
0.077 0.047 0.180
0.076 0.046 0.178
0.075 0.045 0.177
0.075 0.043 0.175
0.075 0.042 0.176
0.074 0.040 0.174
0.073 0.039 0.173
0.070 0.039 0.167
0.049 0.045 0.131
0.029 0.051 0.096
0.027 0.051 0.093
0.029 0.049 0.097
0.029 0.048 0.096
0.028 0.047 0.094
0.028 0.046 0.094
0.028 0.045 0.094
0.028 0.044 0.094
0.028 0.043 0.095
0.029 0.041 0.095
0.029 0.040 0.095
0.029 0.039 0.095
0.030 0.038 0.097
0.030 0.036 0.098
0.028 0.036 0.094
0.037 0.030 0.110
0.067 0.012 0.162
0.072 0.008 0.171
0.075 0.005 0.176
0.076 0.002 0.177
0.074 0.002 0.175
0.069 0.003 0.165
0.035 0.023 0.106
0.029 0.025 0.096
0.025 0.027 0.089
0.022 0.028 0.083
0.020 0.028 0.079
0.018 0.028 0.077
0.017 0.027 0.076
0.017 0.027 0.074
0.016 0.026 0.073
0.016 0.025 0.073
0.016 0.024 0.073
0.017 0.022 0.075
0.022 0.017 0.083
0.026 0.013 0.090
0.030 0.009 0.097
0.032 0.006 0.102
0.033 0.004 0.102
0.033 0.002 0.103
0.033 0.001 0.103
0.033 0.000 0.102
0.032 -0.001 0.102
0.031 -0.001 0.099
0.030 -0.002 0.098
0.028 -0.002 0.095
0.027 -0.002 0.093
0.026 -0.002 0.091
0.025 -0.002 0.089
0.024 -0.002 0.086
0.022 -0.002 0.084
0.020 -0.001 0.081
0.018 -0.001 0.077
0.016 0.000 0.074
0.015 0.000 0.072
0.014 0.000 0.070
0.014 -0.001 0.069
0.013 -0.001 0.068
0.012 -0.002 0.067
0.012 -0.002 0.066
0.011 -0.002 0.064
0.010 -0.003 0.063
0.009 -0.003 0.061
0.008 -0.003 0.059
0.007 -0.003 0.058
0.006 -0.003 0.056
0.006 -0.003 0.055
0.005 -0.003 0.054
0.004 -0.003 0.052
0.003 -0.003 0.051
0.002 -0.004 0.050
0.002 -0.004 0.048
0.001 -0.004 0.047
0.000 -0.004 0.045
-0.001 -0.004 0.044
-0.001 -0.004 0.043
-0.002 -0.004 0.042
-0.003 -0.004 0.041
-0.003 -0.004 0.039
-0.004 -0.005 0.038
-0.005 -0.005 0.037
-0.005 -0.005 0.036
-0.006 -0.005 0.035
-0.007 -0.005 0.033
-0.007 -0.005 0.032
-0.008 -0.005 0.031
-0.009 -0.005 0.030
-0.009 -0.005 0.029
-0.010 -0.005 0.028
-0.010 -0.005 0.027
-0.011 -0.005 0.026
-0.012 -0.005 0.025
-0.012 -0.005 0.024
-0.013 -0.005 0.023
-0.013 -0.005 0.022
-0.014 -0.006 0.021
-0.014 -0.006 0.020
-0.015 -0.006 0.019
-0.015 -0.006 0.018
-0.016 -0.006 0.018
-0.016 -0.006 0.017
-0.017 -0.006 0.016
-0.018 -0.006 0.015
-0.018 -0.006 0.014
-0.018 -0.006 0.013
-0.019 -0.006 0.013
-0.019 -0.007 0.012
-0.020 -0.007 0.011
-0.020 -0.007 0.010
-0.021 -0.007 0.009
-0.021 -0.007 0.009
-0.021 -0.007 0.008
-0.022 -0.007 0.007
-0.022 -0.007 0.006
-0.023 -0.007 0.006
-0.023 -0.007 0.005
-0.024 -0.007 0.004
-0.024 -0.007 0.003
-0.025 -0.007 0.003
-0.025 -0.007 0.002
-0.025 -0.007 0.001
-0.026 -0.007 0.000
-0.026 -0.007 -0.001
-0.027 -0.007 -0.001
-0.027 -0.007 -0.002
-0.028 -0.007 -0.003
-0.028 -0.007 -0.004
-0.028 -0.007 -0.004
-0.029 -0.007 -0.005
-0.029 -0.007 -0.006
-0.029 -0.007 -0.006
-0.030 -0.007 -0.007
-0.030 -0.007 -0.008
-0.031 -0.006 -0.008
-0.031 -0.006 -0.009
-0.032 -0.006 -0.010
-0.032 -0.006 -0.010
-0.032 -0.006 -0.011
-0.032 -0.006 -0.011
-0.033 -0.006 -0.012
-0.033 -0.006 -0.013
-0.033 -0.006 -0.013
-0.034 -0.007 -0.014
-0.034 -0.007 -0.014
-0.034 -0.007 -0.015
-0.035 -0.007 -0.015
-0.035 -0.006 -0.016
-0.036 -0.006 -0.017
-0.036 -0.006 -0.017
-0.036 -0.006 -0.018
-0.037 -0.006 -0.018
-0.037 -0.006 -0.019
-0.037 -0.006 -0.020
-0.038 -0.005 -0.020
-0.038 -0.005 -0.021
-0.038 -0.005 -0.021
-0.039 -0.005 -0.022
-0.039 -0.004 -0.023
-0.040 -0.002 -0.025
-0.041 -0.001 -0.026
-0.039 -0.008 -0.022
0.211 0.226 0.417
0.212 0.224 0.417
0.211 0.222 0.417
0.211 0.219 0.416
0.211 0.217 0.416
0.211 0.215 0.416
0.210 0.213 0.415
0.210 0.210 0.415
0.210 0.208 0.415
0.210 0.206 0.414
0.210 0.203 0.414
0.210 0.201 0.414
0.210 0.199 0.414
0.209 0.196 0.413
0.209 0.194 0.413
0.209 0.192 0.413
0.209 0.189 0.413
0.209 0.187 0.412
0.208 0.185 0.412
0.208 0.182 0.411
0.208 0.180 0.411
0.208 0.178 0.411
0.208 0.175 0.410
0.207 0.173 0.410
0.207 0.171 0.410
0.207 0.168 0.409
0.207 0.166 0.409
0.207 0.163 0.409
0.207 0.161 0.409
0.206 0.159 0.408
0.206 0.156 0.408
0.206 0.154 0.408
0.206 0.151 0.407
0.206 0.149 0.407
0.205 0.146 0.406
0.205 0.144 0.406
0.205 0.142 0.406
0.206 0.139 0.407
0.206 0.137 0.407
0.206 0.134 0.407
0.208 0.132 0.411
0.199 0.129 0.395
0.093 0.112 0.209
0.090 0.110 0.204
0.089 0.109 0.202
0.089 0.107 0.202
0.089 0.106 0.202
0.088 0.104 0.201
0.088 0.103 0.200
0.088 0.101 0.201
0.088 0.100 0.201
0.089 0.099 0.201
0.089 0.097 0.201
0.089 0.096 0.202
0.089 0.094 0.202
0.089 0.093 0.202
0.089 0.091 0.202
0.089 0.090 0.202
0.089 0.088 0.202
0.089 0.087 0.202
0.089 0.085 0.202
0.089 0.084 0.203
0.089 0.082 0.203
0.089 0.080 0.203
0.089 0.079 0.203
0.089 0.077 0.202
0.089 0.076 0.202
0.089 0.074 0.202
0.089 0.073 0.202
0.089 0.071 0.202
0.089 0.070 0.202
0.089 0.068 0.202
0.089 0.066 0.202
0.089 0.065 0.202
0.089 0.063 0.202
0.088 0.062 0.201
0.089 0.060 0.202
0.088 0.058 0.201
0.088 0.057 0.201
0.088 0.055 0.201
0.089 0.054 0.202
0.089 0.052 0.202
0.088 0.050 0.200
0.087 0.049 0.199
0.086 0.048 0.197
0.085 0.046 0.196
0.085 0.045 0.195
0.085 0.043 0.195
0.084 0.042 0.194
0.084 0.040 0.194
0.084 0.039 0.193
0.083 0.037 0.192
0.084 0.035 0.193
0.084 0.034 0.193
0.082 0.033 0.190
0.076 0.033 0.179
0.070 0.034 0.168
0.063 0.035 0.157
0.043 0.042 0.122
0.037 0.043 0.112
0.035 0.043 0.108
0.033 0.043 0.104
0.031 0.042 0.101
0.031 0.041 0.101
0.031 0.040 0.101
0.031 0.039 0.100
0.032 0.037 0.103
0.037 0.033 0.111
0.056 0.023 0.144
0.068 0.014 0.166
0.073 0.010 0.175
0.072 0.009 0.173
0.075 0.006 0.178
0.075 0.004 0.177
0.074 0.003 0.177
0.072 0.002 0.174
0.070 0.002 0.170
0.049 0.013 0.133
0.033 0.022 0.104
0.026 0.026 0.092
0.023 0.027 0.086
0.020 0.027 0.081
0.018 0.027 0.078
0.017 0.027 0.077
0.017 0.026 0.076
0.017 0.025 0.076
0.017 0.024 0.076
0.019 0.021 0.080
0.027 0.014 0.094
0.032 0.009 0.102
0.035 0.005 0.108
0.037 0.002 0.111
0.038 0.001 0.113
0.037 0.000 0.111
0.036 -0.001 0.109
0.035 -0.001 0.107
0.033 -0.001 0.105
0.032 -0.001 0.102
0.030 -0.001 0.100
0.029 -0.001 0.098
0.028 -0.002 0.095
0.026 -0.002 0.093
0.025 -0.002 0.091
0.024 -0.002 0.089
0.023 -0.002 0.087
0.022 -0.002 0.085
0.020 -0.002 0.082
0.019 -0.002 0.079
0.017 -0.001 0.076
0.016 -0.001 0.074
0.014 -0.001 0.072
0.014 -0.001 0.070
0.013 -0.002 0.069
0.012 -0.002 0.068
0.011 -0.002 0.066
0.011 -0.003 0.065
0.010 -0.003 0.063
0.009 -0.003 0.062
0.008 -0.003 0.060
0.007 -0.003 0.058
0.006 -0.003 0.057
0.005 -0.003 0.056
0.004 -0.003 0.054
0.004 -0.003 0.053
0.003 -0.003 0.051
0.002 -0.003 0.050
0.001 -0.004 0.048
0.000 -0.004 0.047
0.000 -0.004 0.046
-0.001 -0.004 0.045
-0.002 -0.004 0.043
-0.002 -0.004 0.042
-0.003 -0.004 0.041
-0.004 -0.004 0.040
-0.004 -0.005 0.039
-0.005 -0.005 0.038
-0.006 -0.005 0.036
-0.007 -0.005 0.035
-0.007 -0.005 0.034
-0.008 -0.005 0.033
-0.008 -0.005 0.032
-0.009 -0.005 0.030
-0.010 -0.005 0.029
-0.010 -0.005 0.028
-0.011 -0.005 0.027
-0.011 -0.005 0.026
-0.012 -0.005 0.025
-0.013 -0.005 0.024
-0.013 -0.005 0.023
-0.014 -0.005 0.022
-0.014 -0.005 0.021
-0.015 -0.006 0.020
-0.015 -0.006 0.019
-0.016 -0.006 0.018
-0.016 -0.006 0.018
-0.017 -0.006 0.017
-0.017 -0.006 0.016
-0.018 -0.006 0.015
-0.018 -0.006 0.014
-0.019 -0.006 0.013
-0.019 -0.006 0.013
-0.020 -0.006 0.012
-0.020 -0.006 0.011
-0.021 -0.007 0.010
-0.021 -0.007 0.009
-0.021 -0.007 0.009
-0.022 -0.007 0.008
-0.022 -0.007 0.007
-0.023 -0.007 0.007
-0.023 -0.007 0.006
-0.024 -0.007 0.005
-0.024 -0.007 0.004
-0.024 -0.007 0.004
-0.025 -0.007 0.003
-0.025 -0.007 0.002
-0.026 -0.007 0.001
-0.026 -0.007 0.000
-0.027 -0.007 -0.001
-0.027 -0.007 -0.001
-0.028 -0.007 -0.002
-0.028 -0.007 -0.003
-0.028 -0.007 -0.003
-0.029 -0.007 -0.004
-0.029 -0.007 -0.005
-0.030 -0.007 -0.005
-0.030 -0.007 -0.006
-0.030 -0.007 -0.007
-0.031 -0.007 -0.007
-0.031 -0.006 -0.008
-0.032 -0.006 -0.009
-0.032 -0.006 -0.010
-0.032 -0.006 -0.010
-0.033 -0.006 -0.011
-0.033 -0.006 -0.011
-0.033 -0.006 -0.012
-0.034 -0.006 -0.012
-0.034 -0.006 -0.013
-0.034 -0.007 -0.013
-0.034 -0.007 -0.014
-0.035 -0.007 -0.014
-0.035 -0.007 -0.015
-0.035 -0.006 -0.016
-0.036 -0.006 -0.017
-0.036 -0.006 -0.017
-0.037 -0.006 -0.018
-0.037 -0.006 -0.018
-0.037 -0.006 -0.019
-0.038 -0.005 -0.019
-0.038 -0.005 -0.020
-0.038 -0.005 -0.021
-0.038 -0.005 -0.021
-0.039 -0.005 -0.022
-0.039 -0.004 -0.023
-0.040 -0.002 -0.024
-0.041 0.000 -0.026
-0.039 -0.007 -0.022
0.210 0.226 0.418
0.210 0.224 0.418
0.210 0.222 0.418
0.210 0.219 0.417
0.210 0.217 0.417
0.210 0.215 0.417
0.209 0.213 0.416
0.209 0.210 0.416
0.209 0.208 0.416
0.209 0.206 0.415
0.209 0.203 0.415
0.209 0.201 0.415
0.208 0.199 0.414
0.208 0.196 0.414
0.208 0.194 0.414
0.208 0.192 0.413
0.208 0.189 0.413
0.207 0.187 0.413
0.207 0.185 0.413
0.207 0.182 0.412
0.207 0.180 0.412
0.207 0.178 0.412
0.206 0.175 0.411
0.206 0.173 0.411
0.206 0.171 0.411
0.206 0.168 0.411
0.206 0.166 0.410
0.206 0.163 0.410
0.205 0.161 0.410
0.205 0.159 0.409
0.205 0.156 0.409
0.205 0.154 0.409
0.205 0.151 0.408
0.204 0.149 0.408
0.204 0.146 0.408
0.204 0.144 0.407
0.204 0.142 0.407
0.205 0.139 0.408
0.205 0.137 0.408
0.204 0.134 0.408
0.206 0.132 0.412
0.197 0.128 0.395
0.092 0.112 0.210
0.089 0.110 0.203
0.088 0.109 0.203
0.088 0.107 0.202
0.088 0.106 0.202
0.087 0.104 0.201
0.087 0.103 0.201
0.087 0.101 0.201
0.087 0.100 0.201
0.087 0.098 0.202
0.088 0.097 0.202
0.088 0.096 0.202
0.088 0.094 0.202
0.088 0.093 0.202
0.088 0.091 0.202
0.088 0.090 0.203
0.088 0.088 0.202
0.088 0.087 0.203
0.088 0.085 0.203
0.088 0.084 0.203
0.088 0.082 0.203
0.088 0.080 0.203
0.088 0.079 0.203
0.088 0.077 0.203
0.088 0.076 0.203
0.088 0.074 0.203
0.088 0.073 0.203
0.088 0.071 0.203
0.088 0.070 0.203
0.088 0.068 0.202
0.088 0.066 0.202
0.088 0.065 0.202
0.088 0.063 0.202
0.087 0.062 0.202
0.087 0.060 0.202
0.087 0.058 0.202
0.087 0.057 0.201
0.087 0.055 0.201
0.087 0.054 0.200
0.087 0.052 0.201
0.087 0.050 0.201
0.087 0.049 0.201
0.087 0.047 0.200
0.086 0.046 0.200
0.086 0.044 0.200
0.086 0.042 0.199
0.086 0.041 0.199
0.086 0.039 0.199
0.085 0.038 0.198
0.085 0.036 0.198
0.085 0.034 0.198
0.085 0.033 0.197
0.084 0.032 0.195
0.084 0.030 0.196
0.083 0.028 0.194
0.081 0.028 0.190
0.077 0.028 0.184
0.074 0.027 0.179
0.075 0.025 0.179
0.076 0.023 0.181
0.076 0.021 0.182
0.076 0.020 0.181
0.076 0.018 0.182
0.076 0.016 0.182
0.075 0.016 0.179
0.074 0.014 0.179
0.074 0.012 0.179
0.077 0.009 0.184
0.078 0.007 0.186
0.077 0.006 0.183
0.075 0.005 0.181
0.074 0.004 0.179
0.073 0.003 0.177
0.071 0.003 0.173
0.070 0.002 0.171
0.066 0.002 0.164
0.035 0.021 0.109
0.030 0.023 0.100
0.023 0.026 0.089
0.020 0.027 0.083
0.019 0.027 0.080
0.018 0.026 0.079
0.018 0.025 0.079
0.018 0.024 0.079
0.022 0.020 0.086
0.029 0.013 0.099
0.035 0.007 0.110
0.040 0.002 0.119
0.041 0.000 0.120
0.040 -0.001 0.119
0.039 -0.001 0.116
0.037 -0.001 0.113
0.036 -0.001 0.110
0.034 -0.001 0.108
0.033 -0.001 0.106
0.031 -0.001 0.103
0.030 -0.001 0.100
0.028 -0.001 0.098
0.027 -0.001 0.095
0.026 -0.001 0.093
0.024 -0.002 0.091
0.023 -0.002 0.089
0.022 -0.002 0.087
0.021 -0.002 0.085
0.020 -0.002 0.083
0.019 -0.002 0.081
0.017 -0.002 0.078
0.016 -0.002 0.076
0.015 -0.002 0.073
0.014 -0.002 0.072
0.013 -0.002 0.070
0.012 -0.002 0.069
0.011 -0.002 0.067
0.010 -0.003 0.065
0.009 -0.003 0.064
0.008 -0.003 0.062
0.007 -0.003 0.060
0.006 -0.003 0.059
0.006 -0.003 0.057
0.005 -0.003 0.056
0.004 -0.003 0.054
0.003 -0.003 0.053
0.002 -0.003 0.052
0.001 -0.003 0.050
0.001 -0.004 0.049
0.000 -0.004 0.047
-0.001 -0.004 0.046
-0.002 -0.004 0.045
-0.002 -0.004 0.043
-0.003 -0.004 0.042
-0.004 -0.004 0.041
-0.004 -0.004 0.040
-0.005 -0.004 0.039
-0.006 -0.005 0.038
-0.006 -0.005 0.036
-0.007 -0.005 0.035
-0.008 -0.005 0.034
-0.008 -0.005 0.033
-0.009 -0.005 0.032
-0.010 -0.005 0.031
-0.010 -0.005 0.030
-0.011 -0.005 0.028
-0.011 -0.005 0.028
-0.012 -0.005 0.026
-0.012 -0.005 0.026
-0.013 -0.005 0.024
-0.014 -0.005 0.023
-0.014 -0.005 0.022
-0.015 -0.005 0.021
-0.015 -0.006 0.021
-0.016 -0.006 0.020
-0.016 -0.006 0.019
-0.017 -0.006 0.018
-0.017 -0.006 0.017
-0.018 -0.006 0.016
-0.018 -0.006 0.015
-0.019 -0.006 0.014
-0.019 -0.006 0.014
-0.020 -0.006 0.013
-0.020 -0.006 0.012
-0.021 -0.006 0.011
-0.021 -0.007 0.011
-0.021 -0.007 0.010
-0.022 -0.007 0.009
-0.022 -0.007 0.008
-0.023 -0.007 0.008
-0.023 -0.007 0.007
-0.024 -0.007 0.006
-0.024 -0.007 0.005
-0.024 -0.007 0.004
-0.025 -0.007 0.004
-0.025 -0.007 0.003
-0.026 -0.007 0.002
-0.026 -0.007 0.001
-0.027 -0.007 0.000
-0.027 -0.007 -0.001
-0.028 -0.007 -0.001
-0.028 -0.007 -0.002
-0.028 -0.007 -0.003
-0.029 -0.007 -0.003
-0.029 -0.007 -0.004
-0.029 -0.007 -0.005
-0.030 -0.007 -0.005
-0.030 -0.007 -0.006
-0.031 -0.007 -0.006
-0.031 -0.007 -0.007
-0.031 -0.006 -0.008
-0.032 -0.006 -0.009
-0.032 -0.006 -0.009
-0.033 -0.006 -0.010
-0.033 -0.006 -0.010
-0.033 -0.006 -0.011
-0.034 -0.006 -0.012
-0.034 -0.006 -0.012
-0.034 -0.006 -0.013
-0.034 -0.007 -0.013
-0.035 -0.007 -0.014
-0.035 -0.007 -0.014
-0.035 -0.007 -0.015
-0.036 -0.006 -0.016
-0.036 -0.006 -0.016
-0.037 -0.006 -0.017
-0.037 -0.006 -0.018
-0.037 -0.006 -0.018
-0.037 -0.006 -0.019
-0.038 -0.006 -0.019
-0.038 -0.005 -0.020
-0.039 -0.005 -0.021
-0.039 -0.005 -0.021
-0.039 -0.005 -0.022
-0.040 -0.004 -0.023
-0.041 -0.002 -0.024
-0.042 0.000 -0.026
-0.039 -0.007 -0.022
0.209 0.226 0.419
0.209 0.224 0.420
0.209 0.222 0.419
0.209 0.219 0.418
0.208 0.217 0.418
0.208 0.215 0.418
0.208 0.213 0.417
0.208 0.210 0.417
0.208 0.208 0.417
0.208 0.206 0.416
0.208 0.203 0.416
0.207 0.201 0.416
0.207 0.199 0.416
0.207 0.196 0.415
0.207 0.194 0.415
0.206 0.192 0.415
0.206 0.189 0.415
0.206 0.187 0.414
0.206 0.185 0.414
0.206 0.182 0.413
0.206 0.180 0.413
0.205 0.178 0.413
0.205 0.175 0.413
0.205 0.173 0.412
0.205 0.170 0.412
0.205 0.168 0.412
0.205 0.166 0.412
0.204 0.163 0.411
0.204 0.161 0.411
0.204 0.159 0.411
0.204 0.156 0.410
0.204 0.154 0.410
0.203 0.151 0.410
0.203 0.149 0.409
0.203 0.146 0.408
0.203 0.144 0.408
0.203 0.142 0.408
0.203 0.139 0.410
0.203 0.137 0.409
0.203 0.134 0.410
0.205 0.132 0.412
0.195 0.128 0.395
0.091 0.112 0.210
0.087 0.110 0.203
0.087 0.109 0.202
0.087 0.107 0.202
0.087 0.106 0.202
0.086 0.104 0.201
0.086 0.103 0.201
0.086 0.101 0.201
0.086 0.100 0.201
0.087 0.098 0.202
0.087 0.097 0.202
0.087 0.096 0.202
0.087 0.094 0.202
0.087 0.093 0.202
0.087 0.091 0.203
0.087 0.090 0.203
0.087 0.088 0.203
0.087 0.087 0.203
0.087 0.085 0.203
0.087 0.083 0.203
0.087 0.082 0.203
0.087 0.080 0.203
0.087 0.079 0.203
0.087 0.077 0.203
0.087 0.076 0.203
0.087 0.074 0.203
0.087 0.073 0.203
0.087 0.071 0.203
0.087 0.070 0.203
0.087 0.068 0.203
0.087 0.066 0.203
0.087 0.065 0.202
0.087 0.063 0.202
0.086 0.062 0.202
0.086 0.060 0.202
0.086 0.058 0.202
0.086 0.057 0.202
0.086 0.055 0.201
0.086 0.054 0.201
0.086 0.052 0.201
0.085 0.051 0.200
0.085 0.049 0.200
0.085 0.047 0.200
0.085 0.046 0.199
0.085 0.044 0.199
0.084 0.043 0.199
0.084 0.041 0.198
0.084 0.039 0.198
0.084 0.038 0.198
0.084 0.036 0.197
0.084 0.035 0.198
0.084 0.033 0.198
0.084 0.031 0.198
0.084 0.029 0.198
0.084 0.028 0.198
0.083 0.026 0.196
0.083 0.025 0.196
0.082 0.023 0.194
0.082 0.022 0.194
0.083 0.020 0.196
0.083 0.018 0.197
0.084 0.016 0.197
0.084 0.014 0.197
0.083 0.013 0.197
0.082 0.011 0.194
0.081 0.010 0.193
0.081 0.009 0.192
0.079 0.008 0.189
0.077 0.007 0.186
0.077 0.006 0.185
0.075 0.005 0.182
0.074 0.004 0.179
0.072 0.003 0.177
0.071 0.002 0.174
0.068 0.002 0.170
0.067 0.001 0.167
0.062 0.002 0.160
0.033 0.020 0.107
0.027 0.023 0.096
0.022 0.025 0.088
0.021 0.025 0.085
0.021 0.024 0.085
0.021 0.022 0.086
0.024 0.019 0.092
0.032 0.012 0.105
0.037 0.007 0.115
0.040 0.003 0.121
0.043 0.000 0.125
0.041 -0.001 0.122
0.040 -0.001 0.119
0.038 -0.001 0.116
0.036 -0.001 0.114
0.035 -0.001 0.111
0.033 -0.001 0.108
0.032 -0.001 0.106
0.031 -0.001 0.103
0.029 -0.001 0.101
0.028 -0.001 0.098
0.027 -0.002 0.096
0.025 -0.002 0.094
0.024 -0.002 0.092
0.023 -0.002 0.089
0.022 -0.002 0.087
0.020 -0.002 0.085
0.019 -0.002 0.083
0.018 -0.002 0.081
0.017 -0.002 0.079
0.016 -0.002 0.076
0.014 -0.002 0.074
0.013 -0.002 0.073
0.012 -0.002 0.071
0.011 -0.002 0.069
0.010 -0.002 0.067
0.010 -0.003 0.066
0.009 -0.003 0.064
0.008 -0.003 0.062
0.007 -0.003 0.061
0.006 -0.003 0.059
0.005 -0.003 0.058
0.004 -0.003 0.056
0.003 -0.003 0.055
0.003 -0.003 0.053
0.002 -0.003 0.052
0.001 -0.003 0.050
0.000 -0.004 0.049
-0.001 -0.004 0.048
-0.001 -0.004 0.046
-0.002 -0.004 0.045
-0.003 -0.004 0.044
-0.003 -0.004 0.042
-0.004 -0.004 0.041
-0.005 -0.004 0.040
-0.005 -0.004 0.039
-0.006 -0.005 0.038
-0.007 -0.005 0.037
-0.007 -0.005 0.035
-0.008 -0.005 0.034
-0.009 -0.005 0.033
-0.009 -0.005 0.032
-0.010 -0.005 0.031
-0.011 -0.005 0.030
-0.011 -0.005 0.029
-0.012 -0.005 0.028
-0.012 -0.005 0.027
-0.013 -0.005 0.026
-0.013 -0.005 0.025
-0.014 -0.005 0.024
-0.015 -0.005 0.023
-0.015 -0.006 0.022
-0.016 -0.006 0.021
-0.016 -0.006 0.020
-0.017 -0.006 0.019
-0.017 -0.006 0.018
-0.018 -0.006 0.017
-0.018 -0.006 0.016
-0.019 -0.006 0.015
-0.019 -0.006 0.015
-0.020 -0.006 0.014
-0.020 -0.006 0.013
-0.020 -0.006 0.012
-0.021 -0.007 0.012
-0.021 -0.007 0.011
-0.022 -0.007 0.010
-0.022 -0.007 0.009
-0.023 -0.007 0.008
-0.023 -0.007 0.008
-0.024 -0.007 0.007
-0.024 -0.007 0.006
-0.024 -0.007 0.005
-0.025 -0.007 0.005
-0.025 -0.007 0.004
-0.026 -0.007 0.003
-0.026 -0.007 0.002
-0.027 -0.007 0.001
-0.027 -0.007 0.001
-0.028 -0.007 0.000
-0.028 -0.007 -0.001
-0.028 -0.007 -0.002
-0.029 -0.007 -0.002
-0.029 -0.007 -0.003
-0.029 -0.007 -0.004
-0.030 -0.007 -0.004
-0.030 -0.007 -0.005
-0.030 -0.007 -0.006
-0.031 -0.007 -0.006
-0.031 -0.007 -0.007
-0.032 -0.006 -0.008
-0.032 -0.006 -0.008
-0.033 -0.006 -0.009
-0.033 -0.006 -0.010
-0.033 -0.006 -0.010
-0.033 -0.006 -0.011
-0.034 -0.006 -0.012
-0.034 -0.006 -0.012
-0.035 -0.006 -0.013
-0.035 -0.006 -0.013
-0.035 -0.007 -0.014
-0.035 -0.007 -0.014
-0.036 -0.007 -0.015
-0.036 -0.006 -0.015
-0.036 -0.006 -0.016
-0.037 -0.006 -0.017
-0.037 -0.006 -0.017
-0.037 -0.006 -0.018
-0.038 -0.006 -0.018
-0.038 -0.006 -0.019
-0.038 -0.005 -0.020
-0.039 -0.005 -0.020
-0.039 -0.005 -0.021
-0.040 -0.004 -0.022
-0.040 -0.004 -0.023
-0.041 -0.002 -0.024
-0.042 0.000 -0.026
-0.039 -0.008 -0.022
0.208 0.226 0.420
0.208 0.224 0.421
0.208 0.222 0.420
0.207 0.219 0.419
0.207 0.217 0.419
0.207 0.215 0.419
0.207 0.213 0.419
0.207 0.210 0.418
0.207 0.208 0.418
0.206 0.206 0.418
0.206 0.203 0.418
0.206 0.201 0.417
0.206 0.199 0.417
0.206 0.196 0.416
0.205 0.194 0.416
0.205 0.192 0.416
0.205 0.189 0.415
0.205 0.187 0.415
0.205 0.185 0.415
0.205 0.182 0.415
0.204 0.180 0.414
0.204 0.178 0.414
0.204 0.175 0.414
0.204 0.173 0.413
0.204 0.170 0.413
0.203 0.168 0.413
0.203 0.166 0.413
0.203 0.163 0.412
0.203 0.161 0.412
0.203 0.159 0.412
0.203 0.156 0.411
0.202 0.154 0.411
0.202 0.151 0.411
0.202 0.149 0.410
0.201 0.146 0.409
0.201 0.144 0.409
0.201 0.142 0.409
0.202 0.139 0.411
0.202 0.137 0.411
0.202 0.134 0.410
0.203 0.132 0.412
0.193 0.128 0.394
0.090 0.112 0.210
0.086 0.110 0.203
0.086 0.109 0.202
0.086 0.107 0.202
0.085 0.106 0.202
0.085 0.104 0.201
0.085 0.103 0.201
0.085 0.101 0.201
0.085 0.100 0.202
0.085 0.098 0.202
0.085 0.097 0.202
0.086 0.095 0.202
0.086 0.094 0.203
0.086 0.093 0.203
0.086 0.091 0.203
0.086 0.090 0.203
0.086 0.088 0.203
0.086 0.087 0.203
0.086 0.085 0.203
0.086 0.083 0.203
0.086 0.082 0.204
0.086 0.080 0.204
0.086 0.079 0.204
0.086 0.077 0.204
0.086 0.076 0.204
0.086 0.074 0.204
0.086 0.073 0.204
0.086 0.071 0.204
0.086 0.070 0.203
0.086 0.068 0.203
0.086 0.066 0.203
0.086 0.065 0.203
0.086 0.063 0.203
0.086 0.062 0.202
0.085 0.060 0.202
0.085 0.058 0.202
0.085 0.057 0.202
0.085 0.055 0.202
0.085 0.054 0.201
0.085 0.052 0.201
0.085 0.051 0.201
0.084 0.049 0.201
0.084 0.047 0.200
0.084 0.046 0.200
0.084 0.044 0.199
0.083 0.043 0.199
0.083 0.041 0.198
0.083 0.039 0.198
0.083 0.038 0.198
0.083 0.036 0.198
0.082 0.035 0.197
0.082 0.033 0.197
0.082 0.031 0.197
0.082 0.030 0.197
0.082 0.028 0.197
0.082 0.026 0.197
0.083 0.024 0.198
0.083 0.023 0.198
0.083 0.021 0.198
0.083 0.019 0.198
0.083 0.017 0.198
0.083 0.016 0.199
0.083 0.014 0.198
0.082 0.012 0.198
0.081 0.011 0.196
0.080 0.010 0.194
0.079 0.009 0.192
0.078 0.008 0.190
0.077 0.007 0.187
0.075 0.006 0.184
0.074 0.005 0.183
0.073 0.004 0.181
0.071 0.003 0.178
0.070 0.002 0.175
0.068 0.002 0.172
0.065 0.002 0.167
0.064 0.001 0.164
0.059 0.002 0.156
0.031 0.020 0.106
0.029 0.020 0.101
0.027 0.020 0.097
0.028 0.018 0.100
0.030 0.016 0.103
0.035 0.010 0.113
0.041 0.005 0.123
0.042 0.003 0.125
0.043 0.001 0.126
0.042 0.000 0.125
0.041 -0.001 0.123
0.039 -0.001 0.120
0.037 -0.001 0.117
0.036 -0.001 0.114
0.034 -0.001 0.111
0.033 -0.001 0.109
0.031 -0.001 0.106
0.030 -0.001 0.104
0.029 -0.001 0.101
0.027 -0.002 0.099
0.026 -0.002 0.097
0.025 -0.002 0.094
0.024 -0.002 0.092
0.022 -0.002 0.090
0.021 -0.002 0.088
0.020 -0.002 0.085
0.019 -0.002 0.083
0.017 -0.002 0.081
0.016 -0.002 0.079
0.015 -0.002 0.077
0.014 -0.002 0.075
0.013 -0.002 0.073
0.012 -0.002 0.071
0.011 -0.002 0.069
0.010 -0.003 0.068
0.009 -0.003 0.066
0.008 -0.003 0.064
0.007 -0.003 0.063
0.006 -0.003 0.061
0.005 -0.003 0.060
0.005 -0.003 0.058
0.004 -0.003 0.056
0.003 -0.003 0.055
0.002 -0.003 0.053
0.001 -0.003 0.052
0.000 -0.003 0.051
0.000 -0.004 0.049
-0.001 -0.004 0.048
-0.002 -0.004 0.047
-0.003 -0.004 0.045
-0.003 -0.004 0.044
-0.004 -0.004 0.043
-0.005 -0.004 0.041
-0.005 -0.004 0.040
-0.006 -0.004 0.039
-0.007 -0.004 0.038
-0.007 -0.005 0.037
-0.008 -0.005 0.036
-0.008 -0.005 0.035
-0.009 -0.005 0.033
-0.010 -0.005 0.032
-0.010 -0.005 0.031
-0.011 -0.005 0.030
-0.012 -0.005 0.029
-0.012 -0.005 0.028
-0.013 -0.005 0.027
-0.013 -0.005 0.026
-0.014 -0.005 0.025
-0.014 -0.005 0.024
-0.015 -0.005 0.023
-0.015 -0.006 0.022
-0.016 -0.006 0.021
-0.017 -0.006 0.020
-0.017 -0.006 0.019
-0.018 -0.006 0.018
-0.018 -0.006 0.017
-0.019 -0.006 0.016
-0.019 -0.006 0.016
-0.020 -0.006 0.015
-0.020 -0.006 0.014
-0.020 -0.006 0.013
-0.021 -0.007 0.013
-0.021 -0.007 0.012
-0.022 -0.007 0.011
-0.022 -0.007 0.010
-0.023 -0.007 0.009
-0.023 -0.007 0.009
-0.023 -0.007 0.008
-0.024 -0.007 0.007
-0.024 -0.007 0.006
-0.025 -0.007 0.006
-0.025 -0.007 0.005
-0.026 -0.007 0.004
-0.026 -0.007 0.003
-0.026 -0.007 0.002
-0.027 -0.007 0.002
-0.027 -0.007 0.001
-0.028 -0.007 0.000
-0.028 -0.007 -0.001
-0.029 -0.007 -0.001
-0.029 -0.007 -0.002
-0.029 -0.007 -0.003
-0.030 -0.007 -0.004
-0.030 -0.007 -0.004
-0.030 -0.007 -0.005
-0.031 -0.007 -0.005
-0.031 -0.007 -0.006
-0.032 -0.007 -0.007
-0.032 -0.006 -0.008
-0.032 -0.006 -0.008
-0.033 -0.006 -0.009
-0.033 -0.006 -0.010
-0.034 -0.006 -0.010
-0.034 -0.006 -0.011
-0.034 -0.006 -0.011
-0.035 -0.006 -0.012
-0.035 -0.006 -0.013
-0.035 -0.006 -0.013
-0.035 -0.007 -0.013
-0.036 -0.007 -0.014
-0.036 -0.006 -0.015
-0.036 -0.006 -0.015
-0.037 -0.006 -0.016
-0.037 -0.006 -0.017
-0.037 -0.006 -0.017
-0.038 -0.005 -0.018
-0.038 -0.005 -0.018
-0.038 -0.005 -0.019
-0.039 -0.005 -0.020
-0.039 -0.005 -0.020
-0.039 -0.005 -0.021
-0.040 -0.004 -0.022
-0.040 -0.004 -0.023
-0.041 -0.002 -0.024
-0.042 -0.001 -0.025
-0.040 -0.008 -0.021
0.207 0.226 0.421
0.207 0.224 0.422
0.207 0.222 0.421
0.206 0.219 0.421
0.206 0.217 0.420
0.206 0.215 0.420
0.206 0.213 0.419
0.205 0.210 0.419
0.205 0.208 0.419
0.205 0.206 0.419
0.205 0.203 0.418
0.205 0.201 0.418
0.205 0.199 0.418
0.204 0.196 0.417
0.204 0.194 0.417
0.204 0.192 0.417
0.204 0.189 0.417
0.204 0.187 0.416
0.204 0.185 0.416
0.203 0.182 0.416
0.203 0.180 0.415
0.203 0.178 0.415
0.203 0.175 0.415
0.203 0.173 0.414
0.202 0.170 0.414
0.202 0.168 0.414
0.202 0.166 0.413
0.202 0.163 0.413
0.202 0.161 0.413
0.201 0.158 0.412
0.201 0.156 0.412
0.201 0.154 0.412
0.201 0.151 0.412
0.201 0.149 0.412
0.200 0.146 0.411
0.200 0.144 0.410
0.200 0.141 0.410
0.201 0.139 0.412
0.201 0.137 0.412
0.201 0.134 0.411
0.201 0.132 0.412
0.190 0.128 0.392
0.089 0.112 0.210
0.085 0.110 0.203
0.084 0.108 0.202
0.085 0.107 0.202
0.084 0.106 0.202
0.084 0.104 0.201
0.084 0.103 0.201
0.084 0.101 0.201
0.084 0.100 0.202
0.084 0.098 0.202
0.085 0.097 0.202
0.084 0.095 0.202
0.085 0.094 0.203
0.085 0.092 0.203
0.085 0.091 0.203
0.085 0.089 0.203
0.085 0.088 0.203
0.085 0.086 0.203
0.085 0.085 0.203
0.085 0.083 0.204
0.085 0.082 0.204
0.085 0.080 0.204
0.085 0.079 0.204
0.085 0.077 0.204
0.085 0.076 0.204
0.085 0.074 0.204
0.085 0.073 0.204
0.085 0.071 0.204
0.085 0.069 0.204
0.085 0.068 0.204
0.085 0.066 0.203
0.085 0.065 0.203
0.085 0.063 0.203
0.085 0.062 0.203
0.085 0.060 0.203
0.084 0.058 0.202
0.084 0.057 0.202
0.084 0.055 0.202
0.084 0.054 0.202
0.084 0.052 0.202
0.084 0.051 0.201
0.083 0.049 0.201
0.083 0.047 0.200
0.083 0.046 0.200
0.083 0.044 0.200
0.083 0.043 0.199
0.082 0.041 0.199
0.082 0.039 0.199
0.082 0.038 0.198
0.082 0.036 0.198
0.082 0.035 0.198
0.082 0.033 0.198
0.082 0.031 0.198
0.082 0.030 0.198
0.081 0.028 0.198
0.081 0.026 0.198
0.081 0.025 0.198
0.082 0.023 0.198
0.081 0.021 0.198
0.081 0.020 0.197
0.081 0.018 0.197
0.081 0.016 0.197
0.081 0.014 0.197
0.081 0.013 0.197
0.080 0.011 0.196
0.080 0.010 0.195
0.079 0.009 0.193
0.078 0.007 0.191
0.076 0.007 0.188
0.074 0.006 0.185
0.073 0.005 0.183
0.072 0.004 0.181
0.071 0.003 0.178
0.069 0.002 0.176
0.067 0.001 0.173
0.065 0.001 0.169
0.062 0.001 0.164
0.061 0.001 0.161
0.056 0.002 0.153
0.044 0.009 0.131
0.040 0.010 0.124
0.041 0.008 0.126
0.043 0.006 0.129
0.044 0.003 0.131
0.044 0.002 0.131
0.044 0.000 0.131
0.042 0.000 0.127
0.041 0.000 0.125
0.040 0.000 0.123
0.038 -0.001 0.120
0.037 -0.001 0.117
0.035 -0.001 0.114
0.034 -0.001 0.112
0.032 -0.001 0.109
0.031 -0.001 0.106
0.029 -0.001 0.104
0.028 -0.001 0.102
0.027 -0.002 0.099
0.025 -0.002 0.097
0.024 -0.002 0.094
0.023 -0.002 0.092
0.022 -0.002 0.090
0.020 -0.002 0.088
0.019 -0.002 0.086
0.018 -0.002 0.084
0.017 -0.002 0.081
0.016 -0.002 0.079
0.015 -0.002 0.077
0.013 -0.002 0.075
0.012 -0.002 0.073
0.012 -0.002 0.072
0.010 -0.003 0.070
0.010 -0.003 0.068
0.009 -0.003 0.067
0.008 -0.003 0.065
0.007 -0.003 0.063
0.006 -0.003 0.061
0.005 -0.003 0.060
0.004 -0.003 0.058
0.003 -0.003 0.057
0.002 -0.003 0.055
0.001 -0.003 0.054
0.001 -0.003 0.052
0.000 -0.003 0.051
-0.001 -0.004 0.050
-0.001 -0.004 0.048
-0.002 -0.004 0.047
-0.003 -0.004 0.046
-0.004 -0.004 0.044
-0.004 -0.004 0.043
-0.005 -0.004 0.042
-0.006 -0.004 0.041
-0.006 -0.004 0.040
-0.007 -0.004 0.038
-0.008 -0.005 0.037
-0.008 -0.005 0.036
-0.009 -0.005 0.035
-0.010 -0.005 0.034
-0.010 -0.005 0.033
-0.011 -0.005 0.031
-0.011 -0.005 0.030
-0.012 -0.005 0.029
-0.013 -0.005 0.028
-0.013 -0.005 0.027
-0.014 -0.005 0.026
-0.014 -0.005 0.025
-0.015 -0.005 0.024
-0.015 -0.005 0.023
-0.016 -0.006 0.022
-0.016 -0.006 0.021
-0.017 -0.006 0.020
-0.017 -0.006 0.020
-0.018 -0.006 0.019
-0.019 -0.006 0.018
-0.019 -0.006 0.017
-0.020 -0.006 0.016
-0.020 -0.006 0.015
-0.020 -0.006 0.014
-0.021 -0.006 0.014
-0.021 -0.006 0.013
-0.022 -0.006 0.012
-0.022 -0.007 0.011
-0.022 -0.007 0.010
-0.023 -0.007 0.010
-0.023 -0.007 0.009
-0.024 -0.007 0.008
-0.024 -0.007 0.007
-0.025 -0.007 0.007
-0.025 -0.007 0.006
-0.025 -0.007 0.005
-0.026 -0.007 0.004
-0.026 -0.007 0.004
-0.027 -0.007 0.003
-0.027 -0.007 0.002
-0.028 -0.007 0.001
-0.028 -0.007 0.000
-0.029 -0.007 0.000
-0.029 -0.007 -0.001
-0.029 -0.007 -0.002
-0.030 -0.007 -0.003
-0.030 -0.007 -0.003
-0.030 -0.007 -0.004
-0.031 -0.007 -0.005
-0.031 -0.007 -0.005
-0.031 -0.007 -0.006
-0.032 -0.007 -0.007
-0.032 -0.006 -0.007
-0.033 -0.006 -0.008
-0.033 -0.006 -0.009
-0.034 -0.006 -0.010
-0.034 -0.006 -0.010
-0.034 -0.006 -0.011
-0.034 -0.006 -0.011
-0.035 -0.006 -0.012
-0.035 -0.006 -0.013
-0.035 -0.006 -0.013
-0.036 -0.006 -0.013
-0.036 -0.007 -0.014
-0.036 -0.006 -0.014
-0.037 -0.006 -0.015
-0.037 -0.006 -0.016
-0.037 -0.006 -0.017
-0.038 -0.005 -0.017
-0.038 -0.005 -0.018
-0.038 -0.005 -0.018
-0.039 -0.005 -0.019
-0.039 -0.005 -0.020
-0.039 -0.005 -0.020
-0.040 -0.005 -0.021
-0.040 -0.004 -0.022
-0.041 -0.004 -0.022
-0.041 -0.002 -0.024
-0.042 0.000 -0.025
-0.040 -0.008 -0.021
0.206 0.226 0.422
0.206 0.224 0.423
0.206 0.222 0.423
0.205 0.219 0.422
0.205 0.217 0.421
0.205 0.215 0.421
0.204 0.213 0.421
0.204 0.210 0.420
0.204 0.208 0.420
0.204 0.206 0.420
0.204 0.203 0.420
0.204 0.201 0.419
0.203 0.199 0.419
0.203 0.196 0.418
0.203 0.194 0.418
0.203 0.192 0.418
0.203 0.189 0.418
0.203 0.187 0.417
0.202 0.185 0.417
0.202 0.182 0.417
0.202 0.180 0.417
0.202 0.178 0.416
0.201 0.175 0.416
0.201 0.173 0.415
0.201 0.170 0.415
0.201 0.168 0.415
0.201 0.166 0.415
0.201 0.163 0.415
0.200 0.161 0.414
0.200 0.158 0.414
0.200 0.156 0.414
0.200 0.154 0.413
0.200 0.151 0.413
0.199 0.149 0.413
0.199 0.146 0.412
0.199 0.144 0.411
0.199 0.141 0.411
0.200 0.139 0.413
0.199 0.137 0.412
0.200 0.134 0.413
0.199 0.132 0.412
0.187 0.128 0.391
0.088 0.112 0.210
0.084 0.110 0.203
0.083 0.108 0.202
0.083 0.107 0.202
0.083 0.106 0.202
0.083 0.104 0.201
0.083 0.103 0.201
0.083 0.101 0.201
0.083 0.100 0.202
0.083 0.098 0.202
0.083 0.097 0.202
0.084 0.095 0.203
0.084 0.094 0.203
0.084 0.092 0.203
0.084 0.091 0.203
0.084 0.089 0.204
0.084 0.088 0.204
0.084 0.086 0.204
0.084 0.085 0.204
0.084 0.083 0.204
0.084 0.082 0.204
0.084 0.080 0.205
0.084 0.079 0.204
0.084 0.077 0.204
0.084 0.076 0.204
0.084 0.074 0.204
0.084 0.073 0.204
0.084 0.071 0.204
0.084 0.069 0.204
0.084 0.068 0.204
0.084 0.066 0.204
0.084 0.065 0.204
0.084 0.063 0.203
0.084 0.062 0.203
0.084 0.060 0.203
0.084 0.058 0.203
0.083 0.057 0.203
0.083 0.055 0.203
0.083 0.054 0.202
0.083 0.052 0.202
0.083 0.051 0.202
0.082 0.049 0.201
0.082 0.047 0.201
0.082 0.046 0.201
0.082 0.044 0.200
0.082 0.043 0.200
0.081 0.041 0.200
0.081 0.039 0.199
0.081 0.038 0.199
0.081 0.036 0.199
0.081 0.035 0.199
0.081 0.033 0.199
0.081 0.031 0.198
0.081 0.030 0.198
0.081 0.028 0.198
0.080 0.026 0.198
0.080 0.025 0.198
0.080 0.023 0.197
0.080 0.021 0.197
0.080 0.020 0.197
0.080 0.018 0.196
0.079 0.016 0.196
0.079 0.015 0.196
0.079 0.013 0.196
0.079 0.012 0.195
0.078 0.010 0.194
0.078 0.009 0.193
0.076 0.008 0.191
0.075 0.007 0.188
0.073 0.006 0.185
0.072 0.005 0.183
0.071 0.004 0.181
0.069 0.003 0.178
0.068 0.002 0.176
0.066 0.002 0.173
0.064 0.001 0.169
0.062 0.001 0.165
0.060 0.001 0.161
0.057 0.001 0.156
0.054 0.002 0.151
0.050 0.003 0.144
0.050 0.002 0.142
0.049 0.000 0.142
0.048 0.000 0.139
0.046 0.000 0.135
0.044 0.000 0.131
0.042 0.000 0.128
0.040 0.000 0.125
0.039 0.000 0.123
0.037 0.000 0.120
0.036 -0.001 0.117
0.034 -0.001 0.115
0.033 -0.001 0.112
0.032 -0.001 0.110
0.030 -0.001 0.107
0.029 -0.001 0.105
0.027 -0.002 0.102
0.026 -0.002 0.100
0.025 -0.002 0.097
0.023 -0.002 0.095
0.022 -0.002 0.093
0.021 -0.002 0.090
0.020 -0.002 0.088
0.019 -0.002 0.086
0.018 -0.002 0.084
0.016 -0.002 0.082
0.015 -0.002 0.080
0.014 -0.002 0.078
0.013 -0.002 0.076
0.012 -0.002 0.074
0.011 -0.002 0.072
0.010 -0.003 0.070
0.009 -0.003 0.069
0.008 -0.003 0.067
0.007 -0.003 0.065
0.006 -0.003 0.063
0.005 -0.003 0.062
0.004 -0.003 0.060
0.004 -0.003 0.059
0.003 -0.003 0.057
0.002 -0.003 0.056
0.001 -0.003 0.054
0.000 -0.003 0.053
0.000 -0.003 0.051
-0.001 -0.004 0.050
-0.002 -0.004 0.048
-0.003 -0.004 0.047
-0.003 -0.004 0.046
-0.004 -0.004 0.045
-0.005 -0.004 0.043
-0.006 -0.004 0.042
-0.006 -0.004 0.041
-0.007 -0.004 0.040
-0.007 -0.005 0.039
-0.008 -0.005 0.037
-0.009 -0.005 0.036
-0.009 -0.005 0.035
-0.010 -0.005 0.034
-0.011 -0.005 0.033
-0.011 -0.005 0.032
-0.012 -0.005 0.031
-0.012 -0.005 0.030
-0.013 -0.005 0.028
-0.014 -0.005 0.027
-0.014 -0.005 0.026
-0.015 -0.005 0.025
-0.015 -0.005 0.024
-0.016 -0.006 0.024
-0.016 -0.006 0.023
-0.017 -0.006 0.022
-0.017 -0.006 0.021
-0.018 -0.006 0.020
-0.018 -0.006 0.019
-0.019 -0.006 0.018
-0.019 -0.006 0.017
-0.020 -0.006 0.016
-0.020 -0.006 0.015
-0.021 -0.006 0.015
-0.021 -0.006 0.014
-0.022 -0.006 0.013
-0.022 -0.007 0.012
-0.022 -0.007 0.011
-0.023 -0.007 0.011
-0.023 -0.007 0.010
-0.024 -0.007 0.009
-0.024 -0.007 0.008
-0.025 -0.007 0.008
-0.025 -0.007 0.007
-0.025 -0.007 0.006
-0.026 -0.007 0.005
-0.026 -0.007 0.005
-0.027 -0.007 0.004
-0.027 -0.007 0.003
-0.028 -0.007 0.002
-0.028 -0.006 0.001
-0.028 -0.007 0.000
-0.029 -0.007 0.000
-0.029 -0.006 -0.001
-0.030 -0.006 -0.002
-0.030 -0.007 -0.002
-0.030 -0.007 -0.003
-0.031 -0.006 -0.004
-0.031 -0.006 -0.005
-0.032 -0.006 -0.005
-0.032 -0.007 -0.006
-0.032 -0.007 -0.006
-0.033 -0.006 -0.007
-0.033 -0.006 -0.008
-0.033 -0.006 -0.009
-0.034 -0.006 -0.009
-0.034 -0.006 -0.010
-0.034 -0.006 -0.010
-0.035 -0.006 -0.011
-0.035 -0.006 -0.012
-0.035 -0.006 -0.012
-0.036 -0.006 -0.013
-0.036 -0.007 -0.013
-0.036 -0.007 -0.013
-0.037 -0.006 -0.014
-0.037 -0.006 -0.015
-0.037 -0.006 -0.016
-0.038 -0.005 -0.017
-0.038 -0.005 -0.017
-0.038 -0.005 -0.018
-0.039 -0.005 -0.018
-0.039 -0.005 -0.019
-0.039 -0.005 -0.019
-0.040 -0.005 -0.020
-0.040 -0.005 -0.021
-0.040 -0.004 -0.021
-0.041 -0.004 -0.022
-0.042 -0.002 -0.024
-0.043 0.000 -0.025
-0.040 -0.008 -0.021
0.204 0.226 0.423
0.205 0.224 0.424
0.204 0.222 0.423
0.204 0.220 0.423
0.204 0.217 0.422
0.204 0.215 0.422
0.203 0.213 0.422
0.203 0.210 0.421
0.203 0.208 0.421
0.203 0.206 0.421
0.203 0.203 0.421
0.202 0.201 0.420
0.202 0.199 0.420
0.202 0.196 0.420
0.202 0.194 0.419
0.202 0.192 0.419
0.202 0.189 0.419
0.201 0.187 0.419
0.201 0.185 0.418
0.201 0.182 0.418
0.201 0.180 0.417
0.200 0.178 0.417
0.200 0.175 0.417
0.200 0.173 0.417
0.200 0.170 0.416
0.200 0.168 0.416
0.200 0.166 0.416
0.199 0.163 0.415
0.199 0.161 0.415
0.199 0.158 0.415
0.199 0.156 0.414
0.199 0.154 0.414
0.199 0.151 0.414
0.198 0.149 0.414
0.198 0.146 0.413
0.197 0.144 0.412
0.197 0.141 0.412
0.198 0.139 0.414
0.198 0.137 0.413
0.198 0.134 0.414
0.197 0.132 0.412
0.185 0.128 0.390
0.087 0.112 0.211
0.083 0.110 0.204
0.082 0.108 0.202
0.083 0.107 0.203
0.082 0.105 0.202
0.082 0.104 0.201
0.082 0.103 0.201
0.082 0.101 0.202
0.082 0.100 0.202
0.082 0.098 0.202
0.082 0.097 0.202
0.083 0.095 0.203
0.083 0.094 0.203
0.083 0.092 0.204
0.083 0.091 0.204
0.083 0.089 0.204
0.083 0.088 0.204
0.083 0.086 0.204
0.083 0.085 0.204
0.084 0.083 0.205
0.084 0.082 0.205
0.084 0.080 0.205
0.083 0.079 0.205
0.083 0.077 0.205
0.083 0.076 0.205
0.083 0.074 0.205
0.083 0.073 0.205
0.083 0.071 0.205
0.083 0.069 0.205
0.083 0.068 0.204
0.083 0.066 0.204
0.083 0.065 0.204
0.083 0.063 0.204
0.083 0.062 0.204
0.083 0.060 0.204
0.083 0.058 0.203
0.083 0.057 0.203
0.082 0.055 0.203
0.082 0.054 0.203
0.082 0.052 0.203
0.082 0.051 0.202
0.082 0.049 0.202
0.081 0.047 0.202
0.081 0.046 0.201
0.081 0.044 0.201
0.081 0.043 0.201
0.081 0.041 0.200
0.080 0.039 0.200
0.080 0.038 0.200
0.080 0.036 0.200
0.080 0.034 0.199
0.080 0.033 0.200
0.080 0.031 0.200
0.080 0.030 0.199
0.080 0.028 0.199
0.080 0.026 0.199
0.079 0.025 0.198
0.079 0.023 0.198
0.079 0.021 0.198
0.079 0.020 0.198
0.079 0.018 0.197
0.079 0.016 0.197
0.078 0.015 0.197
0.078 0.013 0.196
0.078 0.012 0.196
0.077 0.010 0.195
0.076 0.009 0.193
0.075 0.008 0.191
0.074 0.007 0.189
0.072 0.006 0.185
0.071 0.005 0.184
0.070 0.004 0.181
0.068 0.003 0.178
0.067 0.002 0.176
0.065 0.002 0.173
0.063 0.001 0.169
0.061 0.001 0.166
0.059 0.001 0.162
0.057 0.001 0.158
0.055 0.000 0.155
0.053 0.000 0.151
0.051 0.000 0.146
0.049 0.000 0.143
0.047 0.000 0.139
0.045 0.000 0.136
0.043 0.000 0.132
0.041 0.000 0.129
0.040 0.000 0.126
0.038 0.000 0.123
0.037 -0.001 0.121
0.035 -0.001 0.118
0.034 -0.001 0.115
0.032 -0.001 0.113
0.031 -0.001 0.110
0.030 -0.001 0.107
0.028 -0.001 0.105
0.027 -0.002 0.103
0.026 -0.002 0.100
0.024 -0.002 0.098
0.023 -0.002 0.095
0.022 -0.002 0.093
0.020 -0.002 0.091
0.019 -0.002 0.089
0.018 -0.002 0.087
0.017 -0.002 0.084
0.016 -0.002 0.082
0.015 -0.002 0.080
0.014 -0.002 0.078
0.012 -0.002 0.076
0.011 -0.002 0.074
0.010 -0.002 0.072
0.010 -0.003 0.071
0.009 -0.003 0.069
0.008 -0.003 0.067
0.007 -0.003 0.066
0.006 -0.003 0.064
0.005 -0.003 0.062
0.004 -0.003 0.060
0.003 -0.003 0.059
0.002 -0.003 0.057
0.001 -0.003 0.056
0.001 -0.003 0.054
0.000 -0.003 0.053
-0.001 -0.004 0.052
-0.002 -0.004 0.050
-0.003 -0.004 0.049
-0.003 -0.004 0.047
-0.004 -0.004 0.046
-0.005 -0.004 0.045
-0.005 -0.004 0.044
-0.006 -0.004 0.042
-0.007 -0.004 0.041
-0.007 -0.004 0.040
-0.008 -0.004 0.039
-0.009 -0.004 0.037
-0.009 -0.004 0.036
-0.010 -0.004 0.035
-0.011 -0.005 0.034
-0.011 -0.005 0.033
-0.012 -0.005 0.032
-0.012 -0.005 0.031
-0.013 -0.005 0.030
-0.013 -0.005 0.029
-0.014 -0.005 0.028
-0.015 -0.005 0.027
-0.015 -0.005 0.025
-0.016 -0.005 0.025
-0.016 -0.005 0.024
-0.017 -0.005 0.023
-0.017 -0.006 0.022
-0.018 -0.006 0.021
-0.018 -0.006 0.020
-0.019 -0.006 0.019
-0.019 -0.006 0.018
-0.020 -0.006 0.017
-0.020 -0.006 0.016
-0.021 -0.006 0.015
-0.021 -0.006 0.015
-0.022 -0.006 0.014
-0.022 -0.006 0.013
-0.022 -0.006 0.012
-0.023 -0.006 0.012
-0.023 -0.007 0.011
-0.024 -0.007 0.010
-0.024 -0.007 0.009
-0.025 -0.007 0.008
-0.025 -0.007 0.008
-0.025 -0.007 0.007
-0.026 -0.007 0.006
-0.026 -0.007 0.006
-0.027 -0.007 0.005
-0.027 -0.007 0.004
-0.028 -0.007 0.003
-0.028 -0.007 0.002
-0.028 -0.007 0.001
-0.029 -0.007 0.001
-0.029 -0.006 0.000
-0.030 -0.006 -0.001
-0.030 -0.006 -0.002
-0.030 -0.006 -0.002
-0.031 -0.006 -0.003
-0.031 -0.006 -0.004
-0.031 -0.007 -0.004
-0.032 -0.007 -0.005
-0.032 -0.006 -0.006
-0.033 -0.006 -0.006
-0.033 -0.006 -0.007
-0.033 -0.006 -0.008
-0.034 -0.006 -0.008
-0.034 -0.006 -0.009
-0.034 -0.006 -0.010
-0.035 -0.006 -0.010
-0.035 -0.006 -0.011
-0.035 -0.006 -0.012
-0.036 -0.006 -0.012
-0.036 -0.006 -0.013
-0.036 -0.006 -0.013
-0.036 -0.006 -0.013
-0.037 -0.006 -0.014
-0.037 -0.006 -0.015
-0.038 -0.006 -0.016
-0.038 -0.005 -0.016
-0.038 -0.005 -0.017
-0.039 -0.005 -0.018
-0.039 -0.005 -0.018
-0.039 -0.005 -0.019
-0.040 -0.005 -0.019
-0.040 -0.005 -0.020
-0.040 -0.005 -0.020
-0.041 -0.004 -0.021
-0.041 -0.003 -0.022
-0.042 -0.002 -0.024
-0.043 -0.001 -0.025
-0.040 -0.008 -0.021
0.203 0.226 0.424
0.203 0.224 0.425
0.203 0.222 0.425
0.203 0.219 0.424
0.202 0.217 0.423
0.202 0.215 0.423
0.202 0.213 0.423
0.202 0.210 0.422
0.202 0.208 0.422
0.202 0.206 0.422
0.201 0.203 0.422
0.201 0.201 0.421
0.201 0.199 0.421
0.201 0.196 0.421
0.201 0.194 0.420
0.200 0.192 0.420
0.200 0.189 0.420
0.200 0.187 0.420
0.200 0.185 0.420
0.200 0.182 0.419
0.199 0.180 0.419
0.199 0.178 0.418
0.199 0.175 0.418
0.199 0.173 0.418
0.199 0.170 0.417
0.198 0.168 0.417
0.198 0.166 0.417
0.198 0.163 0.417
0.198 0.161 0.417
0.198 0.158 0.416
0.197 0.156 0.415
0.197 0.154 0.415
0.197 0.151 0.415
0.197 0.149 0.415
0.197 0.146 0.414
0.196 0.144 0.414
0.196 0.141 0.413
0.197 0.139 0.415
0.196 0.137 0.414
0.197 0.134 0.415
0.195 0.132 0.412
0.179 0.127 0.382
0.085 0.112 0.210
0.082 0.110 0.204
0.082 0.108 0.203
0.082 0.107 0.203
0.081 0.105 0.202
0.081 0.104 0.202
0.081 0.103 0.202
0.081 0.101 0.202
0.081 0.100 0.202
0.081 0.098 0.203
0.082 0.097 0.203
0.082 0.095 0.203
0.082 0.094 0.204
0.082 0.092 0.204
0.082 0.091 0.204
0.082 0.089 0.204
0.082 0.088 0.204
0.082 0.086 0.205
0.082 0.085 0.205
0.082 0.083 0.205
0.083 0.082 0.205
0.083 0.080 0.205
0.083 0.079 0.205
0.082 0.077 0.205
0.082 0.076 0.205
0.082 0.074 0.205
0.082 0.073 0.205
0.082 0.071 0.205
0.082 0.069 0.205
0.082 0.068 0.205
0.082 0.066 0.205
0.082 0.065 0.204
0.082 0.063 0.204
0.082 0.062 0.204
0.082 0.060 0.204
0.082 0.058 0.204
0.082 0.057 0.204
0.081 0.055 0.204
0.081 0.054 0.203
0.081 0.052 0.203
0.081 0.050 0.203
0.081 0.049 0.202
0.081 0.047 0.202
0.080 0.046 0.202
0.080 0.044 0.202
0.080 0.043 0.201
0.080 0.041 0.201
0.080 0.039 0.201
0.080 0.038 0.200
0.079 0.036 0.200
0.080 0.034 0.200
0.079 0.033 0.200
0.080 0.031 0.201
0.079 0.029 0.200
0.079 0.028 0.200
0.079 0.026 0.200
0.079 0.025 0.199
0.079 0.023 0.199
0.079 0.021 0.199
0.078 0.020 0.199
0.078 0.018 0.198
0.078 0.016 0.198
0.078 0.015 0.197
0.077 0.013 0.197
0.077 0.012 0.196
0.076 0.010 0.195
0.075 0.009 0.193
0.074 0.008 0.191
0.073 0.007 0.188
0.071 0.006 0.186
0.070 0.005 0.184
0.069 0.004 0.181
0.067 0.003 0.178
0.066 0.003 0.176
0.064 0.002 0.173
0.062 0.001 0.170
0.060 0.001 0.166
0.058 0.001 0.162
0.056 0.001 0.158
0.054 0.001 0.154
0.052 0.000 0.151
0.050 0.000 0.147
0.048 0.000 0.143
0.046 0.000 0.140
0.044 0.000 0.136
0.042 0.000 0.133
0.041 0.000 0.130
0.039 0.000 0.127
0.038 0.000 0.124
0.036 -0.001 0.121
0.035 -0.001 0.118
0.033 -0.001 0.116
0.032 -0.001 0.113
0.030 -0.001 0.110
0.029 -0.001 0.108
0.028 -0.001 0.105
0.026 -0.002 0.103
0.025 -0.002 0.100
0.024 -0.002 0.098
0.022 -0.002 0.096
0.021 -0.002 0.093
0.020 -0.002 0.091
0.019 -0.002 0.089
0.018 -0.002 0.087
0.016 -0.002 0.085
0.015 -0.002 0.082
0.014 -0.002 0.080
0.013 -0.002 0.078
0.012 -0.002 0.076
0.011 -0.002 0.075
0.010 -0.003 0.073
0.009 -0.003 0.071
0.008 -0.003 0.069
0.007 -0.003 0.068
0.006 -0.003 0.066
0.005 -0.003 0.064
0.004 -0.003 0.062
0.003 -0.003 0.061
0.002 -0.003 0.059
0.002 -0.003 0.058
0.001 -0.003 0.056
0.000 -0.003 0.055
-0.001 -0.003 0.053
-0.002 -0.003 0.052
-0.002 -0.003 0.050
-0.003 -0.004 0.049
-0.004 -0.004 0.048
-0.005 -0.004 0.046
-0.005 -0.004 0.045
-0.006 -0.004 0.044
-0.007 -0.004 0.043
-0.007 -0.004 0.041
-0.008 -0.004 0.040
-0.009 -0.004 0.039
-0.009 -0.004 0.038
-0.010 -0.004 0.036
-0.010 -0.004 0.035
-0.011 -0.005 0.034
-0.012 -0.005 0.033
-0.012 -0.005 0.032
-0.013 -0.005 0.031
-0.013 -0.005 0.030
-0.014 -0.005 0.029
-0.014 -0.005 0.028
-0.015 -0.005 0.027
-0.016 -0.005 0.026
-0.016 -0.005 0.025
-0.017 -0.005 0.024
-0.017 -0.005 0.023
-0.018 -0.006 0.022
-0.018 -0.006 0.021
-0.019 -0.006 0.020
-0.019 -0.006 0.019
-0.020 -0.006 0.018
-0.020 -0.006 0.017
-0.021 -0.006 0.017
-0.021 -0.006 0.016
-0.022 -0.006 0.015
-0.022 -0.006 0.014
-0.022 -0.006 0.013
-0.023 -0.006 0.013
-0.023 -0.006 0.012
-0.024 -0.007 0.011
-0.024 -0.007 0.010
-0.024 -0.007 0.009
-0.025 -0.007 0.009
-0.025 -0.007 0.008
-0.026 -0.007 0.007
-0.026 -0.007 0.006
-0.027 -0.007 0.006
-0.027 -0.007 0.005
-0.027 -0.007 0.004
-0.028 -0.007 0.003
-0.028 -0.006 0.002
-0.029 -0.006 0.001
-0.029 -0.006 0.001
-0.030 -0.006 0.000
-0.030 -0.006 -0.001
-0.030 -0.006 -0.001
-0.031 -0.006 -0.002
-0.031 -0.006 -0.003
-0.031 -0.006 -0.003
-0.032 -0.006 -0.004
-0.032 -0.006 -0.005
-0.033 -0.006 -0.005
-0.033 -0.006 -0.006
-0.033 -0.006 -0.007
-0.034 -0.006 -0.008
-0.034 -0.006 -0.008
-0.035 -0.006 -0.009
-0.035 -0.006 -0.010
-0.035 -0.006 -0.010
-0.035 -0.006 -0.011
-0.036 -0.006 -0.011
-0.036 -0.006 -0.012
-0.036 -0.006 -0.012
-0.037 -0.006 -0.013
-0.037 -0.006 -0.013
-0.037 -0.006 -0.014
-0.038 -0.006 -0.015
-0.038 -0.005 -0.016
-0.038 -0.005 -0.016
-0.039 -0.005 -0.017
-0.039 -0.005 -0.017
-0.039 -0.005 -0.018
-0.040 -0.005 -0.018
-0.040 -0.005 -0.019
-0.040 -0.005 -0.020
-0.041 -0.005 -0.020
-0.041 -0.004 -0.021
-0.041 -0.003 -0.022
-0.042 -0.002 -0.023
-0.043 -0.001 -0.025
-0.041 -0.008 -0.020
0.202 0.226 0.426
0.202 0.224 0.426
0.202 0.222 0.425
0.201 0.219 0.425
0.201 0.217 0.424
0.201 0.215 0.424
0.201 0.213 0.424
0.201 0.210 0.424
0.200 0.208 0.423
0.200 0.206 0.423
0.200 0.203 0.423
0.200 0.201 0.422
0.200 0.199 0.422
0.200 0.196 0.422
0.199 0.194 0.422
0.199 0.192 0.421
0.199 0.189 0.421
0.199 0.187 0.421
0.199 0.185 0.421
0.198 0.182 0.420
0.198 0.180 0.420
0.198 0.178 0.419
0.198 0.175 0.419
0.197 0.173 0.419
0.197 0.170 0.418
0.197 0.168 0.418
0.197 0.166 0.418
0.197 0.163 0.418
0.197 0.161 0.417
0.197 0.158 0.417
0.196 0.156 0.417
0.196 0.154 0.416
0.196 0.151 0.416
0.196 0.149 0.416
0.195 0.146 0.415
0.195 0.144 0.415
0.195 0.141 0.414
0.196 0.139 0.416
0.195 0.137 0.415
0.195 0.134 0.416
0.194 0.131 0.413
0.164 0.125 0.358
0.084 0.112 0.208
0.082 0.110 0.205
0.081 0.108 0.203
0.081 0.107 0.203
0.081 0.105 0.203
0.080 0.104 0.202
0.080 0.103 0.202
0.080 0.101 0.202
0.080 0.100 0.203
0.081 0.098 0.203
0.081 0.097 0.203
0.081 0.095 0.204
0.081 0.094 0.204
0.081 0.092 0.204
0.081 0.091 0.205
0.081 0.089 0.205
0.081 0.088 0.205
0.081 0.086 0.205
0.081 0.085 0.205
0.081 0.083 0.205
0.082 0.082 0.205
0.082 0.080 0.205
0.081 0.079 0.205
0.081 0.077 0.205
0.082 0.076 0.205
0.081 0.074 0.205
0.081 0.073 0.205
0.081 0.071 0.205
0.081 0.069 0.205
0.081 0.068 0.205
0.081 0.066 0.205
0.081 0.065 0.205
0.081 0.063 0.205
0.081 0.062 0.204
0.081 0.060 0.204
0.081 0.058 0.204
0.080 0.057 0.204
0.080 0.055 0.204
0.080 0.054 0.204
0.080 0.052 0.204
0.080 0.050 0.203
0.080 0.049 0.203
0.080 0.047 0.203
0.080 0.046 0.202
0.079 0.044 0.202
0.079 0.042 0.202
0.079 0.041 0.202
0.079 0.039 0.202
0.079 0.038 0.201
0.079 0.036 0.201
0.079 0.034 0.201
0.079 0.033 0.201
0.079 0.031 0.201
0.078 0.029 0.201
0.078 0.028 0.201
0.078 0.026 0.200
0.078 0.024 0.200
0.078 0.023 0.200
0.078 0.021 0.200
0.078 0.020 0.199
0.077 0.018 0.199
0.077 0.016 0.198
0.077 0.015 0.198
0.076 0.013 0.197
0.076 0.012 0.197
0.075 0.010 0.195
0.074 0.009 0.194
0.073 0.008 0.191
0.072 0.007 0.189
0.070 0.006 0.186
0.069 0.005 0.184
0.068 0.004 0.181
0.066 0.003 0.179
0.065 0.003 0.176
0.063 0.002 0.173
0.062 0.001 0.170
0.060 0.001 0.166
0.057 0.001 0.162
0.055 0.001 0.159
0.053 0.001 0.155
0.051 0.001 0.151
0.049 0.000 0.147
0.047 0.000 0.144
0.045 0.000 0.140
0.044 0.000 0.137
0.042 0.000 0.133
0.040 0.000 0.130
0.038 0.000 0.127
0.037 0.000 0.124
0.035 -0.001 0.122
0.034 -0.001 0.119
0.033 -0.001 0.116
0.031 -0.001 0.113
0.030 -0.001 0.111
0.028 -0.001 0.108
0.027 -0.001 0.106
0.026 -0.001 0.103
0.024 -0.002 0.101
0.023 -0.002 0.098
0.022 -0.002 0.096
0.020 -0.002 0.094
0.019 -0.002 0.091
0.018 -0.002 0.089
0.017 -0.002 0.087
0.016 -0.002 0.085
0.015 -0.002 0.083
0.013 -0.002 0.081
0.012 -0.002 0.079
0.011 -0.002 0.077
0.010 -0.002 0.075
0.009 -0.002 0.073
0.008 -0.003 0.071
0.007 -0.003 0.070
0.007 -0.003 0.068
0.006 -0.003 0.066
0.005 -0.003 0.064
0.004 -0.003 0.062
0.003 -0.003 0.061
0.002 -0.003 0.059
0.001 -0.003 0.058
0.000 -0.003 0.056
0.000 -0.003 0.055
-0.001 -0.003 0.053
-0.002 -0.003 0.052
-0.003 -0.003 0.051
-0.004 -0.004 0.049
-0.004 -0.003 0.048
-0.005 -0.004 0.046
-0.006 -0.004 0.045
-0.006 -0.004 0.044
-0.007 -0.004 0.043
-0.008 -0.004 0.042
-0.008 -0.004 0.040
-0.009 -0.004 0.039
-0.010 -0.004 0.038
-0.010 -0.004 0.037
-0.011 -0.004 0.035
-0.011 -0.005 0.034
-0.012 -0.005 0.033
-0.013 -0.005 0.032
-0.013 -0.005 0.031
-0.014 -0.005 0.030
-0.014 -0.005 0.029
-0.015 -0.005 0.028
-0.015 -0.005 0.027
-0.016 -0.005 0.026
-0.017 -0.005 0.025
-0.017 -0.005 0.024
-0.018 -0.005 0.023
-0.018 -0.006 0.022
-0.018 -0.006 0.021
-0.019 -0.006 0.020
-0.020 -0.006 0.019
-0.020 -0.006 0.019
-0.021 -0.006 0.018
-0.021 -0.006 0.017
-0.021 -0.006 0.016
-0.022 -0.006 0.015
-0.022 -0.006 0.014
-0.023 -0.006 0.013
-0.023 -0.006 0.013
-0.024 -0.006 0.012
-0.024 -0.006 0.011
-0.025 -0.006 0.010
-0.025 -0.007 0.010
-0.025 -0.007 0.009
-0.026 -0.007 0.008
-0.026 -0.007 0.007
-0.027 -0.007 0.007
-0.027 -0.007 0.006
-0.027 -0.007 0.005
-0.028 -0.007 0.004
-0.028 -0.007 0.003
-0.029 -0.006 0.002
-0.029 -0.006 0.002
-0.030 -0.006 0.001
-0.030 -0.006 0.000
-0.030 -0.006 -0.001
-0.031 -0.006 -0.001
-0.031 -0.006 -0.002
-0.031 -0.006 -0.003
-0.032 -0.006 -0.003
-0.032 -0.006 -0.004
-0.033 -0.006 -0.005
-0.033 -0.006 -0.005
-0.033 -0.006 -0.006
-0.034 -0.006 -0.007
-0.034 -0.006 -0.007
-0.034 -0.006 -0.008
-0.035 -0.006 -0.009
-0.035 -0.006 -0.009
-0.035 -0.006 -0.010
-0.036 -0.006 -0.011
-0.036 -0.006 -0.011
-0.036 -0.006 -0.012
-0.036 -0.006 -0.012
-0.037 -0.006 -0.013
-0.037 -0.006 -0.013
-0.038 -0.006 -0.014
-0.038 -0.006 -0.015
-0.038 -0.005 -0.016
-0.039 -0.005 -0.016
-0.039 -0.005 -0.017
-0.039 -0.005 -0.017
-0.040 -0.005 -0.018
-0.040 -0.005 -0.018
-0.040 -0.005 -0.019
-0.041 -0.005 -0.020
-0.041 -0.005 -0.020
-0.041 -0.004 -0.021
-0.042 -0.003 -0.022
-0.042 -0.002 -0.023
-0.043 -0.001 -0.025
-0.041 -0.008 -0.020
0.201 0.226 0.426
0.201 0.224 0.427
0.201 0.222 0.427
0.200 0.219 0.426
0.200 0.217 0.426
0.200 0.215 0.426
0.200 0.213 0.425
0.199 0.210 0.425
0.199 0.208 0.424
0.199 0.206 0.424
0.199 0.203 0.424
0.199 0.201 0.423
0.198 0.199 0.423
0.198 0.196 0.423
0.198 0.194 0.423
0.198 0.192 0.423
0.198 0.189 0.422
0.198 0.187 0.422
0.197 0.185 0.422
0.197 0.182 0.421
0.197 0.180 0.421
0.197 0.177 0.420
0.197 0.175 0.420
0.196 0.173 0.420
0.196 0.170 0.419
0.196 0.168 0.419
0.196 0.166 0.419
0.196 0.163 0.419
0.196 0.161 0.419
0.195 0.158 0.418
0.195 0.156 0.418
0.195 0.153 0.417
0.195 0.151 0.418
0.195 0.149 0.417
0.194 0.146 0.416
0.194 0.144 0.416
0.194 0.141 0.416
0.195 0.139 0.417
0.194 0.136 0.416
0.195 0.134 0.418
0.194 0.132 0.416
0.162 0.125 0.357
0.084 0.112 0.211
0.080 0.110 0.205
0.080 0.108 0.203
0.080 0.107 0.204
0.080 0.105 0.204
0.080 0.104 0.203
0.079 0.103 0.203
0.079 0.101 0.203
0.080 0.100 0.203
0.080 0.098 0.204
0.080 0.097 0.204
0.080 0.095 0.204
0.080 0.094 0.204
0.080 0.092 0.204
0.080 0.091 0.205
0.080 0.089 0.205
0.080 0.088 0.205
0.080 0.086 0.205
0.080 0.085 0.205
0.080 0.083 0.205
0.081 0.082 0.206
0.081 0.080 0.206
0.081 0.079 0.206
0.081 0.077 0.206
0.081 0.076 0.206
0.081 0.074 0.206
0.080 0.073 0.206
0.080 0.071 0.206
0.080 0.069 0.206
0.080 0.068 0.205
0.080 0.066 0.205
0.080 0.065 0.205
0.080 0.063 0.205
0.080 0.062 0.205
0.080 0.060 0.205
0.080 0.058 0.204
0.080 0.057 0.204
0.079 0.055 0.204
0.079 0.054 0.204
0.079 0.052 0.204
0.079 0.050 0.204
0.079 0.049 0.203
0.079 0.047 0.203
0.079 0.046 0.203
0.079 0.044 0.203
0.078 0.042 0.202
0.078 0.041 0.202
0.078 0.039 0.202
0.078 0.038 0.202
0.078 0.036 0.202
0.078 0.034 0.202
0.078 0.033 0.202
0.078 0.031 0.201
0.078 0.029 0.201
0.077 0.028 0.201
0.077 0.026 0.201
0.077 0.024 0.201
0.077 0.023 0.200
0.077 0.021 0.200
0.077 0.019 0.200
0.076 0.018 0.199
0.076 0.016 0.199
0.076 0.015 0.198
0.075 0.013 0.198
0.075 0.012 0.197
0.074 0.010 0.196
0.073 0.009 0.194
0.072 0.008 0.192
0.071 0.007 0.189
0.069 0.006 0.187
0.068 0.005 0.184
0.067 0.004 0.182
0.065 0.003 0.179
0.064 0.003 0.176
0.062 0.002 0.174
0.061 0.002 0.170
0.059 0.001 0.166
0.056 0.001 0.162
0.054 0.001 0.158
0.052 0.001 0.155
0.050 0.001 0.151
0.048 0.001 0.147
0.046 0.000 0.144
0.045 0.000 0.140
0.043 0.000 0.137
0.041 0.000 0.134
0.039 0.000 0.131
0.038 0.000 0.128
0.036 0.000 0.125
0.035 -0.001 0.122
0.033 -0.001 0.119
0.032 -0.001 0.117
0.030 -0.001 0.114
0.029 -0.001 0.111
0.028 -0.001 0.109
0.026 -0.001 0.106
0.025 -0.002 0.104
0.024 -0.002 0.101
0.022 -0.002 0.099
0.021 -0.002 0.096
0.020 -0.002 0.094
0.019 -0.002 0.092
0.017 -0.002 0.090
0.016 -0.002 0.087
0.015 -0.002 0.085
0.014 -0.002 0.083
0.013 -0.002 0.081
0.012 -0.002 0.079
0.011 -0.002 0.077
0.010 -0.002 0.075
0.009 -0.002 0.073
0.008 -0.003 0.072
0.007 -0.003 0.070
0.006 -0.003 0.068
0.005 -0.003 0.066
0.004 -0.003 0.064
0.003 -0.003 0.063
0.002 -0.003 0.061
0.001 -0.003 0.060
0.001 -0.003 0.058
0.000 -0.003 0.057
-0.001 -0.003 0.055
-0.002 -0.003 0.054
-0.003 -0.003 0.052
-0.003 -0.003 0.051
-0.004 -0.003 0.049
-0.005 -0.004 0.048
-0.005 -0.004 0.047
-0.006 -0.004 0.046
-0.007 -0.004 0.044
-0.007 -0.004 0.043
-0.008 -0.004 0.042
-0.009 -0.004 0.041
-0.009 -0.004 0.039
-0.010 -0.004 0.038
-0.011 -0.004 0.037
-0.011 -0.004 0.036
-0.012 -0.004 0.035
-0.013 -0.004 0.033
-0.013 -0.005 0.032
-0.014 -0.005 0.031
-0.014 -0.005 0.030
-0.015 -0.005 0.029
-0.015 -0.005 0.028
-0.016 -0.005 0.027
-0.016 -0.005 0.026
-0.017 -0.005 0.025
-0.017 -0.005 0.024
-0.018 -0.005 0.023
-0.018 -0.006 0.023
-0.019 -0.006 0.022
-0.019 -0.006 0.021
-0.020 -0.006 0.020
-0.020 -0.006 0.019
-0.021 -0.006 0.018
-0.021 -0.006 0.017
-0.022 -0.006 0.016
-0.022 -0.006 0.015
-0.023 -0.006 0.014
-0.023 -0.006 0.014
-0.024 -0.006 0.013
-0.024 -0.006 0.012
-0.025 -0.006 0.011
-0.025 -0.006 0.010
-0.025 -0.006 0.010
-0.026 -0.007 0.009
-0.026 -0.007 0.008
-0.026 -0.007 0.007
-0.027 -0.007 0.007
-0.027 -0.007 0.006
-0.028 -0.007 0.005
-0.028 -0.007 0.004
-0.029 -0.007 0.003
-0.029 -0.006 0.002
-0.030 -0.006 0.002
-0.030 -0.006 0.001
-0.030 -0.006 0.000
-0.031 -0.006 0.000
-0.031 -0.006 -0.001
-0.031 -0.006 -0.002
-0.032 -0.006 -0.002
-0.032 -0.006 -0.003
-0.033 -0.006 -0.004
-0.033 -0.006 -0.004
-0.033 -0.006 -0.005
-0.034 -0.006 -0.006
-0.034 -0.006 -0.006
-0.034 -0.006 -0.007
-0.035 -0.006 -0.008
-0.035 -0.006 -0.009
-0.035 -0.006 -0.009
-0.036 -0.006 -0.010
-0.036 -0.006 -0.010
-0.036 -0.006 -0.011
-0.037 -0.006 -0.011
-0.037 -0.006 -0.012
-0.037 -0.006 -0.012
-0.037 -0.006 -0.013
-0.038 -0.006 -0.014
-0.038 -0.006 -0.015
-0.039 -0.005 -0.015
-0.039 -0.005 -0.016
-0.039 -0.005 -0.016
-0.040 -0.005 -0.017
-0.040 -0.005 -0.017
-0.040 -0.005 -0.018
-0.041 -0.005 -0.019
-0.041 -0.004 -0.020
-0.041 -0.004 -0.020
-0.042 -0.004 -0.021
-0.042 -0.004 -0.022
-0.043 -0.002 -0.023
-0.044 0.000 -0.025
-0.041 -0.008 -0.020
0.199 0.226 0.428
0.200 0.224 0.428
0.199 0.222 0.428
0.199 0.219 0.427
0.199 0.217 0.426
0.199 0.215 0.426
0.198 0.213 0.426
0.198 0.210 0.426
0.198 0.208 0.425
0.198 0.206 0.425
0.198 0.203 0.425
0.197 0.201 0.425
0.197 0.199 0.424
0.197 0.196 0.424
0.197 0.194 0.424
0.197 0.192 0.424
0.197 0.189 0.423
0.196 0.187 0.423
0.196 0.185 0.422
0.196 0.182 0.422
0.196 0.180 0.422
0.195 0.177 0.422
0.195 0.175 0.421
0.195 0.173 0.421
0.195 0.170 0.421
0.195 0.168 0.420
0.194 0.166 0.420
0.195 0.163 0.420
0.194 0.161 0.420
0.194 0.158 0.419
0.194 0.156 0.419
0.194 0.154 0.419
0.193 0.151 0.418
0.193 0.149 0.418
0.193 0.146 0.417
0.193 0.144 0.417
0.192 0.141 0.417
0.193 0.139 0.418
0.192 0.136 0.417
0.193 0.134 0.418
0.193 0.132 0.418
0.173 0.126 0.380
0.084 0.112 0.214
0.079 0.110 0.204
0.079 0.108 0.204
0.079 0.107 0.204
0.079 0.105 0.204
0.079 0.104 0.204
0.078 0.102 0.203
0.079 0.101 0.204
0.079 0.100 0.204
0.079 0.098 0.204
0.079 0.097 0.204
0.079 0.095 0.204
0.079 0.094 0.205
0.079 0.092 0.205
0.079 0.091 0.205
0.079 0.089 0.205
0.079 0.088 0.205
0.080 0.086 0.206
0.080 0.085 0.206
0.080 0.083 0.206
0.080 0.082 0.206
0.080 0.080 0.206
0.080 0.079 0.206
0.080 0.077 0.206
0.080 0.076 0.206
0.080 0.074 0.206
0.080 0.073 0.206
0.080 0.071 0.206
0.079 0.069 0.206
0.079 0.068 0.206
0.079 0.066 0.206
0.079 0.065 0.205
0.079 0.063 0.205
0.079 0.062 0.205
0.079 0.060 0.205
0.079 0.058 0.205
0.079 0.057 0.205
0.078 0.055 0.204
0.078 0.054 0.204
0.078 0.052 0.204
0.078 0.050 0.204
0.078 0.049 0.204
0.078 0.047 0.204
0.078 0.046 0.203
0.078 0.044 0.203
0.078 0.042 0.203
0.077 0.041 0.203
0.077 0.039 0.202
0.077 0.038 0.202
0.077 0.036 0.202
0.077 0.034 0.202
0.077 0.033 0.202
0.077 0.031 0.202
0.077 0.029 0.202
0.076 0.028 0.201
0.076 0.026 0.201
0.076 0.025 0.201
0.076 0.023 0.201
0.076 0.021 0.200
0.076 0.020 0.200
0.075 0.018 0.200
0.075 0.016 0.199
0.075 0.015 0.199
0.075 0.013 0.198
0.074 0.012 0.197
0.073 0.010 0.196
0.073 0.009 0.195
0.071 0.008 0.192
0.070 0.007 0.190
0.068 0.006 0.187
0.067 0.005 0.185
0.066 0.004 0.183
0.065 0.003 0.180
0.063 0.003 0.177
0.062 0.002 0.174
0.060 0.002 0.171
0.058 0.001 0.167
0.055 0.001 0.163
0.053 0.001 0.159
0.051 0.001 0.155
0.049 0.001 0.151
0.047 0.001 0.147
0.046 0.000 0.144
0.044 0.000 0.141
0.042 0.000 0.138
0.040 0.000 0.134
0.039 0.000 0.131
0.037 0.000 0.128
0.036 0.000 0.125
0.034 -0.001 0.122
0.033 -0.001 0.120
0.031 -0.001 0.117
0.030 -0.001 0.114
0.028 -0.001 0.112
0.027 -0.001 0.109
0.026 -0.001 0.106
0.024 -0.001 0.104
0.023 -0.002 0.101
0.022 -0.002 0.099
0.020 -0.002 0.096
0.019 -0.002 0.094
0.018 -0.002 0.092
0.017 -0.002 0.090
0.016 -0.002 0.087
0.014 -0.002 0.085
0.013 -0.002 0.083
0.012 -0.002 0.081
0.011 -0.002 0.079
0.010 -0.002 0.077
0.009 -0.002 0.075
0.008 -0.002 0.074
0.007 -0.002 0.072
0.006 -0.002 0.070
0.005 -0.003 0.068
0.004 -0.003 0.066
0.003 -0.003 0.065
0.003 -0.003 0.063
0.002 -0.003 0.062
0.001 -0.003 0.060
0.000 -0.003 0.058
-0.001 -0.003 0.057
-0.001 -0.003 0.055
-0.002 -0.003 0.054
-0.003 -0.003 0.052
-0.004 -0.003 0.051
-0.004 -0.004 0.050
-0.005 -0.004 0.048
-0.006 -0.004 0.047
-0.007 -0.004 0.046
-0.007 -0.004 0.045
-0.008 -0.004 0.043
-0.009 -0.004 0.042
-0.009 -0.004 0.041
-0.010 -0.004 0.040
-0.010 -0.004 0.038
-0.011 -0.004 0.037
-0.012 -0.004 0.036
-0.012 -0.004 0.035
-0.013 -0.004 0.034
-0.014 -0.005 0.033
-0.014 -0.005 0.032
-0.015 -0.005 0.031
-0.015 -0.005 0.030
-0.016 -0.005 0.029
-0.016 -0.005 0.028
-0.017 -0.005 0.027
-0.017 -0.005 0.026
-0.018 -0.005 0.025
-0.018 -0.006 0.024
-0.019 -0.006 0.023
-0.019 -0.006 0.022
-0.020 -0.006 0.021
-0.020 -0.006 0.020
-0.021 -0.006 0.019
-0.021 -0.006 0.018
-0.022 -0.006 0.017
-0.022 -0.006 0.016
-0.023 -0.006 0.016
-0.023 -0.006 0.015
-0.024 -0.006 0.014
-0.024 -0.006 0.013
-0.025 -0.006 0.012
-0.025 -0.006 0.011
-0.025 -0.006 0.010
-0.026 -0.006 0.010
-0.026 -0.006 0.009
-0.027 -0.006 0.008
-0.027 -0.007 0.008
-0.027 -0.006 0.007
-0.028 -0.007 0.006
-0.028 -0.007 0.005
-0.029 -0.007 0.004
-0.029 -0.007 0.004
-0.029 -0.006 0.003
-0.030 -0.006 0.002
-0.030 -0.006 0.001
-0.031 -0.006 0.000
-0.031 -0.006 0.000
-0.031 -0.006 -0.001
-0.032 -0.006 -0.002
-0.032 -0.006 -0.002
-0.033 -0.006 -0.003
-0.033 -0.006 -0.004
-0.033 -0.006 -0.004
-0.034 -0.006 -0.005
-0.034 -0.006 -0.006
-0.034 -0.006 -0.006
-0.035 -0.006 -0.007
-0.035 -0.006 -0.008
-0.035 -0.006 -0.008
-0.036 -0.006 -0.009
-0.036 -0.006 -0.010
-0.036 -0.006 -0.010
-0.037 -0.006 -0.011
-0.037 -0.006 -0.012
-0.037 -0.006 -0.012
-0.038 -0.006 -0.012
-0.038 -0.006 -0.013
-0.038 -0.006 -0.014
-0.039 -0.006 -0.014
-0.039 -0.005 -0.015
-0.039 -0.005 -0.016
-0.039 -0.006 -0.016
-0.040 -0.006 -0.017
-0.040 -0.005 -0.017
-0.040 -0.005 -0.018
-0.041 -0.004 -0.019
-0.041 -0.004 -0.019
-0.041 -0.004 -0.020
-0.042 -0.004 -0.021
-0.042 -0.003 -0.021
-0.043 -0.002 -0.023
-0.044 -0.001 -0.024
-0.041 -0.008 -0.020
0.198 0.226 0.429
0.198 0.224 0.429
0.198 0.222 0.429
0.198 0.219 0.428
0.198 0.217 0.428
0.197 0.215 0.428
0.197 0.213 0.427
0.197 0.210 0.427
0.197 0.208 0.426
0.197 0.206 0.426
0.196 0.203 0.426
0.196 0.201 0.426
0.196 0.199 0.426
0.196 0.196 0.425
0.196 0.194 0.425
0.196 0.192 0.425
0.195 0.189 0.425
0.195 0.187 0.424
0.195 0.185 0.424
0.195 0.182 0.423
0.194 0.180 0.423
0.194 0.177 0.422
0.194 0.175 0.422
0.194 0.173 0.422
0.194 0.170 0.422
0.193 0.168 0.421
0.193 0.165 0.421
0.193 0.163 0.421
0.193 0.161 0.421
0.193 0.158 0.420
0.193 0.156 0.420
0.192 0.153 0.420
0.192 0.151 0.419
0.192 0.149 0.420
0.192 0.146 0.419
0.191 0.144 0.418
0.191 0.141 0.418
0.192 0.139 0.419
0.191 0.136 0.418
0.192 0.134 0.419
0.191 0.132 0.419
0.180 0.127 0.397
0.083 0.112 0.214
0.078 0.110 0.204
0.078 0.108 0.204
0.078 0.107 0.205
0.078 0.105 0.204
0.078 0.104 0.204
0.078 0.102 0.204
0.078 0.101 0.204
0.078 0.100 0.204
0.078 0.098 0.205
0.078 0.097 0.205
0.078 0.095 0.205
0.078 0.094 0.205
0.078 0.092 0.205
0.078 0.091 0.205
0.079 0.089 0.206
0.079 0.088 0.206
0.079 0.086 0.206
0.079 0.085 0.206
0.079 0.083 0.206
0.079 0.082 0.206
0.079 0.080 0.207
0.079 0.079 0.206
0.079 0.077 0.206
0.079 0.076 0.206
0.079 0.074 0.206
0.079 0.072 0.206
0.078 0.071 0.206
0.078 0.069 0.206
0.078 0.068 0.206
0.078 0.066 0.206
0.078 0.065 0.206
0.078 0.063 0.206
0.078 0.062 0.206
0.078 0.060 0.205
0.078 0.058 0.205
0.078 0.057 0.205
0.078 0.055 0.205
0.077 0.054 0.205
0.077 0.052 0.205
0.077 0.050 0.205
0.077 0.049 0.204
0.077 0.047 0.204
0.077 0.046 0.204
0.077 0.044 0.204
0.077 0.042 0.204
0.077 0.041 0.203
0.076 0.039 0.203
0.076 0.038 0.203
0.076 0.036 0.203
0.076 0.034 0.203
0.076 0.033 0.203
0.076 0.031 0.202
0.076 0.029 0.202
0.075 0.028 0.201
0.075 0.026 0.201
0.075 0.025 0.201
0.075 0.023 0.201
0.075 0.021 0.201
0.075 0.020 0.201
0.074 0.018 0.200
0.074 0.016 0.200
0.074 0.015 0.199
0.074 0.013 0.199
0.073 0.012 0.198
0.073 0.010 0.197
0.072 0.009 0.195
0.071 0.008 0.193
0.069 0.007 0.190
0.068 0.006 0.188
0.067 0.005 0.186
0.065 0.004 0.183
0.064 0.003 0.181
0.062 0.003 0.178
0.061 0.002 0.175
0.059 0.001 0.171
0.057 0.001 0.167
0.055 0.001 0.163
0.052 0.001 0.159
0.050 0.001 0.155
0.049 0.001 0.152
0.047 0.001 0.148
0.045 0.000 0.144
0.043 0.000 0.141
0.041 0.000 0.138
0.040 0.000 0.135
0.038 0.000 0.131
0.036 0.000 0.128
0.035 0.000 0.125
0.033 -0.001 0.123
0.032 -0.001 0.120
0.030 -0.001 0.117
0.029 -0.001 0.114
0.028 -0.001 0.112
0.026 -0.001 0.109
0.025 -0.001 0.107
0.024 -0.001 0.104
0.022 -0.001 0.102
0.021 -0.001 0.099
0.020 -0.002 0.097
0.018 -0.002 0.094
0.017 -0.002 0.092
0.016 -0.002 0.090
0.015 -0.002 0.088
0.014 -0.002 0.086
0.013 -0.002 0.083
0.012 -0.002 0.081
0.011 -0.002 0.079
0.010 -0.002 0.077
0.009 -0.002 0.076
0.008 -0.002 0.074
0.007 -0.002 0.072
0.006 -0.002 0.070
0.005 -0.002 0.068
0.004 -0.002 0.066
0.003 -0.003 0.065
0.002 -0.003 0.063
0.001 -0.003 0.062
0.000 -0.003 0.060
0.000 -0.003 0.059
-0.001 -0.003 0.057
-0.002 -0.003 0.056
-0.003 -0.003 0.054
-0.004 -0.003 0.053
-0.004 -0.003 0.051
-0.005 -0.003 0.050
-0.006 -0.004 0.049
-0.006 -0.004 0.047
-0.007 -0.004 0.046
-0.008 -0.004 0.045
-0.008 -0.004 0.043
-0.009 -0.004 0.042
-0.010 -0.004 0.041
-0.010 -0.004 0.040
-0.011 -0.004 0.039
-0.012 -0.004 0.037
-0.012 -0.004 0.036
-0.013 -0.004 0.035
-0.013 -0.004 0.034
-0.014 -0.005 0.033
-0.015 -0.005 0.032
-0.015 -0.005 0.031
-0.016 -0.005 0.030
-0.016 -0.005 0.029
-0.017 -0.005 0.028
-0.017 -0.005 0.027
-0.018 -0.005 0.026
-0.018 -0.005 0.025
-0.019 -0.006 0.024
-0.019 -0.006 0.023
-0.020 -0.006 0.022
-0.020 -0.006 0.021
-0.021 -0.006 0.020
-0.021 -0.006 0.019
-0.022 -0.006 0.019
-0.022 -0.006 0.018
-0.023 -0.006 0.017
-0.023 -0.006 0.016
-0.023 -0.006 0.015
-0.024 -0.006 0.014
-0.024 -0.006 0.013
-0.025 -0.006 0.012
-0.025 -0.006 0.012
-0.026 -0.006 0.011
-0.026 -0.006 0.010
-0.027 -0.006 0.009
-0.027 -0.006 0.008
-0.027 -0.006 0.008
-0.028 -0.006 0.007
-0.028 -0.006 0.006
-0.029 -0.006 0.005
-0.029 -0.007 0.005
-0.029 -0.006 0.004
-0.030 -0.006 0.003
-0.030 -0.006 0.002
-0.031 -0.006 0.001
-0.031 -0.006 0.001
-0.031 -0.006 0.000
-0.032 -0.006 -0.001
-0.032 -0.006 -0.001
-0.033 -0.006 -0.002
-0.033 -0.006 -0.003
-0.033 -0.006 -0.003
-0.033 -0.006 -0.004
-0.034 -0.006 -0.005
-0.034 -0.006 -0.006
-0.035 -0.006 -0.006
-0.035 -0.006 -0.007
-0.035 -0.006 -0.008
-0.036 -0.006 -0.008
-0.036 -0.006 -0.009
-0.036 -0.006 -0.009
-0.037 -0.006 -0.010
-0.037 -0.006 -0.011
-0.037 -0.006 -0.011
-0.038 -0.006 -0.012
-0.038 -0.006 -0.012
-0.038 -0.006 -0.013
-0.038 -0.006 -0.013
-0.039 -0.006 -0.014
-0.039 -0.005 -0.015
-0.039 -0.005 -0.015
-0.040 -0.005 -0.016
-0.040 -0.005 -0.016
-0.040 -0.005 -0.017
-0.041 -0.005 -0.018
-0.041 -0.004 -0.019
-0.041 -0.004 -0.019
-0.042 -0.004 -0.020
-0.042 -0.004 -0.021
-0.042 -0.004 -0.021
-0.043 -0.002 -0.023
-0.044 -0.001 -0.024
-0.042 -0.008 -0.020
0.197 0.226 0.430
0.197 0.224 0.430
0.197 0.222 0.430
0.197 0.219 0.429
0.196 0.217 0.429
0.196 0.215 0.429
0.196 0.213 0.428
0.196 0.210 0.428
0.196 0.208 0.428
0.195 0.206 0.427
0.195 0.203 0.427
0.195 0.201 0.427
0.195 0.199 0.426
0.195 0.196 0.426
0.195 0.194 0.426
0.194 0.192 0.426
0.194 0.189 0.425
0.194 0.187 0.425
0.194 0.185 0.425
0.193 0.182 0.424
0.193 0.180 0.424
0.193 0.177 0.423
0.193 0.175 0.423
0.192 0.173 0.423
0.192 0.170 0.422
0.192 0.168 0.422
0.192 0.165 0.422
0.192 0.163 0.422
0.192 0.161 0.422
0.191 0.158 0.421
0.191 0.156 0.421
0.191 0.153 0.421
0.191 0.151 0.421
0.191 0.149 0.420
0.190 0.146 0.420
0.190 0.144 0.419
0.190 0.141 0.419
0.191 0.139 0.421
0.190 0.136 0.419
0.190 0.134 0.420
0.190 0.132 0.420
0.180 0.128 0.400
0.082 0.112 0.214
0.077 0.110 0.204
0.077 0.108 0.204
0.078 0.107 0.205
0.077 0.105 0.205
0.077 0.104 0.204
0.077 0.102 0.204
0.077 0.101 0.204
0.077 0.100 0.205
0.077 0.098 0.205
0.077 0.097 0.205
0.077 0.095 0.205
0.077 0.094 0.205
0.077 0.092 0.206
0.077 0.091 0.206
0.078 0.089 0.206
0.078 0.088 0.206
0.078 0.086 0.207
0.078 0.085 0.206
0.078 0.083 0.207
0.078 0.082 0.207
0.078 0.080 0.207
0.078 0.079 0.207
0.078 0.077 0.207
0.078 0.076 0.207
0.078 0.074 0.207
0.078 0.072 0.207
0.078 0.071 0.207
0.078 0.069 0.207
0.077 0.068 0.206
0.077 0.066 0.206
0.077 0.065 0.206
0.077 0.063 0.206
0.077 0.062 0.206
0.077 0.060 0.206
0.077 0.058 0.206
0.077 0.057 0.205
0.077 0.055 0.205
0.077 0.054 0.205
0.077 0.052 0.205
0.076 0.050 0.205
0.076 0.049 0.205
0.076 0.047 0.205
0.076 0.046 0.205
0.076 0.044 0.204
0.076 0.042 0.204
0.076 0.041 0.204
0.075 0.039 0.203
0.075 0.038 0.203
0.075 0.036 0.203
0.075 0.034 0.203
0.075 0.033 0.203
0.075 0.031 0.203
0.075 0.029 0.202
0.074 0.028 0.202
0.074 0.026 0.201
0.074 0.025 0.201
0.074 0.023 0.201
0.074 0.021 0.201
0.074 0.020 0.201
0.073 0.018 0.200
0.073 0.016 0.200
0.073 0.015 0.200
0.073 0.013 0.200
0.072 0.012 0.199
0.072 0.010 0.198
0.071 0.009 0.196
0.070 0.008 0.194
0.068 0.007 0.191
0.067 0.006 0.188
0.066 0.005 0.186
0.064 0.004 0.184
0.063 0.003 0.181
0.062 0.002 0.179
0.060 0.002 0.175
0.058 0.001 0.172
0.056 0.001 0.167
0.054 0.001 0.163
0.052 0.001 0.159
0.050 0.001 0.156
0.048 0.001 0.152
0.046 0.001 0.148
0.044 0.000 0.145
0.042 0.000 0.142
0.041 0.000 0.138
0.039 0.000 0.135
0.037 0.000 0.132
0.036 0.000 0.129
0.034 0.000 0.126
0.033 0.000 0.123
0.031 -0.001 0.120
0.030 -0.001 0.117
0.028 -0.001 0.115
0.027 -0.001 0.112
0.026 -0.001 0.109
0.024 -0.001 0.107
0.023 -0.001 0.104
0.021 -0.001 0.102
0.020 -0.001 0.099
0.019 -0.001 0.097
0.018 -0.002 0.095
0.017 -0.002 0.092
0.015 -0.002 0.090
0.014 -0.002 0.088
0.013 -0.002 0.086
0.012 -0.002 0.084
0.011 -0.002 0.082
0.010 -0.002 0.080
0.009 -0.002 0.078
0.008 -0.002 0.076
0.007 -0.002 0.074
0.006 -0.002 0.072
0.005 -0.002 0.070
0.004 -0.002 0.068
0.003 -0.002 0.067
0.002 -0.002 0.065
0.001 -0.003 0.063
0.001 -0.003 0.062
0.000 -0.003 0.060
-0.001 -0.003 0.059
-0.002 -0.003 0.057
-0.003 -0.003 0.056
-0.003 -0.003 0.054
-0.004 -0.003 0.053
-0.005 -0.003 0.052
-0.005 -0.003 0.050
-0.006 -0.004 0.049
-0.007 -0.004 0.048
-0.007 -0.004 0.046
-0.008 -0.004 0.045
-0.009 -0.004 0.044
-0.010 -0.004 0.042
-0.010 -0.004 0.041
-0.011 -0.004 0.040
-0.011 -0.004 0.039
-0.012 -0.004 0.038
-0.013 -0.004 0.036
-0.013 -0.004 0.035
-0.014 -0.004 0.034
-0.014 -0.004 0.033
-0.015 -0.005 0.032
-0.016 -0.005 0.031
-0.016 -0.005 0.030
-0.017 -0.005 0.029
-0.017 -0.005 0.028
-0.018 -0.005 0.027
-0.018 -0.005 0.026
-0.019 -0.005 0.025
-0.019 -0.005 0.024
-0.020 -0.006 0.023
-0.020 -0.006 0.023
-0.020 -0.006 0.022
-0.021 -0.006 0.021
-0.022 -0.006 0.020
-0.022 -0.006 0.019
-0.022 -0.006 0.018
-0.023 -0.006 0.017
-0.023 -0.006 0.016
-0.024 -0.006 0.015
-0.024 -0.006 0.014
-0.025 -0.006 0.014
-0.025 -0.006 0.013
-0.026 -0.006 0.012
-0.026 -0.006 0.011
-0.027 -0.006 0.010
-0.027 -0.006 0.009
-0.027 -0.006 0.009
-0.028 -0.006 0.008
-0.028 -0.006 0.007
-0.029 -0.006 0.006
-0.029 -0.006 0.005
-0.029 -0.007 0.005
-0.030 -0.006 0.004
-0.030 -0.006 0.003
-0.031 -0.006 0.002
-0.031 -0.006 0.002
-0.031 -0.006 0.001
-0.032 -0.006 0.000
-0.032 -0.006 -0.001
-0.033 -0.006 -0.001
-0.033 -0.006 -0.002
-0.033 -0.006 -0.003
-0.034 -0.006 -0.003
-0.034 -0.006 -0.004
-0.034 -0.006 -0.005
-0.035 -0.006 -0.005
-0.035 -0.006 -0.006
-0.035 -0.006 -0.007
-0.036 -0.006 -0.007
-0.036 -0.006 -0.008
-0.036 -0.006 -0.009
-0.037 -0.006 -0.009
-0.037 -0.006 -0.010
-0.037 -0.006 -0.011
-0.038 -0.005 -0.011
-0.038 -0.005 -0.012
-0.038 -0.005 -0.013
-0.039 -0.006 -0.013
-0.039 -0.006 -0.013
-0.039 -0.006 -0.014
-0.039 -0.005 -0.015
-0.040 -0.006 -0.015
-0.040 -0.006 -0.016
-0.040 -0.006 -0.016
-0.041 -0.005 -0.017
-0.041 -0.005 -0.018
-0.041 -0.004 -0.019
-0.042 -0.004 -0.019
-0.042 -0.004 -0.020
-0.042 -0.004 -0.020
-0.043 -0.003 -0.021
-0.043 -0.002 -0.022
-0.044 -0.001 -0.024
-0.042 -0.008 -0.020
0.196 0.226 0.431
0.196 0.224 0.432
0.196 0.222 0.431
0.195 0.219 0.430
0.195 0.217 0.430
0.195 0.215 0.430
0.195 0.213 0.430
0.195 0.210 0.429
0.194 0.208 0.429
0.194 0.206 0.428
0.194 0.203 0.428
0.194 0.201 0.428
0.194 0.199 0.428
0.193 0.196 0.427
0.193 0.194 0.427
0.193 0.192 0.427
0.193 0.189 0.426
0.193 0.187 0.426
0.192 0.184 0.426
0.192 0.182 0.425
0.192 0.180 0.425
0.191 0.177 0.424
0.192 0.175 0.424
0.191 0.173 0.424
0.191 0.170 0.423
0.191 0.168 0.424
0.191 0.165 0.423
0.190 0.163 0.423
0.191 0.161 0.423
0.190 0.158 0.423
0.190 0.156 0.422
0.190 0.153 0.422
0.190 0.151 0.422
0.189 0.149 0.421
0.189 0.146 0.421
0.189 0.144 0.420
0.189 0.141 0.420
0.189 0.139 0.421
0.189 0.136 0.420
0.189 0.134 0.422
0.188 0.131 0.420
0.179 0.128 0.403
0.081 0.112 0.213
0.076 0.110 0.205
0.076 0.108 0.204
0.077 0.107 0.206
0.076 0.105 0.205
0.076 0.104 0.204
0.076 0.102 0.204
0.076 0.101 0.205
0.076 0.100 0.205
0.076 0.098 0.205
0.076 0.097 0.206
0.077 0.095 0.206
0.076 0.094 0.206
0.077 0.092 0.206
0.077 0.091 0.206
0.077 0.089 0.206
0.077 0.088 0.207
0.077 0.086 0.207
0.077 0.085 0.207
0.077 0.083 0.207
0.077 0.082 0.207
0.077 0.080 0.207
0.077 0.079 0.207
0.077 0.077 0.207
0.077 0.076 0.207
0.077 0.074 0.207
0.077 0.072 0.207
0.077 0.071 0.207
0.077 0.069 0.207
0.077 0.068 0.207
0.076 0.066 0.207
0.076 0.065 0.207
0.076 0.063 0.206
0.076 0.062 0.206
0.076 0.060 0.206
0.076 0.058 0.206
0.076 0.057 0.206
0.076 0.055 0.206
0.076 0.054 0.206
0.076 0.052 0.206
0.076 0.050 0.206
0.075 0.049 0.205
0.075 0.047 0.205
0.075 0.046 0.205
0.075 0.044 0.205
0.075 0.042 0.204
0.075 0.041 0.204
0.074 0.039 0.204
0.074 0.038 0.204
0.074 0.036 0.203
0.074 0.034 0.203
0.074 0.033 0.203
0.074 0.031 0.203
0.074 0.029 0.203
0.073 0.028 0.202
0.073 0.026 0.202
0.073 0.025 0.202
0.073 0.023 0.202
0.073 0.021 0.202
0.073 0.020 0.201
0.072 0.018 0.201
0.072 0.016 0.200
0.072 0.015 0.200
0.072 0.013 0.200
0.072 0.011 0.199
0.071 0.010 0.198
0.070 0.009 0.197
0.069 0.008 0.194
0.067 0.007 0.191
0.066 0.006 0.188
0.064 0.005 0.186
0.063 0.004 0.184
0.062 0.003 0.181
0.061 0.002 0.179
0.059 0.002 0.176
0.057 0.001 0.172
0.055 0.001 0.168
0.053 0.001 0.164
0.051 0.001 0.160
0.049 0.001 0.156
0.047 0.001 0.152
0.045 0.001 0.149
0.043 0.000 0.145
0.042 0.000 0.142
0.040 0.000 0.139
0.038 0.000 0.135
0.037 0.000 0.132
0.035 0.000 0.129
0.033 0.000 0.126
0.032 0.000 0.123
0.030 -0.001 0.120
0.029 -0.001 0.117
0.027 -0.001 0.115
0.026 -0.001 0.112
0.025 -0.001 0.110
0.023 -0.001 0.107
0.022 -0.001 0.104
0.021 -0.001 0.102
0.019 -0.001 0.099
0.018 -0.001 0.097
0.017 -0.001 0.095
0.016 -0.002 0.093
0.015 -0.002 0.090
0.014 -0.002 0.088
0.012 -0.002 0.086
0.011 -0.002 0.084
0.010 -0.002 0.082
0.009 -0.002 0.080
0.008 -0.002 0.078
0.007 -0.002 0.076
0.006 -0.002 0.074
0.005 -0.002 0.072
0.004 -0.002 0.070
0.003 -0.002 0.069
0.003 -0.002 0.067
0.002 -0.002 0.065
0.001 -0.002 0.064
0.000 -0.003 0.062
-0.001 -0.003 0.060
-0.002 -0.003 0.059
-0.002 -0.003 0.058
-0.003 -0.003 0.056
-0.004 -0.003 0.055
-0.005 -0.003 0.053
-0.005 -0.003 0.052
-0.006 -0.003 0.051
-0.007 -0.004 0.049
-0.007 -0.004 0.048
-0.008 -0.004 0.047
-0.009 -0.004 0.045
-0.009 -0.004 0.044
-0.010 -0.004 0.043
-0.011 -0.004 0.042
-0.011 -0.004 0.040
-0.012 -0.004 0.039
-0.013 -0.004 0.038
-0.013 -0.004 0.037
-0.014 -0.004 0.036
-0.014 -0.004 0.034
-0.015 -0.004 0.033
-0.015 -0.004 0.032
-0.016 -0.005 0.031
-0.017 -0.005 0.030
-0.017 -0.005 0.029
-0.018 -0.005 0.028
-0.018 -0.005 0.027
-0.019 -0.005 0.026
-0.019 -0.005 0.025
-0.020 -0.005 0.024
-0.020 -0.006 0.024
-0.020 -0.006 0.023
-0.021 -0.006 0.022
-0.021 -0.006 0.021
-0.022 -0.006 0.020
-0.022 -0.006 0.019
-0.023 -0.006 0.018
-0.023 -0.006 0.017
-0.024 -0.006 0.016
-0.024 -0.006 0.016
-0.025 -0.006 0.015
-0.025 -0.006 0.014
-0.026 -0.006 0.013
-0.026 -0.006 0.012
-0.027 -0.006 0.011
-0.027 -0.006 0.010
-0.027 -0.006 0.010
-0.028 -0.006 0.009
-0.028 -0.006 0.008
-0.029 -0.006 0.007
-0.029 -0.006 0.006
-0.029 -0.006 0.006
-0.030 -0.006 0.005
-0.030 -0.006 0.004
-0.031 -0.006 0.003
-0.031 -0.006 0.003
-0.031 -0.006 0.002
-0.032 -0.006 0.001
-0.032 -0.006 0.000
-0.032 -0.006 0.000
-0.033 -0.006 -0.001
-0.033 -0.006 -0.002
-0.034 -0.006 -0.003
-0.034 -0.006 -0.003
-0.034 -0.006 -0.004
-0.035 -0.006 -0.004
-0.035 -0.006 -0.005
-0.035 -0.006 -0.006
-0.036 -0.006 -0.007
-0.036 -0.006 -0.007
-0.036 -0.006 -0.008
-0.037 -0.006 -0.008
-0.037 -0.006 -0.009
-0.037 -0.006 -0.010
-0.038 -0.006 -0.010
-0.038 -0.005 -0.011
-0.038 -0.006 -0.012
-0.039 -0.006 -0.012
-0.039 -0.006 -0.013
-0.039 -0.006 -0.013
-0.039 -0.006 -0.014
-0.040 -0.005 -0.014
-0.040 -0.005 -0.015
-0.040 -0.005 -0.016
-0.041 -0.005 -0.016
-0.041 -0.005 -0.017
-0.041 -0.005 -0.018
-0.042 -0.004 -0.018
-0.042 -0.004 -0.019
-0.042 -0.004 -0.020
-0.043 -0.004 -0.020
-0.043 -0.003 -0.021
-0.044 -0.002 -0.022
-0.044 -0.001 -0.024
-0.042 -0.008 -0.019
0.195 0.226 0.432
0.195 0.224 0.433
0.195 0.222 0.432
0.194 0.219 0.431
0.194 0.217 0.431
0.194 0.215 0.431
0.194 0.213 0.431
0.193 0.210 0.430
0.193 0.208 0.430
0.193 0.206 0.430
0.193 0.203 0.429
0.193 0.201 0.429
0.192 0.199 0.429
0.192 0.196 0.428
0.192 0.194 0.428
0.192 0.192 0.428
0.192 0.189 0.428
0.191 0.187 0.427
0.191 0.184 0.427
0.191 0.182 0.427
0.191 0.180 0.426
0.190 0.177 0.426
0.190 0.175 0.425
0.190 0.173 0.425
0.190 0.170 0.425
0.190 0.168 0.424
0.189 0.165 0.424
0.189 0.163 0.424
0.189 0.161 0.424
0.189 0.158 0.423
0.189 0.156 0.423
0.189 0.153 0.423
0.188 0.151 0.423
0.188 0.148 0.422
0.188 0.146 0.422
0.187 0.144 0.421
0.187 0.141 0.421
0.187 0.139 0.421
0.187 0.136 0.421
0.188 0.134 0.422
0.187 0.131 0.421
0.179 0.128 0.406
0.079 0.111 0.212
0.075 0.109 0.205
0.075 0.108 0.205
0.076 0.107 0.206
0.075 0.105 0.205
0.075 0.104 0.205
0.075 0.102 0.205
0.075 0.101 0.205
0.075 0.099 0.205
0.075 0.098 0.206
0.076 0.097 0.206
0.076 0.095 0.206
0.076 0.094 0.206
0.076 0.092 0.206
0.076 0.091 0.207
0.076 0.089 0.207
0.076 0.088 0.207
0.076 0.086 0.207
0.076 0.085 0.207
0.076 0.083 0.207
0.076 0.082 0.207
0.076 0.080 0.207
0.076 0.079 0.207
0.076 0.077 0.208
0.076 0.076 0.208
0.076 0.074 0.208
0.076 0.072 0.208
0.076 0.071 0.208
0.076 0.069 0.207
0.076 0.068 0.207
0.075 0.066 0.207
0.075 0.065 0.207
0.075 0.063 0.207
0.075 0.062 0.207
0.075 0.060 0.207
0.075 0.058 0.207
0.075 0.057 0.206
0.075 0.055 0.206
0.075 0.054 0.206
0.075 0.052 0.206
0.075 0.050 0.206
0.075 0.049 0.206
0.074 0.047 0.206
0.074 0.046 0.206
0.074 0.044 0.205
0.074 0.042 0.205
0.074 0.041 0.204
0.073 0.039 0.204
0.073 0.038 0.204
0.073 0.036 0.204
0.073 0.034 0.204
0.073 0.033 0.204
0.073 0.031 0.203
0.073 0.029 0.203
0.073 0.028 0.203
0.072 0.026 0.203
0.072 0.025 0.202
0.072 0.023 0.202
0.072 0.021 0.202
0.072 0.020 0.202
0.072 0.018 0.201
0.071 0.016 0.201
0.071 0.015 0.201
0.071 0.013 0.200
0.071 0.012 0.200
0.070 0.010 0.199
0.069 0.009 0.197
0.068 0.008 0.194
0.066 0.007 0.191
0.064 0.006 0.188
0.063 0.005 0.186
0.062 0.004 0.184
0.061 0.003 0.182
0.060 0.003 0.179
0.058 0.002 0.176
0.057 0.001 0.173
0.054 0.001 0.168
0.052 0.001 0.164
0.050 0.001 0.160
0.048 0.001 0.156
0.046 0.001 0.153
0.044 0.001 0.149
0.043 0.000 0.146
0.041 0.000 0.142
0.039 0.000 0.139
0.037 0.000 0.136
0.036 0.000 0.133
0.034 0.000 0.130
0.033 0.000 0.126
0.031 0.000 0.123
0.030 -0.001 0.121
0.028 -0.001 0.118
0.027 -0.001 0.115
0.025 -0.001 0.112
0.024 -0.001 0.110
0.023 -0.001 0.107
0.021 -0.001 0.105
0.020 -0.001 0.102
0.019 -0.001 0.100
0.018 -0.001 0.097
0.016 -0.001 0.095
0.015 -0.001 0.093
0.014 -0.001 0.090
0.013 -0.002 0.088
0.012 -0.002 0.086
0.011 -0.002 0.084
0.010 -0.002 0.082
0.009 -0.002 0.080
0.008 -0.002 0.078
0.007 -0.002 0.076
0.006 -0.002 0.074
0.005 -0.002 0.072
0.004 -0.002 0.071
0.003 -0.002 0.069
0.002 -0.002 0.067
0.001 -0.002 0.065
0.000 -0.003 0.064
0.000 -0.003 0.062
-0.001 -0.003 0.061
-0.002 -0.003 0.059
-0.003 -0.003 0.058
-0.004 -0.003 0.056
-0.004 -0.003 0.055
-0.005 -0.003 0.054
-0.006 -0.003 0.052
-0.006 -0.003 0.051
-0.007 -0.004 0.050
-0.008 -0.004 0.048
-0.008 -0.004 0.047
-0.009 -0.004 0.046
-0.010 -0.004 0.044
-0.010 -0.004 0.043
-0.011 -0.004 0.042
-0.012 -0.004 0.041
-0.012 -0.004 0.039
-0.013 -0.004 0.038
-0.014 -0.004 0.037
-0.014 -0.004 0.036
-0.015 -0.004 0.035
-0.015 -0.004 0.034
-0.016 -0.005 0.032
-0.016 -0.005 0.031
-0.017 -0.005 0.030
-0.017 -0.005 0.029
-0.018 -0.005 0.028
-0.019 -0.005 0.027
-0.019 -0.005 0.026
-0.020 -0.005 0.025
-0.020 -0.005 0.025
-0.020 -0.006 0.024
-0.021 -0.006 0.023
-0.021 -0.006 0.022
-0.022 -0.006 0.021
-0.022 -0.006 0.020
-0.023 -0.006 0.019
-0.023 -0.006 0.018
-0.024 -0.006 0.017
-0.024 -0.006 0.016
-0.025 -0.006 0.016
-0.025 -0.006 0.015
-0.025 -0.006 0.014
-0.026 -0.006 0.013
-0.026 -0.006 0.012
-0.027 -0.006 0.011
-0.027 -0.006 0.010
-0.028 -0.006 0.010
-0.028 -0.006 0.009
-0.029 -0.006 0.008
-0.029 -0.006 0.007
-0.029 -0.006 0.006
-0.030 -0.006 0.006
-0.030 -0.006 0.005
-0.031 -0.006 0.004
-0.031 -0.006 0.003
-0.031 -0.006 0.003
-0.032 -0.006 0.002
-0.032 -0.006 0.001
-0.032 -0.006 0.000
-0.033 -0.006 0.000
-0.033 -0.006 -0.001
-0.034 -0.006 -0.002
-0.034 -0.006 -0.002
-0.034 -0.006 -0.003
-0.035 -0.006 -0.004
-0.035 -0.006 -0.004
-0.035 -0.006 -0.005
-0.036 -0.006 -0.006
-0.036 -0.006 -0.006
-0.036 -0.006 -0.007
-0.037 -0.006 -0.008
-0.037 -0.006 -0.008
-0.037 -0.006 -0.009
-0.038 -0.006 -0.010
-0.038 -0.006 -0.010
-0.038 -0.005 -0.011
-0.039 -0.005 -0.012
-0.039 -0.005 -0.012
-0.039 -0.006 -0.012
-0.039 -0.005 -0.013
-0.040 -0.005 -0.014
-0.040 -0.005 -0.014
-0.040 -0.005 -0.015
-0.041 -0.005 -0.016
-0.041 -0.005 -0.016
-0.041 -0.005 -0.017
-0.042 -0.005 -0.017
-0.042 -0.005 -0.018
-0.042 -0.004 -0.019
-0.043 -0.004 -0.019
-0.043 -0.004 -0.020
-0.043 -0.004 -0.021
-0.044 -0.002 -0.022
-0.045 0.000 -0.024
-0.043 -0.008 -0.019
0.193 0.226 0.433
0.194 0.224 0.434
0.193 0.222 0.433
0.193 0.219 0.432
0.193 0.217 0.432
0.193 0.215 0.432
0.192 0.213 0.432
0.192 0.210 0.431
0.192 0.208 0.431
0.192 0.206 0.431
0.192 0.203 0.430
0.191 0.201 0.430
0.191 0.199 0.430
0.191 0.196 0.429
0.191 0.194 0.429
0.190 0.192 0.429
0.190 0.189 0.429
0.190 0.187 0.428
0.190 0.184 0.428
0.190 0.182 0.428
0.189 0.180 0.427
0.189 0.177 0.427
0.189 0.175 0.426
0.189 0.173 0.426
0.188 0.170 0.426
0.188 0.168 0.425
0.188 0.165 0.425
0.188 0.163 0.425
0.188 0.161 0.425
0.188 0.158 0.425
0.187 0.156 0.424
0.187 0.153 0.424
0.187 0.151 0.424
0.187 0.149 0.424
0.187 0.146 0.423
0.186 0.144 0.422
0.186 0.141 0.421
0.186 0.139 0.422
0.185 0.136 0.421
0.186 0.134 0.422
0.187 0.131 0.424
0.172 0.127 0.395
0.075 0.111 0.206
0.074 0.109 0.205
0.074 0.108 0.206
0.075 0.107 0.206
0.074 0.105 0.206
0.074 0.104 0.205
0.074 0.102 0.205
0.074 0.101 0.206
0.075 0.099 0.206
0.075 0.098 0.206
0.075 0.097 0.206
0.075 0.095 0.207
0.075 0.094 0.207
0.075 0.092 0.207
0.075 0.091 0.207
0.075 0.089 0.207
0.075 0.088 0.207
0.075 0.086 0.208
0.075 0.085 0.208
0.075 0.083 0.208
0.075 0.082 0.208
0.075 0.080 0.208
0.075 0.079 0.208
0.075 0.077 0.208
0.075 0.076 0.208
0.075 0.074 0.208
0.075 0.072 0.208
0.075 0.071 0.208
0.075 0.069 0.208
0.075 0.068 0.208
0.074 0.066 0.207
0.074 0.065 0.207
0.074 0.063 0.207
0.074 0.062 0.207
0.074 0.060 0.207
0.074 0.058 0.207
0.074 0.057 0.207
0.074 0.055 0.207
0.074 0.054 0.207
0.074 0.052 0.207
0.074 0.050 0.207
0.074 0.049 0.206
0.074 0.047 0.206
0.073 0.046 0.206
0.073 0.044 0.206
0.073 0.042 0.205
0.073 0.041 0.205
0.073 0.039 0.205
0.072 0.038 0.204
0.072 0.036 0.204
0.072 0.034 0.204
0.072 0.033 0.204
0.072 0.031 0.204
0.072 0.029 0.204
0.072 0.028 0.203
0.072 0.026 0.203
0.071 0.025 0.203
0.071 0.023 0.203
0.071 0.021 0.203
0.071 0.020 0.202
0.071 0.018 0.202
0.070 0.016 0.201
0.070 0.015 0.201
0.070 0.013 0.201
0.070 0.012 0.200
0.069 0.010 0.199
0.068 0.009 0.197
0.067 0.008 0.194
0.065 0.007 0.191
0.063 0.007 0.188
0.062 0.006 0.186
0.061 0.004 0.184
0.060 0.003 0.182
0.059 0.003 0.180
0.058 0.002 0.177
0.056 0.001 0.173
0.053 0.001 0.169
0.051 0.001 0.165
0.049 0.001 0.160
0.047 0.001 0.157
0.045 0.001 0.153
0.044 0.001 0.150
0.042 0.000 0.146
0.040 0.000 0.143
0.038 0.000 0.139
0.037 0.000 0.136
0.035 0.000 0.133
0.033 0.000 0.130
0.032 0.000 0.127
0.030 0.000 0.124
0.029 0.000 0.121
0.027 0.000 0.118
0.026 -0.001 0.115
0.025 -0.001 0.112
0.023 -0.001 0.110
0.022 -0.001 0.107
0.021 -0.001 0.105
0.019 -0.001 0.102
0.018 -0.001 0.100
0.017 -0.001 0.098
0.016 -0.001 0.095
0.015 -0.001 0.093
0.013 -0.001 0.091
0.012 -0.002 0.089
0.011 -0.002 0.086
0.010 -0.002 0.084
0.009 -0.002 0.082
0.008 -0.002 0.080
0.007 -0.002 0.078
0.006 -0.002 0.076
0.005 -0.002 0.075
0.004 -0.002 0.073
0.003 -0.002 0.071
0.002 -0.002 0.069
0.001 -0.002 0.067
0.001 -0.002 0.066
0.000 -0.003 0.064
-0.001 -0.003 0.063
-0.002 -0.003 0.061
-0.003 -0.003 0.060
-0.003 -0.003 0.058
-0.004 -0.003 0.057
-0.005 -0.003 0.055
-0.006 -0.003 0.054
-0.006 -0.003 0.052
-0.007 -0.003 0.051
-0.008 -0.004 0.050
-0.008 -0.004 0.049
-0.009 -0.004 0.047
-0.010 -0.004 0.046
-0.010 -0.004 0.045
-0.011 -0.004 0.043
-0.011 -0.004 0.042
-0.012 -0.004 0.041
-0.013 -0.004 0.040
-0.013 -0.004 0.038
-0.014 -0.004 0.037
-0.015 -0.004 0.036
-0.015 -0.004 0.035
-0.016 -0.004 0.034
-0.016 -0.004 0.033
-0.017 -0.005 0.032
-0.017 -0.005 0.031
-0.018 -0.005 0.030
-0.018 -0.005 0.029
-0.019 -0.005 0.028
-0.019 -0.005 0.027
-0.020 -0.005 0.026
-0.020 -0.005 0.025
-0.021 -0.006 0.024
-0.021 -0.006 0.023
-0.022 -0.006 0.022
-0.022 -0.006 0.021
-0.023 -0.006 0.020
-0.023 -0.006 0.019
-0.024 -0.006 0.018
-0.024 -0.006 0.018
-0.025 -0.006 0.017
-0.025 -0.006 0.016
-0.025 -0.006 0.015
-0.026 -0.006 0.014
-0.026 -0.006 0.013
-0.027 -0.006 0.012
-0.027 -0.006 0.012
-0.028 -0.006 0.011
-0.028 -0.006 0.010
-0.028 -0.006 0.009
-0.029 -0.006 0.008
-0.029 -0.006 0.007
-0.030 -0.006 0.007
-0.030 -0.006 0.006
-0.030 -0.006 0.005
-0.031 -0.006 0.004
-0.031 -0.006 0.004
-0.032 -0.006 0.003
-0.032 -0.006 0.002
-0.032 -0.006 0.001
-0.033 -0.006 0.001
-0.033 -0.006 0.000
-0.034 -0.006 -0.001
-0.034 -0.006 -0.002
-0.034 -0.006 -0.002
-0.034 -0.006 -0.003
-0.035 -0.006 -0.003
-0.035 -0.006 -0.004
-0.036 -0.006 -0.005
-0.036 -0.006 -0.006
-0.036 -0.006 -0.006
-0.037 -0.006 -0.007
-0.037 -0.006 -0.007
-0.037 -0.006 -0.008
-0.037 -0.006 -0.009
-0.038 -0.006 -0.009
-0.038 -0.006 -0.010
-0.039 -0.005 -0.011
-0.039 -0.005 -0.011
-0.039 -0.005 -0.012
-0.039 -0.006 -0.012
-0.040 -0.005 -0.013
-0.040 -0.005 -0.014
-0.040 -0.005 -0.014
-0.041 -0.005 -0.015
-0.041 -0.005 -0.016
-0.041 -0.005 -0.016
-0.042 -0.005 -0.017
-0.042 -0.005 -0.017
-0.042 -0.004 -0.018
-0.043 -0.004 -0.019
-0.043 -0.004 -0.019
-0.043 -0.004 -0.020
-0.044 -0.003 -0.021
-0.044 -0.002 -0.022
-0.045 0.000 -0.024
-0.043 -0.008 -0.019
0.192 0.226 0.434
0.192 0.224 0.435
0.192 0.222 0.434
0.192 0.219 0.433
0.191 0.217 0.433
0.191 0.215 0.433
0.191 0.213 0.433
0.191 0.210 0.433
0.191 0.208 0.432
0.190 0.206 0.432
0.190 0.203 0.431
0.190 0.201 0.431
0.190 0.199 0.431
0.190 0.196 0.431
0.189 0.194 0.430
0.189 0.192 0.430
0.189 0.189 0.430
0.189 0.187 0.430
0.189 0.184 0.429
0.188 0.182 0.429
0.188 0.180 0.428
0.188 0.177 0.428
0.188 0.175 0.427
0.187 0.172 0.427
0.187 0.170 0.427
0.187 0.168 0.427
0.187 0.165 0.426
0.187 0.163 0.426
0.187 0.161 0.426
0.186 0.158 0.426
0.186 0.156 0.425
0.186 0.153 0.425
0.186 0.151 0.425
0.186 0.148 0.425
0.185 0.146 0.424
0.185 0.143 0.423
0.184 0.141 0.422
0.184 0.139 0.422
0.184 0.136 0.422
0.185 0.134 0.424
0.188 0.132 0.431
0.139 0.122 0.335
0.075 0.111 0.208
0.073 0.109 0.205
0.073 0.108 0.205
0.074 0.107 0.206
0.073 0.105 0.206
0.073 0.104 0.205
0.073 0.102 0.206
0.074 0.101 0.206
0.074 0.099 0.206
0.074 0.098 0.207
0.074 0.097 0.207
0.074 0.095 0.207
0.074 0.094 0.207
0.074 0.092 0.207
0.074 0.091 0.207
0.074 0.089 0.208
0.074 0.088 0.208
0.074 0.086 0.208
0.074 0.085 0.208
0.074 0.083 0.208
0.074 0.082 0.208
0.074 0.080 0.208
0.074 0.079 0.208
0.074 0.077 0.208
0.074 0.075 0.208
0.074 0.074 0.208
0.074 0.072 0.208
0.074 0.071 0.208
0.074 0.069 0.208
0.074 0.068 0.208
0.074 0.066 0.208
0.073 0.065 0.208
0.074 0.063 0.208
0.073 0.061 0.208
0.073 0.060 0.207
0.073 0.058 0.207
0.073 0.057 0.207
0.073 0.055 0.207
0.073 0.054 0.207
0.073 0.052 0.207
0.073 0.050 0.207
0.073 0.049 0.207
0.073 0.047 0.207
0.072 0.046 0.206
0.072 0.044 0.206
0.072 0.042 0.206
0.072 0.041 0.205
0.072 0.039 0.205
0.072 0.038 0.205
0.071 0.036 0.205
0.071 0.034 0.205
0.071 0.033 0.205
0.071 0.031 0.204
0.071 0.029 0.204
0.071 0.028 0.204
0.071 0.026 0.204
0.071 0.024 0.204
0.070 0.023 0.203
0.070 0.021 0.203
0.070 0.020 0.203
0.070 0.018 0.202
0.069 0.016 0.202
0.069 0.015 0.202
0.069 0.013 0.201
0.069 0.012 0.200
0.068 0.010 0.199
0.067 0.009 0.198
0.066 0.008 0.195
0.064 0.007 0.191
0.062 0.007 0.188
0.061 0.006 0.186
0.060 0.005 0.184
0.059 0.003 0.182
0.058 0.003 0.180
0.057 0.002 0.177
0.055 0.001 0.174
0.053 0.001 0.169
0.050 0.001 0.165
0.048 0.001 0.161
0.046 0.001 0.157
0.045 0.001 0.153
0.043 0.001 0.150
0.041 0.000 0.147
0.039 0.000 0.143
0.038 0.000 0.140
0.036 0.000 0.136
0.034 0.000 0.133
0.033 0.000 0.130
0.031 0.000 0.127
0.030 0.000 0.124
0.028 0.000 0.121
0.027 0.000 0.118
0.025 0.000 0.115
0.024 -0.001 0.113
0.023 -0.001 0.110
0.021 -0.001 0.108
0.020 -0.001 0.105
0.019 -0.001 0.103
0.017 -0.001 0.100
0.016 -0.001 0.098
0.015 -0.001 0.095
0.014 -0.001 0.093
0.013 -0.001 0.091
0.012 -0.001 0.089
0.011 -0.002 0.087
0.009 -0.002 0.084
0.008 -0.002 0.082
0.007 -0.002 0.080
0.006 -0.002 0.079
0.005 -0.002 0.077
0.005 -0.002 0.075
0.004 -0.002 0.073
0.003 -0.002 0.071
0.002 -0.002 0.070
0.001 -0.002 0.068
0.000 -0.002 0.066
-0.001 -0.003 0.065
-0.001 -0.003 0.063
-0.002 -0.003 0.061
-0.003 -0.003 0.060
-0.004 -0.003 0.058
-0.005 -0.003 0.057
-0.005 -0.003 0.055
-0.006 -0.003 0.054
-0.007 -0.003 0.053
-0.007 -0.003 0.051
-0.008 -0.004 0.050
-0.009 -0.004 0.049
-0.009 -0.004 0.048
-0.010 -0.004 0.046
-0.011 -0.004 0.045
-0.011 -0.004 0.044
-0.012 -0.004 0.042
-0.013 -0.004 0.041
-0.013 -0.004 0.040
-0.014 -0.004 0.039
-0.015 -0.004 0.037
-0.015 -0.004 0.036
-0.016 -0.004 0.035
-0.016 -0.004 0.034
-0.017 -0.004 0.033
-0.017 -0.005 0.032
-0.018 -0.005 0.031
-0.018 -0.005 0.030
-0.019 -0.005 0.029
-0.019 -0.005 0.028
-0.020 -0.005 0.027
-0.020 -0.005 0.026
-0.021 -0.005 0.025
-0.021 -0.005 0.024
-0.022 -0.006 0.023
-0.022 -0.006 0.023
-0.023 -0.006 0.021
-0.023 -0.006 0.020
-0.024 -0.006 0.019
-0.024 -0.006 0.019
-0.025 -0.006 0.018
-0.025 -0.006 0.017
-0.025 -0.006 0.016
-0.026 -0.006 0.015
-0.026 -0.006 0.014
-0.027 -0.006 0.013
-0.027 -0.006 0.012
-0.028 -0.006 0.012
-0.028 -0.006 0.011
-0.028 -0.006 0.010
-0.029 -0.006 0.009
-0.029 -0.006 0.009
-0.030 -0.006 0.008
-0.030 -0.006 0.007
-0.030 -0.006 0.006
-0.031 -0.006 0.005
-0.031 -0.006 0.004
-0.032 -0.006 0.004
-0.032 -0.006 0.003
-0.032 -0.006 0.002
-0.033 -0.006 0.001
-0.033 -0.006 0.001
-0.033 -0.006 0.000
-0.034 -0.006 -0.001
-0.034 -0.006 -0.001
-0.034 -0.006 -0.002
-0.035 -0.006 -0.003
-0.035 -0.006 -0.003
-0.036 -0.006 -0.004
-0.036 -0.006 -0.005
-0.036 -0.006 -0.005
-0.037 -0.006 -0.006
-0.037 -0.006 -0.007
-0.037 -0.006 -0.007
-0.038 -0.006 -0.008
-0.038 -0.006 -0.008
-0.038 -0.006 -0.009
-0.038 -0.006 -0.010
-0.039 -0.006 -0.010
-0.039 -0.006 -0.011
-0.039 -0.006 -0.012
-0.040 -0.006 -0.012
-0.040 -0.005 -0.013
-0.040 -0.005 -0.014
-0.041 -0.005 -0.014
-0.041 -0.005 -0.015
-0.041 -0.005 -0.015
-0.041 -0.005 -0.016
-0.042 -0.005 -0.016
-0.042 -0.005 -0.017
-0.043 -0.004 -0.018
-0.043 -0.004 -0.018
-0.043 -0.004 -0.019
-0.044 -0.004 -0.020
-0.044 -0.003 -0.021
-0.045 -0.002 -0.022
-0.045 0.000 -0.023
-0.043 -0.008 -0.019
0.191 0.226 0.435
0.191 0.224 0.436
0.191 0.222 0.436
0.190 0.219 0.435
0.190 0.217 0.434
0.190 0.215 0.434
0.190 0.213 0.434
0.190 0.210 0.434
0.190 0.208 0.433
0.189 0.206 0.433
0.189 0.203 0.433
0.189 0.201 0.432
0.189 0.199 0.432
0.188 0.196 0.432
0.188 0.194 0.431
0.188 0.192 0.431
0.188 0.189 0.431
0.188 0.187 0.431
0.188 0.184 0.430
0.187 0.182 0.430
0.187 0.180 0.429
0.187 0.177 0.429
0.186 0.175 0.429
0.186 0.172 0.428
0.186 0.170 0.428
0.186 0.168 0.428
0.186 0.165 0.427
0.186 0.163 0.428
0.185 0.161 0.427
0.185 0.158 0.427
0.185 0.156 0.426
0.184 0.153 0.426
0.185 0.151 0.426
0.184 0.148 0.426
0.184 0.146 0.425
0.183 0.143 0.424
0.183 0.141 0.423
0.183 0.139 0.423
0.182 0.136 0.422
0.184 0.134 0.426
0.188 0.132 0.433
0.148 0.123 0.355
0.076 0.111 0.212
0.072 0.109 0.205
0.072 0.108 0.206
0.073 0.107 0.207
0.073 0.105 0.206
0.072 0.104 0.206
0.073 0.102 0.206
0.073 0.101 0.207
0.073 0.099 0.207
0.073 0.098 0.207
0.073 0.096 0.207
0.073 0.095 0.208
0.073 0.094 0.208
0.073 0.092 0.208
0.073 0.091 0.208
0.073 0.089 0.208
0.073 0.088 0.208
0.073 0.086 0.208
0.073 0.085 0.209
0.073 0.083 0.209
0.073 0.082 0.209
0.073 0.080 0.209
0.073 0.079 0.209
0.073 0.077 0.209
0.073 0.075 0.209
0.073 0.074 0.209
0.073 0.072 0.209
0.073 0.071 0.209
0.073 0.069 0.208
0.073 0.068 0.208
0.073 0.066 0.208
0.073 0.065 0.208
0.073 0.063 0.208
0.073 0.061 0.208
0.072 0.060 0.208
0.072 0.058 0.208
0.072 0.057 0.208
0.072 0.055 0.208
0.072 0.054 0.208
0.072 0.052 0.208
0.072 0.050 0.207
0.072 0.049 0.207
0.072 0.047 0.207
0.072 0.046 0.207
0.071 0.044 0.207
0.071 0.042 0.206
0.071 0.041 0.206
0.071 0.039 0.206
0.071 0.038 0.205
0.071 0.036 0.205
0.070 0.034 0.205
0.070 0.033 0.205
0.070 0.031 0.205
0.070 0.029 0.205
0.070 0.028 0.205
0.070 0.026 0.205
0.070 0.024 0.205
0.070 0.023 0.204
0.069 0.021 0.204
0.069 0.019 0.203
0.069 0.018 0.203
0.069 0.016 0.202
0.068 0.015 0.202
0.068 0.013 0.202
0.068 0.012 0.201
0.067 0.010 0.200
0.066 0.009 0.198
0.065 0.008 0.195
0.063 0.007 0.191
0.061 0.007 0.188
0.060 0.006 0.186
0.059 0.005 0.184
0.058 0.003 0.183
0.057 0.003 0.181
0.056 0.002 0.178
0.054 0.001 0.174
0.052 0.001 0.170
0.050 0.001 0.165
0.047 0.001 0.161
0.046 0.001 0.157
0.044 0.001 0.154
0.042 0.001 0.150
0.040 0.000 0.147
0.039 0.000 0.143
0.037 0.000 0.140
0.035 0.000 0.137
0.033 0.000 0.133
0.032 0.000 0.130
0.030 0.000 0.127
0.029 0.000 0.124
0.027 0.000 0.121
0.026 0.000 0.118
0.024 0.000 0.115
0.023 -0.001 0.113
0.022 -0.001 0.110
0.021 -0.001 0.108
0.019 -0.001 0.105
0.018 -0.001 0.103
0.017 -0.001 0.101
0.016 -0.001 0.098
0.014 -0.001 0.096
0.013 -0.001 0.093
0.012 -0.001 0.091
0.011 -0.001 0.089
0.010 -0.001 0.087
0.009 -0.001 0.085
0.008 -0.002 0.083
0.007 -0.002 0.081
0.006 -0.002 0.079
0.005 -0.002 0.077
0.004 -0.002 0.075
0.003 -0.002 0.073
0.002 -0.002 0.071
0.001 -0.002 0.070
0.000 -0.002 0.068
0.000 -0.002 0.066
-0.001 -0.002 0.065
-0.002 -0.003 0.063
-0.003 -0.003 0.062
-0.004 -0.003 0.060
-0.004 -0.003 0.058
-0.005 -0.003 0.057
-0.006 -0.003 0.056
-0.007 -0.003 0.054
-0.007 -0.003 0.053
-0.008 -0.003 0.052
-0.009 -0.003 0.050
-0.009 -0.004 0.049
-0.010 -0.004 0.048
-0.011 -0.004 0.046
-0.011 -0.004 0.045
-0.012 -0.004 0.044
-0.012 -0.004 0.042
-0.013 -0.004 0.041
-0.014 -0.004 0.040
-0.014 -0.004 0.039
-0.015 -0.004 0.038
-0.016 -0.004 0.036
-0.016 -0.004 0.035
-0.017 -0.004 0.034
-0.017 -0.004 0.033
-0.018 -0.005 0.032
-0.018 -0.005 0.031
-0.019 -0.005 0.030
-0.019 -0.005 0.029
-0.020 -0.005 0.028
-0.020 -0.005 0.027
-0.021 -0.005 0.026
-0.021 -0.005 0.025
-0.022 -0.005 0.024
-0.022 -0.005 0.023
-0.023 -0.006 0.023
-0.023 -0.005 0.021
-0.024 -0.006 0.021
-0.024 -0.006 0.020
-0.025 -0.006 0.019
-0.025 -0.006 0.018
-0.025 -0.006 0.017
-0.026 -0.006 0.016
-0.026 -0.006 0.015
-0.027 -0.006 0.014
-0.027 -0.006 0.014
-0.028 -0.006 0.013
-0.028 -0.006 0.012
-0.028 -0.006 0.011
-0.029 -0.006 0.010
-0.029 -0.006 0.009
-0.030 -0.006 0.009
-0.030 -0.006 0.008
-0.030 -0.006 0.007
-0.031 -0.006 0.006
-0.031 -0.006 0.005
-0.032 -0.006 0.004
-0.032 -0.006 0.004
-0.032 -0.006 0.003
-0.033 -0.006 0.002
-0.033 -0.006 0.002
-0.033 -0.006 0.001
-0.034 -0.006 0.000
-0.034 -0.006 0.000
-0.034 -0.006 -0.001
-0.035 -0.006 -0.002
-0.035 -0.006 -0.002
-0.036 -0.006 -0.003
-0.036 -0.006 -0.004
-0.036 -0.006 -0.004
-0.037 -0.006 -0.005
-0.037 -0.006 -0.006
-0.037 -0.006 -0.006
-0.037 -0.006 -0.007
-0.038 -0.006 -0.007
-0.038 -0.006 -0.008
-0.039 -0.006 -0.009
-0.039 -0.006 -0.010
-0.039 -0.006 -0.010
-0.039 -0.006 -0.011
-0.040 -0.006 -0.011
-0.040 -0.006 -0.012
-0.040 -0.005 -0.013
-0.041 -0.005 -0.013
-0.041 -0.005 -0.014
-0.041 -0.005 -0.015
-0.042 -0.005 -0.015
-0.042 -0.005 -0.016
-0.042 -0.005 -0.016
-0.042 -0.005 -0.017
-0.043 -0.004 -0.018
-0.043 -0.004 -0.018
-0.043 -0.004 -0.019
-0.044 -0.004 -0.020
-0.044 -0.003 -0.020
-0.045 -0.002 -0.022
-0.046 0.000 -0.023
-0.043 -0.008 -0.019
0.190 0.226 0.437
0.190 0.224 0.437
0.190 0.222 0.437
0.189 0.219 0.436
0.189 0.217 0.435
0.189 0.215 0.435
0.189 0.213 0.435
0.189 0.210 0.435
0.188 0.208 0.434
0.188 0.206 0.434
0.188 0.203 0.434
0.188 0.201 0.433
0.187 0.199 0.433
0.187 0.196 0.433
0.187 0.194 0.433
0.187 0.192 0.432
0.187 0.189 0.432
0.187 0.187 0.432
0.186 0.184 0.431
0.186 0.182 0.431
0.186 0.180 0.431
0.185 0.177 0.430
0.185 0.175 0.430
0.185 0.172 0.429
0.185 0.170 0.429
0.184 0.168 0.429
0.185 0.165 0.429
0.184 0.163 0.429
0.184 0.160 0.428
0.184 0.158 0.428
0.184 0.156 0.428
0.183 0.153 0.427
0.183 0.151 0.427
0.183 0.148 0.427
0.183 0.146 0.426
0.182 0.143 0.425
0.182 0.141 0.425
0.182 0.138 0.424
0.181 0.136 0.423
0.182 0.134 0.426
0.187 0.132 0.435
0.161 0.126 0.383
0.076 0.111 0.215
0.072 0.109 0.206
0.072 0.108 0.206
0.072 0.107 0.207
0.072 0.105 0.207
0.072 0.104 0.207
0.072 0.102 0.207
0.072 0.101 0.207
0.072 0.099 0.207
0.072 0.098 0.207
0.072 0.096 0.208
0.072 0.095 0.208
0.072 0.094 0.208
0.072 0.092 0.209
0.072 0.091 0.209
0.072 0.089 0.209
0.072 0.088 0.209
0.072 0.086 0.209
0.072 0.085 0.209
0.073 0.083 0.209
0.072 0.082 0.209
0.073 0.080 0.209
0.072 0.079 0.209
0.072 0.077 0.209
0.072 0.075 0.209
0.072 0.074 0.209
0.072 0.072 0.209
0.072 0.071 0.209
0.072 0.069 0.209
0.072 0.068 0.209
0.072 0.066 0.209
0.072 0.065 0.209
0.072 0.063 0.209
0.072 0.061 0.208
0.072 0.060 0.208
0.071 0.058 0.208
0.071 0.057 0.208
0.071 0.055 0.208
0.071 0.054 0.208
0.071 0.052 0.208
0.071 0.050 0.208
0.071 0.049 0.208
0.071 0.047 0.207
0.071 0.046 0.207
0.071 0.044 0.207
0.070 0.042 0.207
0.070 0.041 0.207
0.070 0.039 0.206
0.070 0.038 0.206
0.070 0.036 0.206
0.070 0.034 0.206
0.070 0.033 0.206
0.069 0.031 0.206
0.069 0.029 0.206
0.069 0.028 0.206
0.069 0.026 0.205
0.069 0.024 0.205
0.069 0.023 0.205
0.069 0.021 0.205
0.068 0.019 0.204
0.068 0.018 0.204
0.068 0.016 0.203
0.068 0.015 0.203
0.067 0.013 0.202
0.067 0.012 0.201
0.066 0.010 0.200
0.065 0.009 0.199
0.064 0.008 0.196
0.062 0.007 0.192
0.061 0.007 0.189
0.059 0.006 0.186
0.058 0.005 0.185
0.058 0.003 0.183
0.057 0.002 0.181
0.055 0.002 0.178
0.053 0.001 0.175
0.051 0.001 0.170
0.049 0.001 0.166
0.047 0.001 0.162
0.045 0.001 0.158
0.043 0.001 0.154
0.041 0.001 0.151
0.040 0.001 0.147
0.038 0.000 0.144
0.036 0.000 0.140
0.034 0.000 0.137
0.033 0.000 0.134
0.031 0.000 0.130
0.029 0.000 0.127
0.028 0.000 0.124
0.027 0.000 0.121
0.025 0.000 0.119
0.024 0.000 0.116
0.022 -0.001 0.113
0.021 -0.001 0.111
0.020 -0.001 0.108
0.019 -0.001 0.106
0.017 -0.001 0.103
0.016 -0.001 0.101
0.015 -0.001 0.098
0.014 -0.001 0.096
0.013 -0.001 0.094
0.011 -0.001 0.091
0.010 -0.001 0.089
0.009 -0.001 0.087
0.008 -0.001 0.085
0.007 -0.001 0.083
0.006 -0.002 0.081
0.005 -0.002 0.079
0.004 -0.002 0.077
0.003 -0.002 0.075
0.002 -0.002 0.073
0.002 -0.002 0.072
0.001 -0.002 0.070
0.000 -0.002 0.068
-0.001 -0.002 0.067
-0.002 -0.002 0.065
-0.002 -0.003 0.064
-0.003 -0.003 0.062
-0.004 -0.003 0.060
-0.005 -0.003 0.059
-0.006 -0.003 0.057
-0.006 -0.003 0.056
-0.007 -0.003 0.055
-0.008 -0.003 0.053
-0.008 -0.003 0.052
-0.009 -0.003 0.050
-0.010 -0.004 0.049
-0.010 -0.004 0.048
-0.011 -0.004 0.047
-0.012 -0.004 0.045
-0.012 -0.004 0.044
-0.013 -0.004 0.043
-0.014 -0.004 0.041
-0.014 -0.004 0.040
-0.015 -0.004 0.039
-0.015 -0.004 0.038
-0.016 -0.004 0.037
-0.017 -0.004 0.036
-0.017 -0.004 0.034
-0.018 -0.004 0.033
-0.018 -0.005 0.033
-0.019 -0.005 0.031
-0.019 -0.005 0.030
-0.020 -0.005 0.029
-0.020 -0.005 0.028
-0.021 -0.005 0.027
-0.021 -0.005 0.026
-0.022 -0.005 0.025
-0.022 -0.005 0.024
-0.023 -0.005 0.023
-0.023 -0.005 0.023
-0.023 -0.006 0.022
-0.024 -0.005 0.021
-0.024 -0.005 0.020
-0.025 -0.006 0.019
-0.025 -0.006 0.018
-0.026 -0.006 0.017
-0.026 -0.006 0.016
-0.027 -0.006 0.016
-0.027 -0.006 0.015
-0.027 -0.006 0.014
-0.028 -0.006 0.013
-0.028 -0.006 0.012
-0.029 -0.006 0.011
-0.029 -0.006 0.010
-0.030 -0.006 0.010
-0.030 -0.006 0.009
-0.030 -0.006 0.008
-0.031 -0.006 0.007
-0.031 -0.006 0.006
-0.032 -0.006 0.005
-0.032 -0.006 0.005
-0.032 -0.006 0.004
-0.033 -0.006 0.003
-0.033 -0.006 0.003
-0.033 -0.006 0.002
-0.034 -0.006 0.001
-0.034 -0.006 0.000
-0.034 -0.006 0.000
-0.035 -0.006 -0.001
-0.035 -0.006 -0.001
-0.035 -0.006 -0.002
-0.036 -0.006 -0.003
-0.036 -0.006 -0.004
-0.036 -0.006 -0.004
-0.037 -0.006 -0.005
-0.037 -0.006 -0.005
-0.037 -0.006 -0.006
-0.038 -0.006 -0.007
-0.038 -0.006 -0.007
-0.038 -0.006 -0.008
-0.039 -0.006 -0.009
-0.039 -0.006 -0.010
-0.039 -0.006 -0.010
-0.040 -0.006 -0.011
-0.040 -0.006 -0.011
-0.040 -0.006 -0.012
-0.041 -0.005 -0.012
-0.041 -0.005 -0.013
-0.041 -0.005 -0.014
-0.042 -0.005 -0.014
-0.042 -0.005 -0.015
-0.042 -0.005 -0.015
-0.042 -0.005 -0.016
-0.043 -0.005 -0.017
-0.043 -0.004 -0.018
-0.043 -0.004 -0.018
-0.044 -0.004 -0.019
-0.044 -0.003 -0.020
-0.044 -0.003 -0.020
-0.045 -0.002 -0.021
-0.046 -0.001 -0.023
-0.044 -0.008 -0.018
0.189 0.226 0.438
0.189 0.224 0.438
0.189 0.222 0.438
0.188 0.219 0.437
0.188 0.217 0.437
0.188 0.215 0.437
0.188 0.213 0.436
0.187 0.210 0.436
0.187 0.208 0.435
0.187 0.206 0.435
0.187 0.203 0.435
0.186 0.201 0.434
0.186 0.199 0.434
0.186 0.196 0.434
0.186 0.194 0.434
0.186 0.192 0.433
0.186 0.189 0.433
0.185 0.187 0.433
0.185 0.184 0.433
0.185 0.182 0.432
0.184 0.180 0.432
0.184 0.177 0.431
0.184 0.175 0.431
0.184 0.172 0.430
0.184 0.170 0.430
0.183 0.168 0.430
0.183 0.165 0.430
0.183 0.163 0.429
0.183 0.161 0.430
0.182 0.158 0.429
0.182 0.156 0.428
0.182 0.153 0.428
0.182 0.151 0.428
0.182 0.148 0.428
0.182 0.146 0.428
0.181 0.143 0.427
0.180 0.141 0.426
0.180 0.138 0.426
0.180 0.136 0.424
0.181 0.134 0.427
0.184 0.132 0.434
0.169 0.127 0.403
0.075 0.111 0.215
0.071 0.109 0.206
0.071 0.108 0.207
0.072 0.107 0.208
0.071 0.105 0.207
0.071 0.104 0.207
0.071 0.102 0.207
0.071 0.101 0.208
0.071 0.099 0.208
0.071 0.098 0.208
0.071 0.096 0.208
0.072 0.095 0.209
0.072 0.093 0.209
0.072 0.092 0.209
0.072 0.091 0.209
0.072 0.089 0.209
0.072 0.088 0.209
0.072 0.086 0.210
0.072 0.085 0.209
0.072 0.083 0.209
0.072 0.082 0.210
0.072 0.080 0.210
0.072 0.078 0.210
0.071 0.077 0.210
0.071 0.075 0.210
0.071 0.074 0.210
0.071 0.072 0.209
0.071 0.071 0.209
0.071 0.069 0.209
0.071 0.068 0.209
0.071 0.066 0.209
0.071 0.065 0.210
0.071 0.063 0.209
0.071 0.061 0.209
0.071 0.060 0.209
0.071 0.058 0.209
0.071 0.057 0.209
0.071 0.055 0.209
0.070 0.053 0.209
0.070 0.052 0.209
0.070 0.050 0.208
0.070 0.049 0.208
0.070 0.047 0.208
0.070 0.045 0.208
0.070 0.044 0.207
0.070 0.042 0.207
0.069 0.041 0.207
0.069 0.039 0.207
0.069 0.037 0.207
0.069 0.036 0.207
0.069 0.034 0.207
0.069 0.033 0.207
0.069 0.031 0.206
0.069 0.029 0.206
0.069 0.028 0.206
0.068 0.026 0.206
0.068 0.024 0.206
0.068 0.023 0.206
0.068 0.021 0.205
0.068 0.019 0.205
0.067 0.018 0.204
0.067 0.016 0.204
0.067 0.015 0.203
0.066 0.013 0.203
0.066 0.012 0.202
0.065 0.010 0.201
0.065 0.009 0.199
0.063 0.008 0.197
0.062 0.007 0.193
0.060 0.007 0.190
0.058 0.006 0.187
0.057 0.005 0.185
0.057 0.004 0.184
0.056 0.002 0.182
0.054 0.002 0.179
0.052 0.001 0.175
0.050 0.001 0.171
0.048 0.001 0.166
0.046 0.001 0.162
0.044 0.001 0.158
0.042 0.001 0.155
0.040 0.001 0.151
0.039 0.000 0.148
0.037 0.000 0.144
0.035 0.000 0.141
0.033 0.000 0.137
0.032 0.000 0.134
0.030 0.000 0.131
0.029 0.000 0.128
0.027 0.000 0.125
0.026 0.000 0.122
0.024 0.000 0.119
0.023 0.000 0.116
0.022 0.000 0.113
0.020 -0.001 0.111
0.019 -0.001 0.108
0.018 -0.001 0.106
0.017 -0.001 0.103
0.015 -0.001 0.101
0.014 -0.001 0.099
0.013 -0.001 0.096
0.012 -0.001 0.094
0.011 -0.001 0.091
0.010 -0.001 0.089
0.009 -0.001 0.087
0.008 -0.001 0.085
0.007 -0.001 0.083
0.006 -0.002 0.081
0.005 -0.002 0.079
0.004 -0.002 0.077
0.003 -0.002 0.075
0.002 -0.002 0.074
0.001 -0.002 0.072
0.000 -0.002 0.070
-0.001 -0.002 0.069
-0.001 -0.002 0.067
-0.002 -0.002 0.065
-0.003 -0.003 0.064
-0.004 -0.003 0.062
-0.005 -0.003 0.061
-0.005 -0.003 0.059
-0.006 -0.003 0.058
-0.007 -0.003 0.056
-0.007 -0.003 0.055
-0.008 -0.003 0.053
-0.009 -0.003 0.052
-0.009 -0.003 0.051
-0.010 -0.004 0.049
-0.011 -0.004 0.048
-0.012 -0.004 0.047
-0.012 -0.004 0.045
-0.013 -0.004 0.044
-0.013 -0.004 0.043
-0.014 -0.004 0.042
-0.015 -0.004 0.040
-0.015 -0.004 0.039
-0.016 -0.004 0.038
-0.016 -0.004 0.037
-0.017 -0.004 0.036
-0.017 -0.004 0.035
-0.018 -0.004 0.034
-0.019 -0.004 0.033
-0.019 -0.004 0.031
-0.020 -0.005 0.030
-0.020 -0.005 0.029
-0.021 -0.005 0.028
-0.021 -0.005 0.027
-0.022 -0.005 0.026
-0.022 -0.005 0.025
-0.023 -0.005 0.024
-0.023 -0.005 0.024
-0.024 -0.005 0.023
-0.024 -0.005 0.022
-0.024 -0.005 0.021
-0.025 -0.005 0.020
-0.025 -0.005 0.019
-0.026 -0.005 0.018
-0.026 -0.006 0.017
-0.027 -0.006 0.016
-0.027 -0.006 0.016
-0.027 -0.006 0.015
-0.028 -0.006 0.014
-0.028 -0.006 0.013
-0.029 -0.006 0.012
-0.029 -0.006 0.012
-0.029 -0.006 0.011
-0.030 -0.006 0.010
-0.030 -0.006 0.009
-0.031 -0.006 0.008
-0.031 -0.006 0.007
-0.032 -0.006 0.006
-0.032 -0.006 0.006
-0.032 -0.006 0.005
-0.033 -0.006 0.004
-0.033 -0.006 0.004
-0.033 -0.006 0.003
-0.034 -0.006 0.002
-0.034 -0.006 0.001
-0.035 -0.006 0.001
-0.035 -0.006 0.000
-0.035 -0.006 -0.001
-0.035 -0.006 -0.001
-0.036 -0.006 -0.002
-0.036 -0.006 -0.003
-0.037 -0.006 -0.003
-0.037 -0.006 -0.004
-0.037 -0.006 -0.005
-0.037 -0.006 -0.005
-0.038 -0.006 -0.006
-0.038 -0.006 -0.007
-0.038 -0.006 -0.007
-0.039 -0.006 -0.008
-0.039 -0.006 -0.009
-0.039 -0.006 -0.009
-0.040 -0.005 -0.010
-0.040 -0.006 -0.010
-0.040 -0.006 -0.011
-0.041 -0.006 -0.012
-0.041 -0.006 -0.012
-0.041 -0.005 -0.013
-0.042 -0.005 -0.014
-0.042 -0.005 -0.014
-0.042 -0.005 -0.015
-0.042 -0.005 -0.015
-0.043 -0.005 -0.016
-0.043 -0.005 -0.017
-0.043 -0.004 -0.017
-0.044 -0.004 -0.018
-0.044 -0.004 -0.019
-0.044 -0.003 -0.019
-0.045 -0.003 -0.020
-0.045 -0.002 -0.021
-0.046 -0.001 -0.023
-0.044 -0.008 -0.018
0.188 0.226 0.439
0.188 0.224 0.439
0.188 0.222 0.439
0.187 0.219 0.438
0.187 0.217 0.438
0.187 0.215 0.438
0.186 0.213 0.437
0.186 0.210 0.437
0.186 0.208 0.437
0.186 0.206 0.436
0.185 0.203 0.436
0.185 0.201 0.436
0.185 0.199 0.435
0.185 0.196 0.435
0.185 0.194 0.435
0.184 0.192 0.435
0.184 0.189 0.435
0.184 0.187 0.434
0.184 0.184 0.434
0.183 0.182 0.433
0.183 0.180 0.433
0.183 0.177 0.432
0.183 0.175 0.432
0.182 0.172 0.432
0.182 0.170 0.431
0.182 0.168 0.431
0.182 0.165 0.431
0.182 0.163 0.431
0.182 0.160 0.431
0.181 0.158 0.430
0.181 0.156 0.429
0.181 0.153 0.430
0.181 0.151 0.429
0.181 0.148 0.429
0.180 0.146 0.429
0.180 0.143 0.428
0.179 0.141 0.427
0.179 0.138 0.427
0.178 0.136 0.425
0.180 0.134 0.428
0.182 0.132 0.433
0.168 0.127 0.404
0.073 0.111 0.213
0.070 0.109 0.207
0.070 0.108 0.208
0.071 0.106 0.209
0.070 0.105 0.208
0.070 0.104 0.207
0.070 0.102 0.208
0.070 0.101 0.208
0.070 0.099 0.208
0.071 0.098 0.209
0.071 0.096 0.209
0.071 0.095 0.209
0.071 0.093 0.210
0.071 0.092 0.210
0.071 0.091 0.210
0.071 0.089 0.210
0.071 0.088 0.210
0.071 0.086 0.210
0.071 0.085 0.210
0.071 0.083 0.210
0.071 0.081 0.210
0.071 0.080 0.210
0.071 0.078 0.210
0.071 0.077 0.210
0.071 0.075 0.210
0.071 0.074 0.210
0.070 0.072 0.210
0.070 0.071 0.210
0.070 0.069 0.210
0.070 0.068 0.210
0.070 0.066 0.210
0.070 0.065 0.210
0.070 0.063 0.210
0.070 0.061 0.210
0.070 0.060 0.210
0.070 0.058 0.209
0.070 0.057 0.210
0.070 0.055 0.209
0.070 0.053 0.210
0.070 0.052 0.209
0.069 0.050 0.209
0.069 0.049 0.209
0.069 0.047 0.209
0.069 0.045 0.209
0.069 0.044 0.208
0.069 0.042 0.208
0.068 0.041 0.208
0.068 0.039 0.208
0.068 0.037 0.208
0.068 0.036 0.208
0.068 0.034 0.207
0.068 0.032 0.207
0.068 0.031 0.207
0.068 0.029 0.207
0.068 0.027 0.207
0.068 0.026 0.207
0.068 0.024 0.207
0.067 0.023 0.206
0.067 0.021 0.206
0.067 0.019 0.206
0.067 0.018 0.205
0.066 0.016 0.205
0.066 0.015 0.204
0.066 0.013 0.204
0.065 0.011 0.203
0.065 0.010 0.201
0.064 0.009 0.200
0.062 0.008 0.197
0.061 0.007 0.194
0.059 0.007 0.190
0.057 0.006 0.187
0.057 0.005 0.185
0.056 0.003 0.184
0.055 0.002 0.182
0.054 0.002 0.179
0.052 0.001 0.176
0.049 0.001 0.171
0.047 0.001 0.167
0.045 0.001 0.163
0.043 0.001 0.159
0.042 0.001 0.155
0.040 0.001 0.152
0.038 0.001 0.148
0.036 0.000 0.144
0.034 0.000 0.141
0.033 0.000 0.138
0.031 0.000 0.134
0.030 0.000 0.131
0.028 0.000 0.128
0.027 0.000 0.125
0.025 0.000 0.122
0.024 0.000 0.119
0.022 0.000 0.116
0.021 0.000 0.114
0.020 -0.001 0.111
0.019 -0.001 0.109
0.017 -0.001 0.106
0.016 -0.001 0.104
0.015 -0.001 0.101
0.014 -0.001 0.099
0.012 -0.001 0.096
0.011 -0.001 0.094
0.010 -0.001 0.092
0.009 -0.001 0.090
0.008 -0.001 0.088
0.007 -0.001 0.085
0.006 -0.001 0.083
0.005 -0.001 0.081
0.004 -0.002 0.079
0.003 -0.002 0.078
0.002 -0.002 0.076
0.001 -0.002 0.074
0.001 -0.002 0.072
0.000 -0.002 0.071
-0.001 -0.002 0.069
-0.002 -0.002 0.067
-0.003 -0.002 0.066
-0.004 -0.003 0.064
-0.004 -0.003 0.062
-0.005 -0.003 0.061
-0.006 -0.003 0.059
-0.007 -0.003 0.058
-0.007 -0.003 0.056
-0.008 -0.003 0.055
-0.009 -0.003 0.054
-0.009 -0.003 0.052
-0.010 -0.003 0.051
-0.011 -0.004 0.050
-0.011 -0.004 0.048
-0.012 -0.004 0.047
-0.013 -0.004 0.046
-0.013 -0.004 0.044
-0.014 -0.004 0.043
-0.015 -0.004 0.042
-0.015 -0.004 0.041
-0.016 -0.004 0.039
-0.016 -0.004 0.038
-0.017 -0.004 0.037
-0.017 -0.004 0.036
-0.018 -0.004 0.035
-0.019 -0.004 0.034
-0.019 -0.004 0.033
-0.020 -0.004 0.032
-0.020 -0.004 0.031
-0.021 -0.005 0.030
-0.021 -0.005 0.029
-0.022 -0.005 0.028
-0.022 -0.005 0.027
-0.023 -0.005 0.025
-0.023 -0.005 0.025
-0.024 -0.005 0.024
-0.024 -0.005 0.023
-0.024 -0.005 0.022
-0.025 -0.005 0.021
-0.025 -0.005 0.020
-0.026 -0.005 0.019
-0.026 -0.005 0.018
-0.027 -0.006 0.017
-0.027 -0.006 0.017
-0.027 -0.006 0.016
-0.028 -0.006 0.015
-0.028 -0.006 0.014
-0.029 -0.006 0.013
-0.029 -0.006 0.013
-0.029 -0.006 0.012
-0.030 -0.006 0.011
-0.030 -0.006 0.010
-0.031 -0.006 0.009
-0.031 -0.006 0.008
-0.031 -0.006 0.008
-0.032 -0.006 0.007
-0.032 -0.006 0.006
-0.033 -0.006 0.005
-0.033 -0.006 0.004
-0.033 -0.006 0.004
-0.034 -0.006 0.003
-0.034 -0.006 0.002
-0.034 -0.006 0.002
-0.035 -0.006 0.001
-0.035 -0.006 0.000
-0.036 -0.006 -0.001
-0.036 -0.006 -0.001
-0.036 -0.006 -0.002
-0.036 -0.006 -0.003
-0.037 -0.006 -0.003
-0.037 -0.006 -0.004
-0.037 -0.006 -0.005
-0.038 -0.006 -0.005
-0.038 -0.006 -0.006
-0.038 -0.006 -0.006
-0.039 -0.006 -0.007
-0.039 -0.006 -0.008
-0.039 -0.006 -0.008
-0.040 -0.005 -0.009
-0.040 -0.006 -0.010
-0.040 -0.006 -0.010
-0.041 -0.006 -0.011
-0.041 -0.006 -0.011
-0.041 -0.006 -0.012
-0.041 -0.005 -0.013
-0.042 -0.005 -0.013
-0.042 -0.005 -0.014
-0.042 -0.005 -0.015
-0.043 -0.005 -0.015
-0.043 -0.005 -0.016
-0.043 -0.005 -0.016
-0.044 -0.004 -0.017
-0.044 -0.004 -0.018
-0.044 -0.004 -0.019
-0.045 -0.003 -0.019
-0.045 -0.003 -0.020
-0.045 -0.002 -0.021
-0.046 -0.001 -0.022
-0.044 -0.008 -0.018
0.186 0.226 0.440
0.187 0.224 0.441
0.186 0.222 0.440
0.186 0.219 0.439
0.185 0.217 0.439
0.185 0.215 0.439
0.185 0.213 0.439
0.185 0.210 0.438
0.185 0.208 0.438
0.185 0.206 0.438
0.184 0.203 0.437
0.184 0.201 0.437
0.184 0.199 0.437
0.184 0.196 0.436
0.183 0.194 0.436
0.183 0.192 0.436
0.183 0.189 0.435
0.183 0.187 0.435
0.182 0.184 0.435
0.182 0.182 0.434
0.182 0.180 0.434
0.182 0.177 0.433
0.181 0.175 0.433
0.181 0.172 0.433
0.181 0.170 0.433
0.181 0.168 0.432
0.181 0.165 0.432
0.181 0.163 0.432
0.180 0.160 0.431
0.180 0.158 0.431
0.180 0.156 0.431
0.180 0.153 0.430
0.180 0.151 0.431
0.179 0.148 0.430
0.179 0.146 0.430
0.178 0.143 0.429
0.178 0.141 0.428
0.178 0.138 0.428
0.177 0.136 0.427
0.178 0.134 0.429
0.180 0.131 0.433
0.150 0.124 0.372
0.071 0.111 0.210
0.070 0.109 0.208
0.069 0.108 0.208
0.070 0.106 0.209
0.069 0.105 0.208
0.069 0.104 0.208
0.069 0.102 0.208
0.069 0.101 0.209
0.070 0.099 0.209
0.070 0.098 0.210
0.070 0.096 0.210
0.070 0.095 0.210
0.070 0.093 0.210
0.070 0.092 0.210
0.070 0.090 0.210
0.070 0.089 0.210
0.070 0.087 0.211
0.070 0.086 0.211
0.070 0.084 0.211
0.070 0.083 0.211
0.070 0.081 0.211
0.070 0.080 0.211
0.070 0.078 0.211
0.070 0.077 0.211
0.070 0.075 0.211
0.070 0.074 0.211
0.070 0.072 0.211
0.069 0.071 0.210
0.070 0.069 0.211
0.069 0.068 0.210
0.069 0.066 0.210
0.069 0.064 0.210
0.069 0.063 0.211
0.069 0.061 0.210
0.069 0.060 0.210
0.069 0.058 0.210
0.069 0.057 0.210
0.069 0.055 0.210
0.069 0.053 0.210
0.069 0.052 0.210
0.069 0.050 0.210
0.068 0.049 0.209
0.068 0.047 0.209
0.068 0.045 0.209
0.068 0.044 0.209
0.068 0.042 0.209
0.068 0.041 0.209
0.068 0.039 0.208
0.067 0.037 0.208
0.067 0.036 0.208
0.067 0.034 0.208
0.067 0.032 0.208
0.067 0.031 0.208
0.067 0.029 0.208
0.067 0.027 0.208
0.067 0.026 0.208
0.067 0.024 0.207
0.067 0.022 0.207
0.066 0.021 0.207
0.066 0.019 0.206
0.066 0.018 0.206
0.065 0.016 0.205
0.065 0.014 0.205
0.065 0.013 0.204
0.065 0.011 0.204
0.064 0.010 0.202
0.063 0.009 0.200
0.061 0.008 0.197
0.060 0.007 0.194
0.058 0.007 0.190
0.057 0.006 0.188
0.056 0.005 0.186
0.055 0.003 0.185
0.054 0.002 0.183
0.053 0.002 0.180
0.051 0.001 0.176
0.049 0.001 0.172
0.046 0.001 0.167
0.044 0.001 0.163
0.043 0.001 0.159
0.041 0.001 0.156
0.039 0.001 0.152
0.037 0.001 0.149
0.035 0.001 0.145
0.034 0.000 0.141
0.032 0.000 0.138
0.030 0.000 0.135
0.029 0.000 0.131
0.027 0.000 0.128
0.026 0.000 0.125
0.024 0.000 0.122
0.023 0.000 0.120
0.022 0.000 0.117
0.020 0.000 0.114
0.019 0.000 0.111
0.018 -0.001 0.109
0.017 -0.001 0.106
0.015 -0.001 0.104
0.014 -0.001 0.101
0.013 -0.001 0.099
0.012 -0.001 0.097
0.011 -0.001 0.094
0.009 -0.001 0.092
0.008 -0.001 0.090
0.007 -0.001 0.088
0.006 -0.001 0.086
0.005 -0.001 0.084
0.004 -0.001 0.082
0.003 -0.001 0.080
0.003 -0.002 0.078
0.002 -0.002 0.076
0.001 -0.002 0.074
0.000 -0.002 0.073
-0.001 -0.002 0.071
-0.002 -0.002 0.069
-0.002 -0.002 0.068
-0.003 -0.002 0.066
-0.004 -0.002 0.064
-0.005 -0.003 0.063
-0.006 -0.003 0.061
-0.006 -0.003 0.060
-0.007 -0.003 0.058
-0.008 -0.003 0.057
-0.009 -0.003 0.055
-0.009 -0.003 0.054
-0.010 -0.003 0.052
-0.010 -0.003 0.051
-0.011 -0.003 0.050
-0.012 -0.004 0.049
-0.012 -0.004 0.047
-0.013 -0.004 0.046
-0.014 -0.004 0.045
-0.014 -0.004 0.043
-0.015 -0.004 0.042
-0.016 -0.004 0.041
-0.016 -0.004 0.039
-0.017 -0.004 0.038
-0.017 -0.004 0.037
-0.018 -0.004 0.036
-0.018 -0.004 0.035
-0.019 -0.004 0.034
-0.020 -0.004 0.033
-0.020 -0.004 0.032
-0.021 -0.004 0.031
-0.021 -0.004 0.030
-0.022 -0.005 0.029
-0.022 -0.005 0.028
-0.023 -0.005 0.027
-0.023 -0.005 0.026
-0.023 -0.005 0.025
-0.024 -0.005 0.024
-0.024 -0.005 0.023
-0.025 -0.005 0.022
-0.025 -0.005 0.021
-0.026 -0.005 0.020
-0.026 -0.005 0.019
-0.027 -0.005 0.018
-0.027 -0.005 0.018
-0.027 -0.005 0.017
-0.028 -0.006 0.016
-0.028 -0.006 0.015
-0.029 -0.006 0.014
-0.029 -0.006 0.013
-0.029 -0.006 0.013
-0.030 -0.006 0.012
-0.030 -0.006 0.011
-0.031 -0.006 0.010
-0.031 -0.006 0.009
-0.032 -0.006 0.008
-0.032 -0.006 0.008
-0.032 -0.006 0.007
-0.033 -0.006 0.006
-0.033 -0.006 0.005
-0.033 -0.006 0.005
-0.034 -0.006 0.004
-0.034 -0.006 0.003
-0.034 -0.006 0.002
-0.035 -0.006 0.002
-0.035 -0.006 0.001
-0.035 -0.006 0.000
-0.036 -0.006 0.000
-0.036 -0.006 -0.001
-0.036 -0.006 -0.002
-0.037 -0.006 -0.002
-0.037 -0.006 -0.003
-0.037 -0.006 -0.004
-0.038 -0.006 -0.004
-0.038 -0.006 -0.005
-0.038 -0.006 -0.005
-0.039 -0.006 -0.006
-0.039 -0.006 -0.007
-0.039 -0.006 -0.008
-0.040 -0.006 -0.008
-0.040 -0.005 -0.009
-0.040 -0.006 -0.010
-0.041 -0.006 -0.010
-0.041 -0.006 -0.011
-0.041 -0.006 -0.011
-0.041 -0.006 -0.012
-0.042 -0.005 -0.012
-0.042 -0.005 -0.013
-0.042 -0.005 -0.014
-0.043 -0.005 -0.014
-0.043 -0.005 -0.015
-0.043 -0.005 -0.015
-0.044 -0.005 -0.016
-0.044 -0.004 -0.017
-0.044 -0.004 -0.018
-0.045 -0.004 -0.018
-0.045 -0.003 -0.019
-0.045 -0.003 -0.020
-0.046 -0.002 -0.021
-0.046 -0.001 -0.022
-0.044 -0.008 -0.018
0.185 0.226 0.441
0.185 0.224 0.442
0.185 0.222 0.441
0.185 0.219 0.440
0.184 0.217 0.440
0.184 0.215 0.440
0.184 0.213 0.440
0.184 0.210 0.440
0.184 0.208 0.439
0.183 0.206 0.439
0.183 0.203 0.438
0.183 0.201 0.438
0.183 0.199 0.438
0.182 0.196 0.438
0.182 0.194 0.437
0.182 0.192 0.437
0.182 0.189 0.437
0.182 0.187 0.436
0.181 0.184 0.436
0.181 0.182 0.436
0.181 0.180 0.435
0.180 0.177 0.435
0.180 0.175 0.434
0.180 0.172 0.434
0.180 0.170 0.434
0.180 0.168 0.433
0.180 0.165 0.434
0.179 0.163 0.433
0.179 0.160 0.433
0.179 0.158 0.433
0.179 0.156 0.432
0.178 0.153 0.432
0.178 0.151 0.432
0.178 0.148 0.432
0.178 0.146 0.431
0.177 0.143 0.430
0.177 0.141 0.429
0.177 0.138 0.429
0.176 0.136 0.428
0.177 0.134 0.430
0.181 0.132 0.438
0.134 0.122 0.341
0.070 0.111 0.211
0.069 0.109 0.210
0.069 0.108 0.209
0.069 0.106 0.210
0.069 0.105 0.209
0.068 0.103 0.208
0.069 0.102 0.209
0.069 0.101 0.209
0.069 0.099 0.210
0.069 0.098 0.210
0.069 0.096 0.211
0.069 0.095 0.211
0.069 0.093 0.211
0.069 0.092 0.211
0.069 0.090 0.211
0.069 0.089 0.211
0.069 0.087 0.211
0.069 0.086 0.211
0.069 0.084 0.211
0.069 0.083 0.211
0.069 0.081 0.211
0.069 0.080 0.211
0.069 0.078 0.211
0.069 0.077 0.211
0.069 0.075 0.211
0.069 0.074 0.211
0.069 0.072 0.211
0.069 0.071 0.211
0.069 0.069 0.211
0.069 0.068 0.211
0.069 0.066 0.211
0.069 0.064 0.211
0.068 0.063 0.211
0.068 0.061 0.211
0.068 0.060 0.211
0.068 0.058 0.211
0.068 0.057 0.211
0.068 0.055 0.211
0.068 0.053 0.210
0.068 0.052 0.210
0.068 0.050 0.210
0.067 0.049 0.210
0.067 0.047 0.210
0.067 0.045 0.210
0.067 0.044 0.209
0.067 0.042 0.209
0.067 0.041 0.209
0.067 0.039 0.209
0.067 0.037 0.209
0.067 0.036 0.209
0.066 0.034 0.209
0.066 0.032 0.209
0.066 0.031 0.209
0.066 0.029 0.209
0.066 0.027 0.209
0.066 0.026 0.208
0.066 0.024 0.208
0.066 0.022 0.208
0.066 0.021 0.208
0.065 0.019 0.207
0.065 0.018 0.207
0.065 0.016 0.206
0.064 0.014 0.205
0.064 0.013 0.205
0.064 0.011 0.204
0.063 0.010 0.203
0.062 0.009 0.201
0.060 0.008 0.198
0.059 0.007 0.194
0.057 0.007 0.191
0.056 0.006 0.188
0.055 0.005 0.187
0.054 0.003 0.185
0.053 0.002 0.183
0.052 0.002 0.181
0.050 0.001 0.177
0.048 0.001 0.172
0.046 0.001 0.168
0.044 0.001 0.164
0.042 0.001 0.160
0.040 0.001 0.156
0.038 0.001 0.152
0.036 0.001 0.149
0.035 0.000 0.145
0.033 0.001 0.141
0.031 0.000 0.138
0.030 0.000 0.135
0.028 0.000 0.132
0.027 0.000 0.129
0.025 0.000 0.126
0.024 0.000 0.123
0.022 0.000 0.120
0.021 0.000 0.117
0.020 0.000 0.114
0.018 0.000 0.112
0.017 -0.001 0.109
0.016 -0.001 0.107
0.015 -0.001 0.104
0.013 -0.001 0.101
0.012 -0.001 0.099
0.011 -0.001 0.097
0.010 -0.001 0.094
0.009 -0.001 0.092
0.008 -0.001 0.090
0.007 -0.001 0.088
0.006 -0.001 0.086
0.005 -0.001 0.084
0.004 -0.001 0.082
0.003 -0.001 0.080
0.002 -0.002 0.078
0.001 -0.002 0.076
0.000 -0.002 0.075
-0.001 -0.002 0.073
-0.001 -0.002 0.071
-0.002 -0.002 0.069
-0.003 -0.002 0.068
-0.004 -0.002 0.066
-0.005 -0.002 0.064
-0.005 -0.002 0.063
-0.006 -0.002 0.061
-0.007 -0.003 0.060
-0.008 -0.003 0.058
-0.008 -0.003 0.057
-0.009 -0.003 0.055
-0.010 -0.003 0.054
-0.010 -0.003 0.053
-0.011 -0.003 0.051
-0.012 -0.003 0.050
-0.012 -0.003 0.049
-0.013 -0.003 0.047
-0.014 -0.003 0.046
-0.014 -0.003 0.045
-0.015 -0.004 0.043
-0.015 -0.004 0.042
-0.016 -0.004 0.041
-0.017 -0.004 0.040
-0.017 -0.004 0.039
-0.018 -0.004 0.037
-0.018 -0.004 0.036
-0.019 -0.004 0.035
-0.019 -0.004 0.034
-0.020 -0.004 0.033
-0.021 -0.004 0.032
-0.021 -0.004 0.031
-0.022 -0.004 0.030
-0.022 -0.005 0.029
-0.022 -0.005 0.028
-0.023 -0.005 0.027
-0.023 -0.005 0.026
-0.024 -0.005 0.025
-0.024 -0.005 0.024
-0.025 -0.005 0.023
-0.025 -0.005 0.022
-0.026 -0.005 0.021
-0.026 -0.005 0.020
-0.027 -0.005 0.019
-0.027 -0.005 0.019
-0.027 -0.005 0.018
-0.028 -0.005 0.017
-0.028 -0.005 0.016
-0.029 -0.006 0.015
-0.029 -0.006 0.014
-0.029 -0.006 0.014
-0.030 -0.006 0.013
-0.030 -0.006 0.012
-0.031 -0.006 0.011
-0.031 -0.006 0.010
-0.031 -0.006 0.010
-0.032 -0.006 0.009
-0.032 -0.006 0.008
-0.033 -0.006 0.007
-0.033 -0.006 0.006
-0.033 -0.006 0.005
-0.034 -0.006 0.005
-0.034 -0.006 0.004
-0.034 -0.006 0.003
-0.035 -0.006 0.003
-0.035 -0.006 0.002
-0.035 -0.006 0.001
-0.036 -0.006 0.001
-0.036 -0.006 0.000
-0.036 -0.006 -0.001
-0.037 -0.006 -0.001
-0.037 -0.006 -0.002
-0.037 -0.006 -0.003
-0.038 -0.006 -0.003
-0.038 -0.006 -0.004
-0.038 -0.006 -0.005
-0.039 -0.006 -0.005
-0.039 -0.006 -0.006
-0.039 -0.006 -0.007
-0.040 -0.006 -0.007
-0.040 -0.005 -0.008
-0.040 -0.006 -0.009
-0.041 -0.006 -0.009
-0.041 -0.006 -0.010
-0.041 -0.006 -0.010
-0.041 -0.006 -0.011
-0.042 -0.006 -0.011
-0.042 -0.006 -0.012
-0.042 -0.005 -0.013
-0.043 -0.005 -0.014
-0.043 -0.005 -0.014
-0.043 -0.005 -0.015
-0.043 -0.005 -0.015
-0.044 -0.005 -0.016
-0.044 -0.004 -0.017
-0.045 -0.004 -0.018
-0.045 -0.004 -0.018
-0.045 -0.003 -0.019
-0.045 -0.003 -0.019
-0.046 -0.002 -0.021
-0.047 -0.001 -0.022
-0.045 -0.008 -0.018
0.184 0.226 0.442
0.184 0.224 0.443
0.184 0.222 0.443
0.183 0.220 0.442
0.183 0.217 0.441
0.183 0.215 0.441
0.183 0.213 0.441
0.183 0.210 0.441
0.182 0.208 0.440
0.182 0.206 0.440
0.182 0.203 0.440
0.182 0.201 0.439
0.181 0.199 0.439
0.181 0.196 0.439
0.181 0.194 0.438
0.181 0.192 0.438
0.181 0.189 0.438
0.180 0.187 0.437
0.180 0.184 0.437
0.180 0.182 0.437
0.180 0.180 0.436
0.179 0.177 0.436
0.179 0.175 0.436
0.179 0.172 0.435
0.179 0.170 0.435
0.179 0.168 0.435
0.178 0.165 0.434
0.178 0.163 0.435
0.178 0.160 0.434
0.178 0.158 0.434
0.177 0.156 0.433
0.177 0.153 0.433
0.177 0.151 0.433
0.177 0.148 0.433
0.177 0.146 0.432
0.176 0.143 0.431
0.175 0.141 0.430
0.175 0.138 0.430
0.175 0.136 0.429
0.176 0.134 0.432
0.180 0.132 0.441
0.141 0.123 0.360
0.072 0.111 0.217
0.069 0.109 0.211
0.068 0.108 0.210
0.069 0.106 0.211
0.068 0.105 0.209
0.068 0.103 0.209
0.068 0.102 0.209
0.068 0.101 0.210
0.068 0.099 0.210
0.068 0.098 0.211
0.068 0.096 0.211
0.069 0.095 0.212
0.069 0.093 0.212
0.069 0.092 0.212
0.068 0.090 0.212
0.068 0.089 0.212
0.068 0.087 0.212
0.068 0.086 0.212
0.069 0.084 0.212
0.069 0.083 0.212
0.069 0.081 0.212
0.068 0.080 0.212
0.068 0.078 0.212
0.068 0.077 0.212
0.068 0.075 0.212
0.068 0.074 0.212
0.068 0.072 0.212
0.068 0.071 0.211
0.068 0.069 0.211
0.068 0.068 0.211
0.068 0.066 0.211
0.068 0.064 0.212
0.068 0.063 0.212
0.068 0.061 0.211
0.067 0.060 0.211
0.067 0.058 0.211
0.067 0.057 0.211
0.067 0.055 0.211
0.067 0.053 0.211
0.067 0.052 0.211
0.067 0.050 0.211
0.067 0.049 0.210
0.067 0.047 0.210
0.067 0.045 0.210
0.066 0.044 0.210
0.066 0.042 0.210
0.066 0.041 0.210
0.066 0.039 0.210
0.066 0.037 0.210
0.066 0.036 0.209
0.066 0.034 0.209
0.066 0.032 0.209
0.066 0.031 0.210
0.066 0.029 0.210
0.066 0.027 0.210
0.066 0.026 0.210
0.065 0.024 0.209
0.065 0.022 0.209
0.065 0.021 0.209
0.065 0.019 0.208
0.064 0.018 0.207
0.064 0.016 0.207
0.064 0.014 0.206
0.063 0.013 0.206
0.063 0.011 0.205
0.062 0.010 0.204
0.061 0.009 0.201
0.059 0.008 0.198
0.058 0.007 0.194
0.056 0.007 0.191
0.055 0.006 0.189
0.054 0.005 0.187
0.053 0.003 0.186
0.052 0.002 0.184
0.051 0.002 0.181
0.049 0.001 0.177
0.047 0.001 0.173
0.045 0.001 0.168
0.043 0.001 0.164
0.041 0.001 0.160
0.039 0.001 0.157
0.037 0.001 0.153
0.036 0.001 0.149
0.034 0.001 0.146
0.032 0.001 0.142
0.031 0.000 0.139
0.029 0.000 0.135
0.027 0.000 0.132
0.026 0.000 0.129
0.024 0.000 0.126
0.023 0.000 0.123
0.022 0.000 0.120
0.020 0.000 0.117
0.019 0.000 0.115
0.018 0.000 0.112
0.016 0.000 0.109
0.015 -0.001 0.107
0.014 -0.001 0.104
0.013 -0.001 0.102
0.012 -0.001 0.099
0.010 -0.001 0.097
0.009 -0.001 0.095
0.008 -0.001 0.092
0.007 -0.001 0.090
0.006 -0.001 0.088
0.005 -0.001 0.086
0.004 -0.001 0.084
0.003 -0.001 0.082
0.002 -0.002 0.080
0.001 -0.002 0.078
0.001 -0.002 0.076
0.000 -0.002 0.075
-0.001 -0.002 0.073
-0.002 -0.002 0.071
-0.003 -0.002 0.070
-0.004 -0.002 0.068
-0.004 -0.002 0.066
-0.005 -0.002 0.065
-0.006 -0.002 0.063
-0.007 -0.002 0.061
-0.007 -0.003 0.060
-0.008 -0.003 0.059
-0.009 -0.003 0.057
-0.010 -0.003 0.056
-0.010 -0.003 0.054
-0.011 -0.003 0.053
-0.012 -0.003 0.051
-0.012 -0.003 0.050
-0.013 -0.003 0.049
-0.014 -0.003 0.047
-0.014 -0.003 0.046
-0.015 -0.003 0.045
-0.015 -0.004 0.044
-0.016 -0.004 0.042
-0.017 -0.004 0.041
-0.017 -0.004 0.040
-0.018 -0.004 0.039
-0.018 -0.004 0.038
-0.019 -0.004 0.036
-0.019 -0.004 0.035
-0.020 -0.004 0.034
-0.021 -0.004 0.033
-0.021 -0.004 0.032
-0.022 -0.004 0.031
-0.022 -0.004 0.030
-0.022 -0.004 0.029
-0.023 -0.004 0.028
-0.023 -0.005 0.027
-0.024 -0.005 0.026
-0.024 -0.005 0.025
-0.025 -0.005 0.024
-0.025 -0.005 0.023
-0.026 -0.005 0.022
-0.026 -0.005 0.022
-0.027 -0.005 0.021
-0.027 -0.005 0.020
-0.027 -0.005 0.019
-0.028 -0.005 0.018
-0.028 -0.005 0.017
-0.029 -0.005 0.016
-0.029 -0.006 0.015
-0.029 -0.006 0.015
-0.030 -0.006 0.014
-0.030 -0.006 0.013
-0.031 -0.006 0.012
-0.031 -0.006 0.012
-0.031 -0.006 0.011
-0.032 -0.006 0.010
-0.032 -0.006 0.009
-0.033 -0.006 0.008
-0.033 -0.006 0.008
-0.033 -0.006 0.006
-0.034 -0.006 0.006
-0.034 -0.006 0.005
-0.034 -0.006 0.004
-0.035 -0.006 0.003
-0.035 -0.006 0.003
-0.035 -0.006 0.002
-0.036 -0.006 0.001
-0.036 -0.006 0.001
-0.036 -0.006 0.000
-0.037 -0.006 -0.001
-0.037 -0.006 -0.001
-0.037 -0.006 -0.002
-0.038 -0.006 -0.003
-0.038 -0.006 -0.003
-0.038 -0.006 -0.004
-0.039 -0.006 -0.004
-0.039 -0.006 -0.005
-0.039 -0.006 -0.006
-0.040 -0.006 -0.007
-0.040 -0.005 -0.007
-0.040 -0.005 -0.008
-0.041 -0.006 -0.009
-0.041 -0.006 -0.009
-0.041 -0.006 -0.009
-0.041 -0.006 -0.010
-0.042 -0.006 -0.011
-0.042 -0.006 -0.011
-0.042 -0.006 -0.012
-0.043 -0.005 -0.013
-0.043 -0.005 -0.013
-0.043 -0.005 -0.014
-0.043 -0.005 -0.014
-0.044 -0.005 -0.015
-0.044 -0.005 -0.016
-0.044 -0.004 -0.017
-0.045 -0.004 -0.017
-0.045 -0.004 -0.018
-0.045 -0.003 -0.019
-0.046 -0.003 -0.019
-0.046 -0.002 -0.020
-0.047 -0.001 -0.022
-0.045 -0.008 -0.017
0.183 0.226 0.444
0.183 0.224 0.444
0.183 0.222 0.444
0.182 0.220 0.443
0.182 0.217 0.442
0.182 0.215 0.442
0.182 0.213 0.442
0.181 0.210 0.442
0.181 0.208 0.442
0.181 0.206 0.441
0.181 0.203 0.441
0.180 0.201 0.440
0.180 0.199 0.440
0.180 0.196 0.440
0.180 0.194 0.439
0.180 0.191 0.439
0.179 0.189 0.439
0.179 0.187 0.439
0.179 0.184 0.438
0.179 0.182 0.438
0.178 0.180 0.437
0.178 0.177 0.437
0.178 0.175 0.437
0.178 0.172 0.436
0.177 0.170 0.436
0.177 0.168 0.436
0.177 0.165 0.436
0.177 0.163 0.436
0.177 0.160 0.436
0.177 0.158 0.435
0.176 0.156 0.435
0.176 0.153 0.434
0.176 0.151 0.434
0.176 0.148 0.434
0.175 0.146 0.433
0.175 0.143 0.432
0.175 0.141 0.432
0.175 0.138 0.432
0.173 0.136 0.430
0.175 0.134 0.434
0.180 0.132 0.444
0.158 0.126 0.399
0.072 0.111 0.219
0.068 0.109 0.212
0.068 0.108 0.211
0.068 0.106 0.211
0.067 0.105 0.210
0.067 0.103 0.209
0.067 0.102 0.210
0.067 0.101 0.211
0.067 0.099 0.211
0.067 0.098 0.211
0.068 0.096 0.212
0.068 0.095 0.212
0.068 0.093 0.212
0.068 0.092 0.212
0.068 0.090 0.212
0.068 0.089 0.212
0.067 0.087 0.212
0.068 0.086 0.212
0.068 0.084 0.212
0.068 0.083 0.212
0.068 0.081 0.212
0.068 0.080 0.212
0.067 0.078 0.212
0.067 0.077 0.212
0.067 0.075 0.212
0.067 0.074 0.212
0.067 0.072 0.212
0.067 0.071 0.212
0.067 0.069 0.212
0.067 0.068 0.212
0.067 0.066 0.212
0.067 0.064 0.212
0.067 0.063 0.212
0.067 0.061 0.212
0.067 0.060 0.212
0.067 0.058 0.212
0.067 0.056 0.212
0.066 0.055 0.212
0.066 0.053 0.212
0.066 0.052 0.211
0.066 0.050 0.211
0.066 0.049 0.211
0.066 0.047 0.211
0.066 0.045 0.211
0.065 0.044 0.211
0.065 0.042 0.210
0.065 0.041 0.210
0.065 0.039 0.210
0.065 0.037 0.210
0.065 0.036 0.210
0.065 0.034 0.210
0.065 0.032 0.210
0.065 0.030 0.211
0.065 0.029 0.211
0.065 0.027 0.211
0.065 0.025 0.211
0.065 0.024 0.210
0.064 0.022 0.210
0.064 0.021 0.209
0.064 0.019 0.209
0.063 0.017 0.208
0.063 0.016 0.208
0.063 0.014 0.207
0.063 0.013 0.207
0.062 0.011 0.205
0.061 0.010 0.204
0.060 0.009 0.201
0.058 0.008 0.198
0.056 0.008 0.194
0.055 0.007 0.191
0.054 0.006 0.189
0.053 0.005 0.187
0.052 0.004 0.186
0.052 0.002 0.184
0.050 0.002 0.182
0.048 0.001 0.178
0.046 0.001 0.173
0.044 0.001 0.168
0.042 0.001 0.164
0.040 0.001 0.161
0.038 0.001 0.157
0.037 0.001 0.153
0.035 0.001 0.149
0.033 0.001 0.146
0.031 0.001 0.142
0.030 0.000 0.139
0.028 0.000 0.135
0.027 0.000 0.132
0.025 0.000 0.129
0.024 0.000 0.126
0.022 0.000 0.123
0.021 0.000 0.120
0.020 0.000 0.117
0.018 0.000 0.115
0.017 0.000 0.112
0.016 0.000 0.110
0.014 0.000 0.107
0.013 0.000 0.104
0.012 -0.001 0.102
0.011 -0.001 0.099
0.010 -0.001 0.097
0.009 -0.001 0.095
0.008 -0.001 0.092
0.007 -0.001 0.090
0.006 -0.001 0.088
0.005 -0.001 0.086
0.004 -0.001 0.084
0.003 -0.001 0.082
0.002 -0.001 0.081
0.001 -0.002 0.079
0.000 -0.002 0.077
-0.001 -0.002 0.075
-0.002 -0.002 0.073
-0.003 -0.002 0.071
-0.003 -0.002 0.070
-0.004 -0.002 0.068
-0.005 -0.002 0.067
-0.006 -0.002 0.065
-0.006 -0.002 0.063
-0.007 -0.002 0.062
-0.008 -0.003 0.060
-0.009 -0.003 0.059
-0.009 -0.003 0.057
-0.010 -0.003 0.056
-0.011 -0.003 0.054
-0.011 -0.003 0.053
-0.012 -0.003 0.052
-0.013 -0.003 0.050
-0.013 -0.003 0.049
-0.014 -0.003 0.048
-0.015 -0.003 0.046
-0.015 -0.003 0.045
-0.016 -0.003 0.044
-0.016 -0.004 0.043
-0.017 -0.004 0.041
-0.018 -0.004 0.040
-0.018 -0.004 0.039
-0.019 -0.004 0.038
-0.019 -0.004 0.037
-0.020 -0.004 0.036
-0.020 -0.004 0.034
-0.021 -0.004 0.033
-0.021 -0.004 0.032
-0.022 -0.004 0.031
-0.022 -0.004 0.030
-0.023 -0.004 0.029
-0.023 -0.005 0.028
-0.024 -0.005 0.027
-0.024 -0.005 0.026
-0.025 -0.005 0.025
-0.025 -0.005 0.024
-0.026 -0.005 0.023
-0.026 -0.005 0.023
-0.027 -0.005 0.022
-0.027 -0.005 0.021
-0.027 -0.005 0.020
-0.028 -0.005 0.019
-0.028 -0.005 0.018
-0.029 -0.005 0.017
-0.029 -0.005 0.016
-0.030 -0.005 0.015
-0.030 -0.005 0.015
-0.030 -0.006 0.014
-0.031 -0.006 0.013
-0.031 -0.006 0.013
-0.031 -0.006 0.012
-0.032 -0.006 0.011
-0.032 -0.006 0.010
-0.033 -0.006 0.009
-0.033 -0.006 0.008
-0.033 -0.006 0.008
-0.034 -0.006 0.007
-0.034 -0.006 0.006
-0.034 -0.006 0.005
-0.035 -0.006 0.005
-0.035 -0.006 0.004
-0.035 -0.006 0.003
-0.036 -0.006 0.002
-0.036 -0.006 0.002
-0.036 -0.006 0.001
-0.037 -0.006 0.000
-0.037 -0.006 0.000
-0.037 -0.006 -0.001
-0.038 -0.006 -0.002
-0.038 -0.006 -0.002
-0.038 -0.006 -0.003
-0.039 -0.006 -0.004
-0.039 -0.006 -0.004
-0.039 -0.006 -0.005
-0.040 -0.006 -0.006
-0.040 -0.006 -0.006
-0.040 -0.006 -0.007
-0.041 -0.005 -0.008
-0.041 -0.006 -0.008
-0.041 -0.006 -0.009
-0.041 -0.006 -0.009
-0.042 -0.006 -0.010
-0.042 -0.006 -0.010
-0.042 -0.006 -0.011
-0.043 -0.006 -0.012
-0.043 -0.005 -0.013
-0.043 -0.005 -0.013
-0.043 -0.005 -0.014
-0.044 -0.005 -0.014
-0.044 -0.005 -0.015
-0.044 -0.005 -0.015
-0.045 -0.004 -0.016
-0.045 -0.004 -0.017
-0.045 -0.004 -0.018
-0.046 -0.003 -0.019
-0.046 -0.003 -0.019
-0.046 -0.002 -0.020
-0.047 -0.001 -0.022
-0.045 -0.009 -0.017
0.182 0.226 0.445
0.182 0.224 0.446
0.182 0.222 0.445
0.181 0.220 0.444
0.181 0.217 0.444
0.181 0.215 0.444
0.181 0.213 0.444
0.180 0.210 0.443
0.180 0.208 0.443
0.180 0.206 0.442
0.180 0.203 0.442
0.179 0.201 0.442
0.179 0.199 0.441
0.179 0.196 0.441
0.179 0.194 0.441
0.178 0.191 0.440
0.178 0.189 0.440
0.178 0.187 0.440
0.178 0.184 0.439
0.177 0.182 0.439
0.177 0.180 0.439
0.177 0.177 0.438
0.177 0.175 0.438
0.177 0.172 0.438
0.176 0.170 0.437
0.176 0.168 0.437
0.176 0.165 0.437
0.176 0.163 0.437
0.176 0.160 0.437
0.175 0.158 0.436
0.175 0.156 0.436
0.175 0.153 0.436
0.175 0.151 0.436
0.175 0.148 0.436
0.174 0.146 0.435
0.174 0.143 0.434
0.173 0.141 0.434
0.174 0.138 0.434
0.173 0.136 0.432
0.174 0.134 0.435
0.177 0.132 0.442
0.159 0.126 0.405
0.071 0.111 0.219
0.068 0.109 0.213
0.067 0.108 0.212
0.067 0.106 0.212
0.066 0.105 0.211
0.066 0.103 0.210
0.066 0.102 0.211
0.067 0.101 0.211
0.067 0.099 0.212
0.067 0.098 0.212
0.067 0.096 0.212
0.067 0.095 0.212
0.067 0.093 0.213
0.067 0.092 0.212
0.067 0.090 0.212
0.067 0.089 0.212
0.067 0.087 0.212
0.067 0.086 0.212
0.067 0.084 0.213
0.067 0.083 0.213
0.067 0.081 0.213
0.067 0.080 0.213
0.067 0.078 0.213
0.066 0.077 0.213
0.066 0.075 0.213
0.066 0.074 0.212
0.066 0.072 0.212
0.066 0.071 0.212
0.066 0.069 0.212
0.066 0.068 0.212
0.066 0.066 0.212
0.066 0.064 0.212
0.066 0.063 0.212
0.066 0.061 0.212
0.066 0.060 0.213
0.066 0.058 0.212
0.066 0.056 0.213
0.066 0.055 0.212
0.065 0.053 0.212
0.065 0.052 0.212
0.065 0.050 0.212
0.065 0.049 0.212
0.065 0.047 0.212
0.065 0.045 0.211
0.065 0.044 0.211
0.064 0.042 0.211
0.064 0.040 0.211
0.064 0.039 0.211
0.064 0.037 0.211
0.064 0.035 0.211
0.064 0.034 0.211
0.064 0.032 0.211
0.064 0.030 0.212
0.064 0.029 0.212
0.064 0.027 0.212
0.064 0.025 0.212
0.064 0.024 0.211
0.064 0.022 0.211
0.064 0.020 0.210
0.063 0.019 0.210
0.063 0.017 0.209
0.063 0.016 0.209
0.062 0.014 0.208
0.062 0.013 0.207
0.061 0.011 0.206
0.060 0.010 0.204
0.059 0.009 0.201
0.057 0.009 0.197
0.055 0.008 0.194
0.054 0.007 0.191
0.053 0.006 0.189
0.052 0.005 0.188
0.052 0.003 0.186
0.051 0.002 0.185
0.049 0.002 0.182
0.047 0.001 0.178
0.045 0.002 0.173
0.043 0.001 0.169
0.041 0.001 0.165
0.039 0.001 0.161
0.037 0.001 0.157
0.036 0.001 0.153
0.034 0.001 0.150
0.032 0.001 0.146
0.031 0.001 0.142
0.029 0.001 0.139
0.027 0.001 0.136
0.026 0.000 0.132
0.024 0.000 0.129
0.023 0.000 0.126
0.021 0.000 0.123
0.020 0.000 0.120
0.019 0.000 0.118
0.018 0.000 0.115
0.016 0.000 0.112
0.015 0.000 0.110
0.014 0.000 0.107
0.013 0.000 0.105
0.011 0.000 0.102
0.010 -0.001 0.100
0.009 -0.001 0.097
0.008 -0.001 0.095
0.007 -0.001 0.093
0.006 -0.001 0.091
0.005 -0.001 0.089
0.004 -0.001 0.087
0.003 -0.001 0.085
0.002 -0.001 0.083
0.001 -0.001 0.081
0.000 -0.002 0.079
-0.001 -0.002 0.077
-0.001 -0.002 0.075
-0.002 -0.002 0.073
-0.003 -0.002 0.072
-0.004 -0.002 0.070
-0.005 -0.002 0.068
-0.006 -0.002 0.067
-0.006 -0.002 0.065
-0.007 -0.002 0.064
-0.008 -0.002 0.062
-0.009 -0.002 0.060
-0.009 -0.003 0.059
-0.010 -0.003 0.057
-0.011 -0.003 0.056
-0.011 -0.003 0.055
-0.012 -0.003 0.053
-0.013 -0.003 0.052
-0.013 -0.003 0.050
-0.014 -0.003 0.049
-0.015 -0.003 0.048
-0.015 -0.003 0.046
-0.016 -0.003 0.045
-0.016 -0.003 0.044
-0.017 -0.003 0.043
-0.017 -0.004 0.042
-0.018 -0.004 0.040
-0.019 -0.004 0.039
-0.019 -0.004 0.038
-0.020 -0.004 0.037
-0.020 -0.004 0.036
-0.021 -0.004 0.035
-0.021 -0.004 0.034
-0.022 -0.004 0.032
-0.022 -0.004 0.031
-0.023 -0.004 0.030
-0.023 -0.004 0.029
-0.024 -0.004 0.028
-0.024 -0.005 0.027
-0.025 -0.005 0.026
-0.025 -0.005 0.025
-0.026 -0.005 0.024
-0.026 -0.005 0.024
-0.026 -0.005 0.023
-0.027 -0.005 0.022
-0.027 -0.005 0.021
-0.028 -0.005 0.020
-0.028 -0.005 0.019
-0.029 -0.005 0.018
-0.029 -0.005 0.017
-0.029 -0.005 0.016
-0.030 -0.005 0.016
-0.030 -0.005 0.015
-0.031 -0.006 0.014
-0.031 -0.006 0.013
-0.031 -0.006 0.013
-0.032 -0.006 0.012
-0.032 -0.006 0.011
-0.032 -0.006 0.010
-0.033 -0.006 0.009
-0.033 -0.006 0.009
-0.034 -0.006 0.008
-0.034 -0.006 0.007
-0.034 -0.005 0.006
-0.035 -0.006 0.005
-0.035 -0.006 0.005
-0.035 -0.006 0.004
-0.036 -0.006 0.003
-0.036 -0.006 0.002
-0.036 -0.006 0.002
-0.037 -0.006 0.001
-0.037 -0.006 0.000
-0.037 -0.006 0.000
-0.038 -0.006 -0.001
-0.038 -0.006 -0.001
-0.038 -0.006 -0.002
-0.039 -0.006 -0.003
-0.039 -0.006 -0.004
-0.039 -0.006 -0.004
-0.040 -0.006 -0.005
-0.040 -0.006 -0.006
-0.040 -0.006 -0.006
-0.041 -0.006 -0.007
-0.041 -0.006 -0.008
-0.041 -0.006 -0.008
-0.041 -0.006 -0.009
-0.042 -0.006 -0.009
-0.042 -0.006 -0.009
-0.042 -0.006 -0.010
-0.042 -0.006 -0.011
-0.043 -0.006 -0.012
-0.043 -0.005 -0.012
-0.043 -0.005 -0.013
-0.044 -0.005 -0.014
-0.044 -0.005 -0.014
-0.044 -0.005 -0.015
-0.045 -0.005 -0.015
-0.045 -0.004 -0.016
-0.045 -0.004 -0.017
-0.046 -0.004 -0.018
-0.046 -0.003 -0.018
-0.046 -0.003 -0.019
-0.047 -0.003 -0.020
-0.047 -0.001 -0.021
-0.045 -0.009 -0.017
0.180 0.226 0.446
0.181 0.224 0.447
0.180 0.222 0.446
0.180 0.220 0.445
0.180 0.217 0.445
0.180 0.215 0.445
0.179 0.213 0.445
0.179 0.210 0.444
0.179 0.208 0.444
0.179 0.206 0.444
0.178 0.203 0.443
0.178 0.201 0.443
0.178 0.199 0.443
0.178 0.196 0.442
0.177 0.194 0.442
0.177 0.192 0.442
0.177 0.189 0.441
0.177 0.187 0.441
0.177 0.184 0.441
0.176 0.182 0.440
0.176 0.180 0.440
0.176 0.177 0.439
0.175 0.175 0.439
0.175 0.172 0.439
0.175 0.170 0.439
0.175 0.168 0.439
0.175 0.165 0.438
0.175 0.163 0.438
0.174 0.160 0.438
0.174 0.158 0.438
0.174 0.156 0.437
0.174 0.153 0.437
0.174 0.151 0.437
0.174 0.148 0.437
0.173 0.146 0.436
0.173 0.143 0.435
0.173 0.141 0.436
0.173 0.138 0.436
0.172 0.136 0.434
0.173 0.134 0.436
0.175 0.132 0.442
0.159 0.127 0.408
0.070 0.111 0.219
0.067 0.109 0.214
0.066 0.108 0.213
0.067 0.106 0.213
0.066 0.105 0.211
0.065 0.103 0.211
0.066 0.102 0.211
0.066 0.101 0.212
0.066 0.099 0.212
0.066 0.098 0.213
0.066 0.096 0.213
0.066 0.095 0.213
0.066 0.093 0.213
0.066 0.092 0.213
0.066 0.090 0.213
0.066 0.089 0.213
0.066 0.087 0.213
0.066 0.086 0.213
0.066 0.084 0.213
0.066 0.083 0.213
0.066 0.081 0.213
0.066 0.080 0.213
0.066 0.078 0.213
0.066 0.077 0.213
0.065 0.075 0.213
0.065 0.074 0.213
0.065 0.072 0.213
0.065 0.071 0.212
0.065 0.069 0.212
0.065 0.068 0.212
0.065 0.066 0.213
0.065 0.064 0.213
0.065 0.063 0.213
0.065 0.061 0.213
0.065 0.060 0.213
0.065 0.058 0.213
0.065 0.056 0.213
0.065 0.055 0.213
0.065 0.053 0.213
0.064 0.052 0.212
0.064 0.050 0.212
0.064 0.048 0.212
0.064 0.047 0.212
0.064 0.045 0.212
0.064 0.044 0.212
0.064 0.042 0.212
0.064 0.040 0.212
0.064 0.039 0.212
0.064 0.037 0.212
0.064 0.035 0.212
0.064 0.034 0.212
0.064 0.032 0.212
0.064 0.030 0.213
0.064 0.029 0.213
0.064 0.027 0.213
0.064 0.025 0.213
0.063 0.023 0.213
0.063 0.022 0.212
0.063 0.020 0.211
0.063 0.019 0.211
0.062 0.017 0.210
0.062 0.015 0.210
0.062 0.014 0.209
0.061 0.012 0.208
0.060 0.011 0.207
0.059 0.010 0.205
0.058 0.009 0.201
0.056 0.009 0.197
0.054 0.008 0.194
0.053 0.007 0.192
0.052 0.006 0.190
0.051 0.005 0.188
0.051 0.003 0.187
0.050 0.002 0.185
0.048 0.002 0.182
0.046 0.002 0.178
0.044 0.002 0.173
0.042 0.001 0.169
0.040 0.001 0.165
0.038 0.001 0.161
0.037 0.001 0.157
0.035 0.001 0.153
0.033 0.001 0.150
0.031 0.001 0.146
0.030 0.001 0.143
0.028 0.001 0.139
0.026 0.001 0.136
0.025 0.000 0.133
0.024 0.000 0.130
0.022 0.000 0.127
0.021 0.000 0.124
0.019 0.000 0.121
0.018 0.000 0.118
0.017 0.000 0.115
0.016 0.000 0.113
0.014 0.000 0.110
0.013 0.000 0.107
0.012 0.000 0.105
0.011 0.000 0.102
0.010 0.000 0.100
0.008 -0.001 0.098
0.007 -0.001 0.095
0.006 -0.001 0.093
0.005 -0.001 0.091
0.004 -0.001 0.089
0.003 -0.001 0.087
0.002 -0.001 0.085
0.002 -0.001 0.083
0.001 -0.001 0.081
0.000 -0.001 0.079
-0.001 -0.002 0.077
-0.002 -0.002 0.076
-0.003 -0.002 0.074
-0.004 -0.002 0.072
-0.004 -0.002 0.070
-0.005 -0.002 0.068
-0.006 -0.002 0.067
-0.007 -0.002 0.065
-0.008 -0.002 0.064
-0.008 -0.002 0.062
-0.009 -0.002 0.061
-0.010 -0.002 0.059
-0.010 -0.002 0.058
-0.011 -0.003 0.056
-0.012 -0.003 0.055
-0.013 -0.003 0.053
-0.013 -0.003 0.052
-0.014 -0.003 0.051
-0.014 -0.003 0.049
-0.015 -0.003 0.048
-0.016 -0.003 0.047
-0.016 -0.003 0.045
-0.017 -0.003 0.044
-0.017 -0.003 0.043
-0.018 -0.004 0.042
-0.019 -0.004 0.041
-0.019 -0.004 0.039
-0.020 -0.004 0.038
-0.020 -0.004 0.037
-0.021 -0.004 0.036
-0.021 -0.004 0.035
-0.022 -0.004 0.034
-0.022 -0.004 0.033
-0.023 -0.004 0.032
-0.023 -0.004 0.030
-0.024 -0.004 0.030
-0.024 -0.004 0.029
-0.025 -0.005 0.028
-0.025 -0.005 0.027
-0.026 -0.005 0.026
-0.026 -0.005 0.025
-0.026 -0.005 0.024
-0.027 -0.005 0.023
-0.027 -0.005 0.022
-0.028 -0.005 0.021
-0.028 -0.005 0.020
-0.029 -0.005 0.019
-0.029 -0.005 0.018
-0.029 -0.005 0.017
-0.030 -0.005 0.017
-0.030 -0.005 0.016
-0.031 -0.005 0.015
-0.031 -0.005 0.014
-0.031 -0.005 0.013
-0.032 -0.005 0.013
-0.032 -0.006 0.012
-0.032 -0.006 0.011
-0.033 -0.006 0.010
-0.033 -0.006 0.010
-0.034 -0.006 0.009
-0.034 -0.006 0.008
-0.034 -0.005 0.007
-0.035 -0.005 0.006
-0.035 -0.006 0.005
-0.035 -0.006 0.005
-0.036 -0.006 0.004
-0.036 -0.006 0.003
-0.036 -0.006 0.003
-0.037 -0.006 0.002
-0.037 -0.006 0.001
-0.037 -0.006 0.001
-0.038 -0.006 0.000
-0.038 -0.006 -0.001
-0.038 -0.006 -0.001
-0.039 -0.006 -0.002
-0.039 -0.006 -0.003
-0.039 -0.006 -0.003
-0.040 -0.006 -0.004
-0.040 -0.006 -0.005
-0.040 -0.006 -0.005
-0.041 -0.006 -0.006
-0.041 -0.006 -0.007
-0.041 -0.006 -0.007
-0.041 -0.006 -0.008
-0.042 -0.006 -0.008
-0.042 -0.006 -0.009
-0.042 -0.006 -0.009
-0.042 -0.006 -0.010
-0.043 -0.006 -0.011
-0.043 -0.006 -0.011
-0.043 -0.005 -0.012
-0.044 -0.005 -0.013
-0.044 -0.005 -0.013
-0.044 -0.005 -0.014
-0.044 -0.005 -0.014
-0.045 -0.005 -0.015
-0.045 -0.004 -0.016
-0.046 -0.004 -0.017
-0.046 -0.004 -0.018
-0.046 -0.003 -0.018
-0.046 -0.003 -0.019
-0.047 -0.003 -0.020
-0.048 -0.001 -0.021
-0.046 -0.009 -0.016
0.179 0.226 0.447
0.180 0.224 0.448
0.179 0.222 0.447
0.179 0.220 0.447
0.179 0.217 0.446
0.178 0.215 0.446
0.178 0.213 0.446
0.178 0.210 0.445
0.178 0.208 0.445
0.177 0.206 0.445
0.177 0.203 0.445
0.177 0.201 0.444
0.177 0.199 0.444
0.176 0.196 0.443
0.176 0.194 0.443
0.176 0.191 0.443
0.176 0.189 0.442
0.175 0.187 0.442
0.175 0.184 0.442
0.175 0.182 0.441
0.175 0.180 0.441
0.175 0.177 0.441
0.174 0.175 0.440
0.174 0.172 0.440
0.174 0.170 0.440
0.174 0.168 0.439
0.174 0.165 0.440
0.173 0.163 0.439
0.173 0.160 0.440
0.173 0.158 0.439
0.173 0.156 0.438
0.172 0.153 0.438
0.172 0.151 0.438
0.172 0.148 0.438
0.172 0.146 0.438
0.171 0.143 0.436
0.171 0.141 0.437
0.172 0.139 0.438
0.171 0.136 0.436
0.172 0.134 0.438
0.175 0.132 0.445
0.154 0.126 0.401
0.068 0.111 0.217
0.067 0.109 0.215
0.066 0.108 0.213
0.066 0.106 0.214
0.065 0.105 0.212
0.065 0.103 0.211
0.065 0.102 0.212
0.065 0.101 0.213
0.065 0.099 0.213
0.065 0.098 0.213
0.065 0.096 0.214
0.065 0.095 0.214
0.065 0.093 0.214
0.065 0.092 0.214
0.065 0.090 0.214
0.065 0.089 0.213
0.065 0.087 0.213
0.065 0.086 0.213
0.065 0.084 0.213
0.065 0.083 0.214
0.065 0.081 0.214
0.065 0.080 0.214
0.065 0.078 0.213
0.065 0.077 0.213
0.065 0.075 0.213
0.064 0.074 0.213
0.064 0.072 0.213
0.064 0.071 0.213
0.064 0.069 0.213
0.064 0.068 0.213
0.064 0.066 0.213
0.064 0.064 0.213
0.064 0.063 0.213
0.064 0.061 0.213
0.064 0.060 0.213
0.064 0.058 0.213
0.064 0.056 0.213
0.064 0.055 0.213
0.064 0.053 0.213
0.064 0.052 0.213
0.063 0.050 0.213
0.063 0.048 0.213
0.063 0.047 0.213
0.063 0.045 0.213
0.063 0.044 0.213
0.063 0.042 0.213
0.063 0.040 0.213
0.063 0.039 0.213
0.063 0.037 0.213
0.063 0.035 0.213
0.063 0.034 0.213
0.063 0.032 0.213
0.063 0.030 0.213
0.063 0.028 0.213
0.063 0.027 0.214
0.063 0.025 0.214
0.063 0.023 0.213
0.062 0.022 0.213
0.062 0.020 0.212
0.062 0.019 0.212
0.062 0.017 0.211
0.061 0.015 0.211
0.061 0.014 0.210
0.060 0.012 0.209
0.060 0.011 0.208
0.058 0.010 0.205
0.057 0.009 0.202
0.055 0.009 0.198
0.053 0.008 0.195
0.052 0.007 0.193
0.052 0.006 0.191
0.051 0.005 0.189
0.050 0.003 0.188
0.049 0.002 0.186
0.047 0.002 0.182
0.045 0.002 0.178
0.043 0.002 0.173
0.041 0.002 0.169
0.039 0.001 0.165
0.038 0.001 0.161
0.036 0.001 0.157
0.034 0.001 0.154
0.032 0.001 0.150
0.031 0.001 0.146
0.029 0.001 0.143
0.027 0.001 0.140
0.026 0.001 0.136
0.024 0.001 0.133
0.023 0.000 0.130
0.021 0.000 0.127
0.020 0.000 0.124
0.019 0.000 0.121
0.017 0.000 0.118
0.016 0.000 0.115
0.015 0.000 0.113
0.014 0.000 0.110
0.012 0.000 0.108
0.011 0.000 0.105
0.010 0.000 0.103
0.009 0.000 0.100
0.008 -0.001 0.098
0.007 -0.001 0.096
0.006 -0.001 0.093
0.005 -0.001 0.091
0.004 -0.001 0.089
0.003 -0.001 0.087
0.002 -0.001 0.085
0.001 -0.001 0.083
0.000 -0.001 0.081
-0.001 -0.001 0.079
-0.002 -0.002 0.078
-0.003 -0.002 0.076
-0.003 -0.002 0.074
-0.004 -0.002 0.072
-0.005 -0.002 0.070
-0.006 -0.002 0.069
-0.007 -0.002 0.067
-0.007 -0.002 0.065
-0.008 -0.002 0.064
-0.009 -0.002 0.062
-0.010 -0.002 0.061
-0.010 -0.002 0.059
-0.011 -0.002 0.058
-0.012 -0.003 0.056
-0.012 -0.003 0.055
-0.013 -0.003 0.054
-0.014 -0.003 0.052
-0.014 -0.003 0.051
-0.015 -0.003 0.049
-0.016 -0.003 0.048
-0.016 -0.003 0.047
-0.017 -0.003 0.046
-0.017 -0.003 0.044
-0.018 -0.003 0.043
-0.018 -0.003 0.042
-0.019 -0.004 0.041
-0.020 -0.004 0.040
-0.020 -0.004 0.038
-0.021 -0.004 0.037
-0.021 -0.004 0.036
-0.022 -0.004 0.035
-0.022 -0.004 0.034
-0.023 -0.004 0.033
-0.023 -0.004 0.032
-0.024 -0.004 0.031
-0.024 -0.004 0.030
-0.025 -0.004 0.029
-0.025 -0.004 0.028
-0.026 -0.004 0.027
-0.026 -0.005 0.026
-0.026 -0.005 0.025
-0.027 -0.005 0.024
-0.027 -0.005 0.023
-0.028 -0.005 0.022
-0.028 -0.005 0.021
-0.029 -0.005 0.020
-0.029 -0.005 0.019
-0.029 -0.005 0.019
-0.030 -0.005 0.018
-0.030 -0.005 0.017
-0.031 -0.005 0.016
-0.031 -0.005 0.015
-0.031 -0.005 0.014
-0.032 -0.005 0.013
-0.032 -0.005 0.013
-0.032 -0.006 0.012
-0.033 -0.006 0.011
-0.033 -0.006 0.010
-0.034 -0.006 0.010
-0.034 -0.006 0.009
-0.034 -0.005 0.008
-0.035 -0.006 0.007
-0.035 -0.005 0.006
-0.035 -0.006 0.006
-0.036 -0.006 0.005
-0.036 -0.006 0.004
-0.036 -0.006 0.004
-0.037 -0.006 0.003
-0.037 -0.006 0.002
-0.037 -0.006 0.002
-0.038 -0.006 0.001
-0.038 -0.006 0.000
-0.038 -0.006 -0.001
-0.039 -0.006 -0.001
-0.039 -0.006 -0.002
-0.039 -0.006 -0.003
-0.040 -0.006 -0.003
-0.040 -0.006 -0.004
-0.040 -0.006 -0.004
-0.041 -0.006 -0.005
-0.041 -0.006 -0.006
-0.041 -0.006 -0.006
-0.041 -0.006 -0.007
-0.042 -0.006 -0.008
-0.042 -0.006 -0.008
-0.042 -0.006 -0.009
-0.042 -0.006 -0.009
-0.043 -0.006 -0.010
-0.043 -0.006 -0.010
-0.043 -0.006 -0.011
-0.044 -0.005 -0.012
-0.044 -0.005 -0.013
-0.044 -0.005 -0.013
-0.044 -0.005 -0.014
-0.045 -0.005 -0.014
-0.045 -0.005 -0.015
-0.046 -0.004 -0.016
-0.046 -0.004 -0.017
-0.046 -0.003 -0.018
-0.047 -0.003 -0.018
-0.047 -0.003 -0.019
-0.047 -0.002 -0.020
-0.048 -0.001 -0.021
-0.046 -0.009 -0.016
0.178 0.226 0.448
0.178 0.224 0.449
0.178 0.222 0.448
0.178 0.220 0.448
0.177 0.217 0.447
0.177 0.215 0.447
0.177 0.213 0.447
0.177 0.210 0.447
0.176 0.208 0.446
0.176 0.206 0.446
0.176 0.203 0.446
0.176 0.201 0.445
0.175 0.199 0.445
0.175 0.196 0.444
0.175 0.194 0.444
0.175 0.192 0.444
0.175 0.189 0.444
0.174 0.187 0.443
0.174 0.184 0.443
0.174 0.182 0.443
0.174 0.180 0.442
0.173 0.177 0.442
0.173 0.175 0.442
0.173 0.172 0.442
0.173 0.170 0.441
0.172 0.168 0.441
0.172 0.165 0.441
0.172 0.163 0.441
0.172 0.160 0.440
0.172 0.158 0.440
0.172 0.156 0.440
0.171 0.153 0.440
0.171 0.151 0.439
0.171 0.148 0.439
0.171 0.146 0.439
0.170 0.143 0.438
0.170 0.141 0.438
0.171 0.139 0.440
0.170 0.136 0.438
0.171 0.134 0.440
0.176 0.132 0.450
0.144 0.124 0.383
0.067 0.111 0.218
0.066 0.109 0.215
0.065 0.108 0.214
0.065 0.106 0.214
0.064 0.105 0.212
0.064 0.103 0.212
0.064 0.102 0.213
0.064 0.101 0.213
0.064 0.099 0.214
0.065 0.098 0.214
0.065 0.096 0.214
0.065 0.095 0.214
0.064 0.093 0.214
0.064 0.092 0.214
0.064 0.090 0.214
0.064 0.089 0.214
0.064 0.087 0.214
0.064 0.086 0.214
0.064 0.084 0.214
0.064 0.083 0.214
0.064 0.081 0.214
0.064 0.080 0.214
0.064 0.078 0.214
0.064 0.077 0.214
0.064 0.075 0.214
0.064 0.074 0.214
0.063 0.072 0.213
0.063 0.071 0.213
0.063 0.069 0.213
0.063 0.068 0.213
0.063 0.066 0.213
0.063 0.064 0.213
0.063 0.063 0.213
0.063 0.061 0.213
0.063 0.060 0.213
0.063 0.058 0.213
0.063 0.056 0.213
0.063 0.055 0.213
0.063 0.053 0.214
0.063 0.052 0.214
0.063 0.050 0.213
0.063 0.048 0.214
0.062 0.047 0.213
0.062 0.045 0.213
0.062 0.044 0.213
0.062 0.042 0.213
0.062 0.040 0.213
0.062 0.039 0.213
0.062 0.037 0.213
0.062 0.035 0.214
0.062 0.034 0.214
0.062 0.032 0.214
0.062 0.030 0.214
0.062 0.028 0.214
0.062 0.027 0.214
0.062 0.025 0.214
0.062 0.023 0.214
0.062 0.022 0.213
0.061 0.020 0.213
0.061 0.018 0.213
0.061 0.017 0.213
0.061 0.015 0.212
0.060 0.014 0.212
0.060 0.012 0.211
0.059 0.011 0.208
0.058 0.010 0.206
0.056 0.009 0.201
0.054 0.009 0.198
0.053 0.008 0.196
0.052 0.007 0.194
0.051 0.005 0.192
0.050 0.004 0.191
0.049 0.003 0.189
0.048 0.002 0.186
0.047 0.002 0.183
0.044 0.002 0.178
0.042 0.002 0.174
0.040 0.002 0.169
0.038 0.002 0.165
0.037 0.001 0.161
0.035 0.001 0.158
0.033 0.001 0.154
0.031 0.001 0.150
0.030 0.001 0.147
0.028 0.001 0.143
0.027 0.001 0.140
0.025 0.001 0.136
0.024 0.001 0.133
0.022 0.001 0.130
0.021 0.000 0.127
0.019 0.000 0.124
0.018 0.000 0.121
0.017 0.000 0.119
0.015 0.000 0.116
0.014 0.000 0.113
0.013 0.000 0.111
0.012 0.000 0.108
0.011 0.000 0.105
0.009 0.000 0.103
0.008 0.000 0.101
0.007 0.000 0.098
0.006 -0.001 0.096
0.005 -0.001 0.094
0.004 -0.001 0.091
0.003 -0.001 0.089
0.002 -0.001 0.087
0.001 -0.001 0.085
0.000 -0.001 0.083
-0.001 -0.001 0.081
-0.001 -0.001 0.080
-0.002 -0.001 0.078
-0.003 -0.002 0.076
-0.004 -0.002 0.074
-0.005 -0.002 0.073
-0.006 -0.002 0.071
-0.006 -0.002 0.069
-0.007 -0.002 0.067
-0.008 -0.002 0.066
-0.009 -0.002 0.064
-0.009 -0.002 0.063
-0.010 -0.002 0.061
-0.011 -0.002 0.060
-0.011 -0.002 0.058
-0.012 -0.003 0.057
-0.013 -0.003 0.055
-0.013 -0.003 0.054
-0.014 -0.003 0.052
-0.015 -0.003 0.051
-0.015 -0.003 0.050
-0.016 -0.003 0.048
-0.017 -0.003 0.047
-0.017 -0.003 0.046
-0.018 -0.003 0.045
-0.018 -0.003 0.043
-0.019 -0.003 0.042
-0.019 -0.004 0.041
-0.020 -0.004 0.040
-0.021 -0.004 0.039
-0.021 -0.004 0.037
-0.022 -0.004 0.036
-0.022 -0.004 0.035
-0.023 -0.004 0.034
-0.023 -0.004 0.033
-0.024 -0.004 0.032
-0.024 -0.004 0.031
-0.025 -0.004 0.030
-0.025 -0.004 0.029
-0.026 -0.004 0.028
-0.026 -0.004 0.027
-0.026 -0.004 0.026
-0.027 -0.005 0.025
-0.027 -0.005 0.024
-0.028 -0.005 0.023
-0.028 -0.005 0.022
-0.029 -0.005 0.021
-0.029 -0.005 0.020
-0.029 -0.005 0.020
-0.030 -0.005 0.019
-0.030 -0.005 0.018
-0.031 -0.005 0.017
-0.031 -0.005 0.016
-0.032 -0.005 0.015
-0.032 -0.005 0.014
-0.032 -0.005 0.014
-0.033 -0.005 0.013
-0.033 -0.005 0.012
-0.033 -0.005 0.011
-0.034 -0.005 0.011
-0.034 -0.006 0.010
-0.034 -0.005 0.009
-0.035 -0.005 0.008
-0.035 -0.005 0.007
-0.035 -0.005 0.007
-0.036 -0.006 0.006
-0.036 -0.006 0.005
-0.036 -0.006 0.004
-0.037 -0.006 0.004
-0.037 -0.006 0.003
-0.038 -0.006 0.002
-0.038 -0.006 0.002
-0.038 -0.006 0.001
-0.038 -0.006 0.000
-0.039 -0.006 0.000
-0.039 -0.006 -0.001
-0.039 -0.006 -0.002
-0.040 -0.006 -0.002
-0.040 -0.006 -0.003
-0.040 -0.006 -0.004
-0.041 -0.006 -0.004
-0.041 -0.006 -0.005
-0.041 -0.006 -0.006
-0.041 -0.006 -0.006
-0.042 -0.006 -0.007
-0.042 -0.006 -0.008
-0.042 -0.006 -0.008
-0.043 -0.006 -0.009
-0.043 -0.006 -0.009
-0.043 -0.006 -0.010
-0.043 -0.006 -0.010
-0.044 -0.006 -0.011
-0.044 -0.005 -0.012
-0.044 -0.005 -0.013
-0.045 -0.005 -0.013
-0.045 -0.005 -0.013
-0.045 -0.005 -0.014
-0.045 -0.005 -0.015
-0.046 -0.004 -0.016
-0.046 -0.004 -0.017
-0.046 -0.004 -0.017
-0.047 -0.003 -0.018
-0.047 -0.003 -0.019
-0.047 -0.002 -0.020
-0.048 -0.001 -0.021
-0.046 -0.009 -0.016
0.177 0.227 0.449
0.177 0.224 0.450
0.177 0.222 0.450
0.176 0.220 0.449
0.176 0.217 0.448
0.176 0.215 0.449
0.176 0.213 0.448
0.176 0.210 0.448
0.175 0.208 0.447
0.175 0.206 0.447
0.175 0.203 0.447
0.174 0.201 0.446
0.174 0.199 0.446
0.174 0.196 0.445
0.174 0.194 0.445
0.173 0.191 0.445
0.173 0.189 0.445
0.173 0.187 0.444
0.173 0.184 0.444
0.173 0.182 0.444
0.172 0.180 0.443
0.172 0.177 0.443
0.172 0.175 0.443
0.172 0.172 0.442
0.171 0.170 0.442
0.171 0.168 0.442
0.171 0.165 0.442
0.171 0.163 0.442
0.171 0.160 0.442
0.170 0.158 0.441
0.170 0.155 0.441
0.170 0.153 0.441
0.170 0.151 0.441
0.170 0.148 0.440
0.169 0.146 0.440
0.169 0.143 0.439
0.169 0.141 0.439
0.169 0.138 0.440
0.168 0.136 0.439
0.170 0.134 0.442
0.176 0.132 0.456
0.141 0.124 0.379
0.065 0.111 0.216
0.065 0.109 0.215
0.064 0.108 0.214
0.064 0.106 0.214
0.063 0.105 0.213
0.063 0.103 0.212
0.063 0.102 0.213
0.063 0.100 0.214
0.064 0.099 0.214
0.064 0.098 0.214
0.064 0.096 0.215
0.064 0.095 0.215
0.064 0.093 0.215
0.064 0.092 0.215
0.064 0.090 0.215
0.063 0.089 0.215
0.063 0.087 0.214
0.063 0.086 0.214
0.063 0.084 0.214
0.063 0.083 0.214
0.063 0.081 0.215
0.063 0.080 0.215
0.063 0.078 0.215
0.063 0.077 0.215
0.063 0.075 0.214
0.063 0.074 0.214
0.062 0.072 0.214
0.062 0.071 0.213
0.062 0.069 0.213
0.062 0.067 0.213
0.062 0.066 0.213
0.062 0.064 0.213
0.062 0.063 0.214
0.062 0.061 0.214
0.062 0.060 0.214
0.062 0.058 0.214
0.062 0.056 0.214
0.062 0.055 0.214
0.062 0.053 0.214
0.062 0.052 0.214
0.062 0.050 0.214
0.062 0.048 0.215
0.062 0.047 0.215
0.062 0.045 0.215
0.062 0.043 0.214
0.062 0.042 0.214
0.062 0.040 0.214
0.061 0.039 0.214
0.061 0.037 0.214
0.061 0.035 0.214
0.061 0.034 0.214
0.061 0.032 0.214
0.061 0.030 0.214
0.061 0.028 0.215
0.061 0.027 0.215
0.061 0.025 0.215
0.061 0.023 0.215
0.061 0.022 0.214
0.061 0.020 0.214
0.061 0.018 0.214
0.061 0.016 0.214
0.060 0.015 0.214
0.060 0.013 0.213
0.059 0.012 0.212
0.058 0.011 0.209
0.056 0.010 0.206
0.055 0.009 0.202
0.053 0.009 0.198
0.052 0.008 0.196
0.051 0.006 0.195
0.050 0.005 0.193
0.050 0.004 0.192
0.049 0.003 0.190
0.047 0.002 0.187
0.046 0.002 0.183
0.044 0.002 0.179
0.041 0.002 0.174
0.039 0.002 0.170
0.038 0.002 0.165
0.036 0.001 0.162
0.034 0.001 0.158
0.032 0.001 0.154
0.031 0.001 0.150
0.029 0.001 0.147
0.027 0.001 0.143
0.026 0.001 0.140
0.024 0.001 0.137
0.023 0.001 0.134
0.021 0.001 0.130
0.020 0.000 0.127
0.019 0.000 0.124
0.017 0.000 0.122
0.016 0.000 0.119
0.015 0.000 0.116
0.014 0.000 0.114
0.012 0.000 0.111
0.011 0.000 0.109
0.010 0.000 0.106
0.009 0.000 0.103
0.008 0.000 0.101
0.007 0.000 0.098
0.006 0.000 0.096
0.004 -0.001 0.094
0.004 -0.001 0.092
0.003 -0.001 0.090
0.002 -0.001 0.088
0.001 -0.001 0.086
0.000 -0.001 0.084
-0.001 -0.001 0.082
-0.002 -0.001 0.080
-0.003 -0.001 0.078
-0.004 -0.001 0.076
-0.004 -0.002 0.074
-0.005 -0.002 0.073
-0.006 -0.002 0.071
-0.007 -0.002 0.069
-0.008 -0.002 0.068
-0.008 -0.002 0.066
-0.009 -0.002 0.064
-0.010 -0.002 0.063
-0.011 -0.002 0.061
-0.011 -0.002 0.060
-0.012 -0.002 0.058
-0.013 -0.002 0.057
-0.013 -0.003 0.055
-0.014 -0.003 0.054
-0.015 -0.003 0.053
-0.015 -0.003 0.051
-0.016 -0.003 0.050
-0.016 -0.003 0.049
-0.017 -0.003 0.047
-0.018 -0.003 0.046
-0.018 -0.003 0.045
-0.019 -0.003 0.044
-0.019 -0.003 0.042
-0.020 -0.003 0.041
-0.020 -0.003 0.040
-0.021 -0.004 0.039
-0.021 -0.004 0.038
-0.022 -0.004 0.037
-0.023 -0.004 0.035
-0.023 -0.004 0.034
-0.024 -0.004 0.033
-0.024 -0.004 0.032
-0.025 -0.004 0.031
-0.025 -0.004 0.030
-0.026 -0.004 0.029
-0.026 -0.004 0.028
-0.026 -0.004 0.027
-0.027 -0.004 0.026
-0.027 -0.005 0.025
-0.028 -0.005 0.024
-0.028 -0.005 0.023
-0.029 -0.005 0.022
-0.029 -0.005 0.021
-0.029 -0.005 0.020
-0.030 -0.005 0.020
-0.030 -0.005 0.019
-0.031 -0.005 0.018
-0.031 -0.005 0.017
-0.032 -0.005 0.016
-0.032 -0.005 0.015
-0.032 -0.005 0.014
-0.033 -0.005 0.014
-0.033 -0.005 0.013
-0.033 -0.005 0.012
-0.034 -0.005 0.011
-0.034 -0.005 0.011
-0.034 -0.005 0.010
-0.035 -0.006 0.009
-0.035 -0.006 0.008
-0.035 -0.005 0.007
-0.036 -0.005 0.007
-0.036 -0.006 0.006
-0.036 -0.006 0.005
-0.037 -0.006 0.005
-0.037 -0.006 0.004
-0.037 -0.006 0.003
-0.038 -0.005 0.002
-0.038 -0.006 0.002
-0.038 -0.006 0.001
-0.039 -0.006 0.001
-0.039 -0.006 0.000
-0.039 -0.006 -0.001
-0.040 -0.006 -0.002
-0.040 -0.006 -0.002
-0.040 -0.006 -0.003
-0.041 -0.006 -0.003
-0.041 -0.006 -0.004
-0.041 -0.006 -0.005
-0.041 -0.006 -0.005
-0.042 -0.006 -0.006
-0.042 -0.006 -0.007
-0.042 -0.006 -0.007
-0.043 -0.006 -0.008
-0.043 -0.006 -0.009
-0.043 -0.006 -0.009
-0.043 -0.006 -0.009
-0.044 -0.006 -0.010
-0.044 -0.006 -0.011
-0.044 -0.005 -0.012
-0.045 -0.005 -0.012
-0.045 -0.005 -0.013
-0.045 -0.005 -0.013
-0.045 -0.005 -0.014
-0.046 -0.005 -0.015
-0.046 -0.004 -0.016
-0.046 -0.004 -0.017
-0.047 -0.004 -0.017
-0.047 -0.003 -0.018
-0.047 -0.003 -0.018
-0.048 -0.002 -0.019
-0.048 -0.001 -0.021
-0.047 -0.008 -0.016
0.176 0.227 0.451
0.176 0.224 0.451
0.176 0.222 0.451
0.175 0.220 0.450
0.175 0.217 0.449
0.175 0.215 0.450
0.175 0.213 0.449
0.174 0.210 0.449
0.174 0.208 0.449
0.174 0.206 0.448
0.173 0.203 0.448
0.173 0.201 0.447
0.173 0.199 0.447
0.173 0.196 0.447
0.172 0.194 0.446
0.172 0.191 0.446
0.172 0.189 0.446
0.172 0.187 0.445
0.172 0.184 0.445
0.171 0.182 0.445
0.171 0.180 0.445
0.171 0.177 0.445
0.171 0.175 0.444
0.170 0.172 0.443
0.170 0.170 0.443
0.170 0.168 0.443
0.170 0.165 0.443
0.170 0.163 0.443
0.170 0.160 0.443
0.169 0.158 0.443
0.169 0.155 0.442
0.169 0.153 0.442
0.169 0.151 0.442
0.168 0.148 0.441
0.168 0.146 0.441
0.167 0.143 0.440
0.167 0.141 0.440
0.168 0.138 0.441
0.167 0.136 0.440
0.169 0.134 0.444
0.176 0.132 0.460
0.130 0.122 0.359
0.062 0.110 0.212
0.064 0.109 0.215
0.063 0.108 0.214
0.063 0.106 0.215
0.063 0.105 0.214
0.062 0.103 0.213
0.063 0.102 0.214
0.063 0.100 0.214
0.063 0.099 0.215
0.063 0.098 0.215
0.063 0.096 0.215
0.063 0.095 0.215
0.063 0.093 0.215
0.063 0.092 0.215
0.063 0.090 0.215
0.063 0.089 0.215
0.063 0.087 0.215
0.062 0.086 0.215
0.062 0.084 0.215
0.062 0.083 0.215
0.062 0.081 0.215
0.062 0.080 0.215
0.062 0.078 0.215
0.062 0.077 0.215
0.062 0.075 0.215
0.062 0.074 0.215
0.062 0.072 0.215
0.062 0.071 0.214
0.061 0.069 0.214
0.061 0.067 0.214
0.061 0.066 0.214
0.061 0.064 0.214
0.061 0.063 0.214
0.061 0.061 0.215
0.061 0.060 0.215
0.061 0.058 0.215
0.062 0.056 0.215
0.061 0.055 0.215
0.061 0.053 0.216
0.061 0.051 0.215
0.061 0.050 0.215
0.061 0.048 0.216
0.061 0.047 0.216
0.061 0.045 0.216
0.061 0.043 0.216
0.061 0.042 0.216
0.061 0.040 0.215
0.061 0.038 0.215
0.061 0.037 0.215
0.061 0.035 0.215
0.061 0.033 0.215
0.061 0.032 0.215
0.061 0.030 0.216
0.061 0.028 0.216
0.061 0.026 0.216
0.061 0.025 0.216
0.061 0.023 0.216
0.061 0.021 0.216
0.061 0.020 0.216
0.061 0.018 0.216
0.060 0.016 0.216
0.060 0.014 0.216
0.060 0.013 0.215
0.059 0.012 0.213
0.057 0.011 0.210
0.055 0.010 0.205
0.054 0.010 0.202
0.052 0.009 0.199
0.051 0.008 0.197
0.051 0.006 0.196
0.050 0.005 0.194
0.049 0.004 0.193
0.048 0.003 0.190
0.047 0.002 0.187
0.045 0.002 0.183
0.043 0.002 0.179
0.041 0.002 0.174
0.039 0.002 0.170
0.037 0.002 0.166
0.035 0.002 0.162
0.033 0.001 0.158
0.031 0.001 0.154
0.030 0.001 0.151
0.028 0.001 0.147
0.027 0.001 0.144
0.025 0.001 0.140
0.024 0.001 0.137
0.022 0.001 0.134
0.021 0.001 0.131
0.019 0.000 0.128
0.018 0.000 0.125
0.017 0.000 0.122
0.015 0.000 0.119
0.014 0.000 0.117
0.013 0.000 0.114
0.012 0.000 0.111
0.011 0.000 0.109
0.009 0.000 0.106
0.008 0.000 0.104
0.007 0.000 0.101
0.006 0.000 0.099
0.005 -0.001 0.096
0.004 -0.001 0.094
0.003 -0.001 0.092
0.002 -0.001 0.090
0.001 -0.001 0.088
0.000 -0.001 0.086
-0.001 -0.001 0.084
-0.002 -0.001 0.082
-0.003 -0.001 0.080
-0.003 -0.001 0.078
-0.004 -0.001 0.076
-0.005 -0.001 0.075
-0.006 -0.002 0.073
-0.007 -0.002 0.071
-0.007 -0.002 0.070
-0.008 -0.002 0.068
-0.009 -0.002 0.066
-0.010 -0.002 0.064
-0.010 -0.002 0.063
-0.011 -0.002 0.061
-0.012 -0.002 0.060
-0.012 -0.002 0.059
-0.013 -0.002 0.057
-0.014 -0.003 0.056
-0.014 -0.003 0.054
-0.015 -0.003 0.053
-0.016 -0.003 0.052
-0.016 -0.003 0.050
-0.017 -0.003 0.049
-0.018 -0.003 0.048
-0.018 -0.003 0.046
-0.019 -0.003 0.045
-0.019 -0.003 0.044
-0.020 -0.003 0.043
-0.020 -0.004 0.042
-0.021 -0.004 0.040
-0.021 -0.004 0.039
-0.022 -0.004 0.038
-0.022 -0.004 0.037
-0.023 -0.004 0.036
-0.024 -0.004 0.034
-0.024 -0.004 0.033
-0.025 -0.004 0.032
-0.025 -0.004 0.031
-0.026 -0.004 0.030
-0.026 -0.004 0.029
-0.026 -0.004 0.028
-0.027 -0.004 0.027
-0.027 -0.004 0.026
-0.028 -0.004 0.025
-0.028 -0.005 0.025
-0.029 -0.005 0.024
-0.029 -0.005 0.023
-0.029 -0.005 0.022
-0.030 -0.005 0.021
-0.030 -0.005 0.020
-0.031 -0.005 0.019
-0.031 -0.005 0.018
-0.031 -0.005 0.017
-0.032 -0.005 0.016
-0.032 -0.005 0.015
-0.033 -0.005 0.014
-0.033 -0.005 0.014
-0.033 -0.005 0.013
-0.034 -0.005 0.012
-0.034 -0.005 0.011
-0.034 -0.005 0.011
-0.035 -0.005 0.010
-0.035 -0.005 0.009
-0.035 -0.005 0.008
-0.036 -0.005 0.008
-0.036 -0.005 0.007
-0.036 -0.006 0.006
-0.037 -0.006 0.006
-0.037 -0.006 0.005
-0.037 -0.006 0.004
-0.038 -0.005 0.003
-0.038 -0.005 0.002
-0.038 -0.006 0.002
-0.039 -0.006 0.001
-0.039 -0.006 0.001
-0.039 -0.006 0.000
-0.040 -0.006 -0.001
-0.040 -0.006 -0.001
-0.040 -0.006 -0.002
-0.041 -0.006 -0.003
-0.041 -0.006 -0.003
-0.041 -0.006 -0.004
-0.041 -0.006 -0.005
-0.042 -0.006 -0.005
-0.042 -0.006 -0.006
-0.042 -0.006 -0.006
-0.043 -0.006 -0.007
-0.043 -0.006 -0.008
-0.043 -0.006 -0.008
-0.043 -0.006 -0.009
-0.044 -0.006 -0.009
-0.044 -0.006 -0.010
-0.044 -0.005 -0.011
-0.045 -0.005 -0.012
-0.045 -0.005 -0.012
-0.045 -0.005 -0.013
-0.045 -0.005 -0.013
-0.046 -0.005 -0.014
-0.046 -0.005 -0.015
-0.046 -0.004 -0.016
-0.047 -0.004 -0.016
-0.047 -0.004 -0.017
-0.047 -0.003 -0.018
-0.047 -0.004 -0.018
-0.048 -0.002 -0.019
-0.049 -0.001 -0.021
-0.047 -0.008 -0.016
0.174 0.226 0.452
0.175 0.224 0.452
0.174 0.222 0.452
0.174 0.220 0.451
0.174 0.217 0.451
0.174 0.215 0.451
0.173 0.213 0.451
0.173 0.210 0.450
0.173 0.208 0.450
0.173 0.206 0.450
0.172 0.203 0.449
0.172 0.201 0.448
0.172 0.199 0.448
0.171 0.196 0.448
0.171 0.194 0.448
0.171 0.191 0.447
0.171 0.189 0.447
0.171 0.187 0.447
0.170 0.184 0.446
0.170 0.182 0.446
0.170 0.180 0.446
0.170 0.177 0.445
0.169 0.175 0.445
0.169 0.172 0.445
0.169 0.170 0.445
0.169 0.168 0.444
0.169 0.165 0.444
0.168 0.163 0.444
0.168 0.160 0.444
0.168 0.158 0.443
0.168 0.155 0.443
0.167 0.153 0.443
0.167 0.151 0.443
0.167 0.148 0.442
0.167 0.146 0.442
0.166 0.143 0.441
0.166 0.141 0.441
0.167 0.138 0.442
0.166 0.136 0.441
0.168 0.134 0.445
0.175 0.132 0.462
0.107 0.119 0.313
0.063 0.110 0.216
0.063 0.109 0.216
0.062 0.108 0.215
0.062 0.106 0.215
0.062 0.105 0.214
0.062 0.103 0.214
0.062 0.102 0.214
0.062 0.100 0.215
0.062 0.099 0.216
0.062 0.098 0.216
0.062 0.096 0.216
0.062 0.095 0.216
0.062 0.093 0.216
0.062 0.092 0.216
0.062 0.090 0.216
0.062 0.089 0.215
0.062 0.087 0.215
0.062 0.086 0.215
0.062 0.084 0.215
0.062 0.083 0.216
0.062 0.081 0.216
0.061 0.080 0.216
0.061 0.078 0.216
0.061 0.077 0.215
0.061 0.075 0.216
0.061 0.074 0.215
0.061 0.072 0.215
0.061 0.070 0.215
0.061 0.069 0.215
0.061 0.067 0.215
0.061 0.066 0.215
0.061 0.064 0.215
0.061 0.063 0.215
0.061 0.061 0.216
0.061 0.059 0.216
0.061 0.058 0.216
0.061 0.056 0.216
0.060 0.055 0.216
0.060 0.053 0.216
0.060 0.052 0.215
0.060 0.050 0.216
0.060 0.048 0.216
0.060 0.047 0.216
0.060 0.045 0.216
0.060 0.043 0.216
0.060 0.042 0.216
0.060 0.040 0.216
0.060 0.038 0.215
0.060 0.037 0.216
0.060 0.035 0.216
0.060 0.033 0.216
0.060 0.032 0.217
0.060 0.030 0.217
0.060 0.028 0.218
0.060 0.026 0.218
0.060 0.024 0.218
0.061 0.023 0.219
0.061 0.021 0.219
0.061 0.019 0.219
0.061 0.017 0.220
0.060 0.016 0.219
0.060 0.014 0.218
0.059 0.013 0.216
0.058 0.012 0.213
0.056 0.011 0.209
0.054 0.010 0.205
0.053 0.010 0.202
0.051 0.009 0.200
0.051 0.007 0.198
0.050 0.006 0.197
0.049 0.005 0.195
0.048 0.004 0.193
0.047 0.003 0.191
0.046 0.002 0.188
0.044 0.002 0.184
0.042 0.002 0.179
0.040 0.002 0.175
0.038 0.002 0.170
0.036 0.002 0.166
0.034 0.002 0.162
0.032 0.001 0.158
0.031 0.001 0.155
0.029 0.001 0.151
0.027 0.001 0.147
0.026 0.001 0.144
0.024 0.001 0.141
0.023 0.001 0.137
0.021 0.001 0.134
0.020 0.001 0.131
0.019 0.000 0.128
0.017 0.000 0.125
0.016 0.000 0.122
0.015 0.000 0.119
0.013 0.000 0.117
0.012 0.000 0.114
0.011 0.000 0.112
0.010 0.000 0.109
0.009 0.000 0.107
0.008 0.000 0.104
0.007 0.000 0.102
0.005 0.000 0.099
0.004 0.000 0.097
0.003 -0.001 0.095
0.002 -0.001 0.092
0.001 -0.001 0.090
0.000 -0.001 0.088
-0.001 -0.001 0.086
-0.001 -0.001 0.084
-0.002 -0.001 0.082
-0.003 -0.001 0.080
-0.004 -0.001 0.079
-0.005 -0.001 0.077
-0.006 -0.001 0.075
-0.006 -0.002 0.073
-0.007 -0.002 0.072
-0.008 -0.002 0.070
-0.009 -0.002 0.068
-0.009 -0.002 0.066
-0.010 -0.002 0.065
-0.011 -0.002 0.063
-0.012 -0.002 0.062
-0.012 -0.002 0.060
-0.013 -0.002 0.059
-0.014 -0.003 0.057
-0.014 -0.003 0.056
-0.015 -0.003 0.055
-0.016 -0.003 0.053
-0.016 -0.003 0.052
-0.017 -0.003 0.050
-0.017 -0.003 0.049
-0.018 -0.003 0.048
-0.019 -0.003 0.047
-0.019 -0.003 0.045
-0.020 -0.003 0.044
-0.020 -0.003 0.043
-0.021 -0.003 0.042
-0.021 -0.004 0.041
-0.022 -0.004 0.039
-0.022 -0.003 0.038
-0.023 -0.003 0.037
-0.023 -0.004 0.036
-0.024 -0.004 0.035
-0.024 -0.004 0.034
-0.025 -0.004 0.032
-0.025 -0.004 0.031
-0.026 -0.004 0.030
-0.026 -0.004 0.029
-0.027 -0.004 0.028
-0.027 -0.004 0.027
-0.028 -0.004 0.026
-0.028 -0.004 0.026
-0.029 -0.004 0.025
-0.029 -0.005 0.024
-0.029 -0.005 0.023
-0.030 -0.005 0.022
-0.030 -0.005 0.021
-0.031 -0.005 0.020
-0.031 -0.005 0.019
-0.031 -0.005 0.018
-0.032 -0.005 0.017
-0.032 -0.005 0.016
-0.033 -0.005 0.015
-0.033 -0.005 0.015
-0.033 -0.005 0.014
-0.034 -0.005 0.013
-0.034 -0.005 0.012
-0.035 -0.005 0.011
-0.035 -0.005 0.011
-0.035 -0.005 0.010
-0.035 -0.005 0.009
-0.036 -0.005 0.009
-0.036 -0.005 0.008
-0.037 -0.005 0.007
-0.037 -0.006 0.007
-0.037 -0.006 0.006
-0.037 -0.006 0.005
-0.038 -0.005 0.004
-0.038 -0.005 0.003
-0.039 -0.005 0.003
-0.039 -0.005 0.002
-0.039 -0.006 0.001
-0.039 -0.006 0.001
-0.040 -0.006 0.000
-0.040 -0.006 0.000
-0.040 -0.006 -0.001
-0.041 -0.006 -0.002
-0.041 -0.006 -0.002
-0.041 -0.006 -0.003
-0.041 -0.006 -0.004
-0.042 -0.006 -0.005
-0.042 -0.006 -0.005
-0.042 -0.006 -0.006
-0.043 -0.006 -0.006
-0.043 -0.006 -0.007
-0.043 -0.006 -0.008
-0.043 -0.006 -0.008
-0.044 -0.006 -0.009
-0.044 -0.006 -0.009
-0.044 -0.006 -0.010
-0.045 -0.005 -0.011
-0.045 -0.005 -0.011
-0.045 -0.005 -0.012
-0.045 -0.005 -0.013
-0.046 -0.005 -0.013
-0.046 -0.005 -0.014
-0.046 -0.004 -0.015
-0.047 -0.004 -0.016
-0.047 -0.004 -0.016
-0.047 -0.003 -0.017
-0.048 -0.003 -0.017
-0.048 -0.003 -0.018
-0.048 -0.002 -0.019
-0.049 -0.001 -0.021
-0.047 -0.008 -0.016
0.173 0.227 0.453
0.173 0.224 0.453
0.173 0.222 0.453
0.173 0.220 0.452
0.173 0.217 0.452
0.172 0.215 0.452
0.172 0.213 0.452
0.172 0.210 0.452
0.172 0.208 0.451
0.171 0.206 0.451
0.171 0.203 0.450
0.171 0.201 0.450
0.171 0.199 0.450
0.170 0.196 0.449
0.170 0.194 0.448
0.170 0.191 0.448
0.169 0.189 0.448
0.169 0.187 0.448
0.169 0.184 0.447
0.169 0.182 0.447
0.169 0.180 0.447
0.168 0.177 0.446
0.168 0.175 0.446
0.168 0.172 0.446
0.168 0.170 0.445
0.168 0.168 0.446
0.167 0.165 0.445
0.167 0.163 0.445
0.167 0.160 0.445
0.167 0.158 0.444
0.166 0.155 0.444
0.166 0.153 0.444
0.166 0.150 0.443
0.166 0.148 0.443
0.165 0.146 0.443
0.165 0.143 0.442
0.165 0.141 0.442
0.165 0.138 0.443
0.165 0.136 0.442
0.167 0.134 0.447
0.175 0.133 0.465
0.115 0.120 0.333
0.061 0.110 0.215
0.063 0.109 0.218
0.062 0.108 0.216
0.062 0.106 0.216
0.061 0.105 0.215
0.061 0.103 0.215
0.061 0.102 0.215
0.061 0.100 0.216
0.062 0.099 0.217
0.062 0.098 0.217
0.062 0.096 0.217
0.062 0.095 0.217
0.061 0.093 0.217
0.061 0.092 0.216
0.061 0.090 0.216
0.061 0.089 0.216
0.061 0.087 0.216
0.061 0.086 0.216
0.061 0.084 0.216
0.061 0.083 0.216
0.061 0.081 0.216
0.061 0.080 0.216
0.061 0.078 0.216
0.060 0.077 0.216
0.060 0.075 0.216
0.060 0.074 0.216
0.060 0.072 0.216
0.060 0.070 0.216
0.060 0.069 0.216
0.060 0.067 0.216
0.060 0.066 0.216
0.060 0.064 0.216
0.060 0.063 0.216
0.060 0.061 0.216
0.060 0.059 0.216
0.060 0.058 0.216
0.060 0.056 0.216
0.060 0.055 0.216
0.059 0.053 0.216
0.059 0.052 0.215
0.059 0.050 0.216
0.059 0.048 0.216
0.060 0.047 0.217
0.059 0.045 0.217
0.059 0.043 0.217
0.059 0.042 0.217
0.059 0.040 0.217
0.059 0.038 0.217
0.059 0.036 0.218
0.060 0.035 0.218
0.060 0.033 0.219
0.060 0.031 0.220
0.061 0.029 0.220
0.061 0.027 0.221
0.061 0.026 0.221
0.061 0.024 0.222
0.061 0.022 0.223
0.062 0.020 0.225
0.063 0.017 0.227
0.062 0.016 0.224
0.061 0.015 0.223
0.060 0.013 0.221
0.058 0.013 0.217
0.057 0.012 0.213
0.055 0.011 0.209
0.053 0.011 0.205
0.052 0.010 0.203
0.051 0.009 0.201
0.050 0.007 0.199
0.049 0.006 0.198
0.049 0.005 0.196
0.048 0.004 0.194
0.046 0.003 0.192
0.045 0.002 0.188
0.043 0.002 0.184
0.041 0.002 0.179
0.039 0.002 0.175
0.037 0.002 0.171
0.035 0.002 0.167
0.033 0.002 0.163
0.031 0.002 0.159
0.030 0.001 0.155
0.028 0.001 0.151
0.027 0.001 0.148
0.025 0.001 0.144
0.024 0.001 0.141
0.022 0.001 0.138
0.021 0.001 0.134
0.019 0.001 0.131
0.018 0.001 0.128
0.016 0.000 0.125
0.015 0.000 0.122
0.014 0.000 0.120
0.013 0.000 0.117
0.012 0.000 0.114
0.010 0.000 0.112
0.009 0.000 0.109
0.008 0.000 0.107
0.007 0.000 0.105
0.006 0.000 0.102
0.005 0.000 0.100
0.004 0.000 0.097
0.003 -0.001 0.095
0.002 -0.001 0.093
0.001 -0.001 0.091
0.000 -0.001 0.088
-0.001 -0.001 0.086
-0.002 -0.001 0.084
-0.003 -0.001 0.083
-0.004 -0.001 0.081
-0.005 -0.001 0.079
-0.005 -0.001 0.077
-0.006 -0.001 0.075
-0.007 -0.002 0.073
-0.008 -0.002 0.072
-0.008 -0.002 0.070
-0.009 -0.002 0.068
-0.010 -0.002 0.067
-0.011 -0.002 0.065
-0.011 -0.002 0.064
-0.012 -0.002 0.062
-0.013 -0.002 0.060
-0.013 -0.002 0.059
-0.014 -0.002 0.058
-0.015 -0.003 0.056
-0.015 -0.003 0.055
-0.016 -0.003 0.053
-0.017 -0.003 0.052
-0.017 -0.003 0.051
-0.018 -0.003 0.049
-0.018 -0.003 0.048
-0.019 -0.003 0.047
-0.020 -0.003 0.046
-0.020 -0.003 0.044
-0.021 -0.003 0.043
-0.021 -0.003 0.042
-0.022 -0.004 0.041
-0.022 -0.003 0.040
-0.023 -0.003 0.038
-0.023 -0.004 0.037
-0.024 -0.004 0.036
-0.024 -0.004 0.035
-0.025 -0.004 0.034
-0.025 -0.004 0.033
-0.026 -0.004 0.032
-0.026 -0.004 0.031
-0.027 -0.004 0.030
-0.027 -0.004 0.029
-0.028 -0.004 0.028
-0.028 -0.004 0.027
-0.029 -0.004 0.026
-0.029 -0.004 0.025
-0.029 -0.004 0.024
-0.030 -0.004 0.023
-0.030 -0.004 0.022
-0.031 -0.004 0.021
-0.031 -0.005 0.020
-0.031 -0.005 0.019
-0.032 -0.005 0.018
-0.032 -0.005 0.017
-0.033 -0.005 0.017
-0.033 -0.005 0.016
-0.033 -0.005 0.015
-0.034 -0.005 0.014
-0.034 -0.005 0.013
-0.035 -0.005 0.012
-0.035 -0.005 0.012
-0.035 -0.005 0.011
-0.036 -0.005 0.010
-0.036 -0.005 0.010
-0.036 -0.005 0.009
-0.037 -0.005 0.008
-0.037 -0.005 0.007
-0.037 -0.005 0.007
-0.037 -0.006 0.006
-0.038 -0.006 0.005
-0.038 -0.005 0.004
-0.039 -0.005 0.004
-0.039 -0.005 0.003
-0.039 -0.005 0.002
-0.039 -0.006 0.002
-0.040 -0.006 0.001
-0.040 -0.006 0.000
-0.040 -0.006 0.000
-0.041 -0.006 -0.001
-0.041 -0.006 -0.002
-0.041 -0.006 -0.002
-0.041 -0.006 -0.003
-0.042 -0.006 -0.004
-0.042 -0.006 -0.004
-0.042 -0.006 -0.005
-0.043 -0.006 -0.005
-0.043 -0.006 -0.006
-0.043 -0.006 -0.007
-0.044 -0.005 -0.008
-0.044 -0.005 -0.008
-0.044 -0.006 -0.009
-0.044 -0.006 -0.009
-0.044 -0.006 -0.010
-0.045 -0.005 -0.011
-0.045 -0.005 -0.011
-0.046 -0.005 -0.012
-0.046 -0.005 -0.012
-0.046 -0.005 -0.013
-0.046 -0.005 -0.014
-0.047 -0.004 -0.015
-0.047 -0.004 -0.015
-0.047 -0.003 -0.016
-0.048 -0.003 -0.017
-0.048 -0.003 -0.017
-0.048 -0.003 -0.018
-0.049 -0.002 -0.019
-0.049 0.000 -0.021
-0.047 -0.008 -0.016
0.172 0.227 0.454
0.172 0.224 0.455
0.172 0.222 0.455
0.172 0.220 0.454
0.171 0.217 0.453
0.171 0.215 0.453
0.171 0.213 0.453
0.171 0.210 0.453
0.170 0.208 0.452
0.170 0.206 0.452
0.170 0.203 0.451
0.170 0.201 0.451
0.169 0.199 0.450
0.169 0.196 0.450
0.169 0.194 0.450
0.169 0.191 0.450
0.168 0.189 0.449
0.168 0.187 0.449
0.168 0.184 0.449
0.168 0.182 0.448
0.167 0.180 0.448
0.167 0.177 0.448
0.167 0.175 0.448
0.167 0.172 0.447
0.166 0.170 0.447
0.166 0.168 0.447
0.166 0.165 0.446
0.166 0.163 0.446
0.165 0.160 0.446
0.165 0.158 0.445
0.165 0.155 0.445
0.165 0.153 0.445
0.165 0.150 0.445
0.164 0.148 0.444
0.164 0.146 0.444
0.164 0.143 0.443
0.164 0.141 0.443
0.164 0.138 0.444
0.163 0.136 0.443
0.164 0.133 0.446
0.171 0.132 0.461
0.119 0.121 0.345
0.061 0.110 0.216
0.062 0.109 0.218
0.061 0.108 0.217
0.061 0.106 0.218
0.061 0.105 0.217
0.061 0.103 0.216
0.061 0.102 0.216
0.061 0.100 0.217
0.061 0.099 0.218
0.061 0.097 0.218
0.061 0.096 0.218
0.061 0.095 0.217
0.061 0.093 0.217
0.061 0.092 0.217
0.060 0.090 0.217
0.060 0.089 0.217
0.060 0.087 0.217
0.060 0.086 0.216
0.060 0.084 0.216
0.060 0.083 0.216
0.060 0.081 0.216
0.060 0.080 0.216
0.059 0.078 0.216
0.060 0.077 0.216
0.060 0.075 0.216
0.060 0.073 0.217
0.060 0.072 0.217
0.059 0.070 0.217
0.059 0.069 0.216
0.059 0.067 0.216
0.059 0.066 0.216
0.059 0.064 0.216
0.059 0.063 0.216
0.059 0.061 0.216
0.059 0.059 0.217
0.059 0.058 0.217
0.059 0.056 0.217
0.059 0.055 0.217
0.059 0.053 0.217
0.059 0.051 0.217
0.059 0.050 0.217
0.059 0.048 0.218
0.059 0.046 0.219
0.060 0.045 0.219
0.060 0.043 0.220
0.060 0.041 0.220
0.060 0.039 0.220
0.060 0.038 0.221
0.060 0.036 0.222
0.060 0.034 0.222
0.060 0.032 0.223
0.061 0.030 0.224
0.061 0.029 0.224
0.060 0.027 0.223
0.061 0.025 0.224
0.062 0.023 0.227
0.063 0.020 0.230
0.066 0.017 0.237
0.066 0.015 0.237
0.065 0.014 0.234
0.063 0.013 0.229
0.060 0.013 0.224
0.058 0.012 0.219
0.056 0.012 0.213
0.053 0.012 0.209
0.052 0.011 0.205
0.051 0.010 0.203
0.050 0.008 0.202
0.050 0.007 0.201
0.049 0.006 0.199
0.048 0.004 0.198
0.047 0.004 0.195
0.046 0.003 0.192
0.044 0.002 0.189
0.042 0.002 0.184
0.040 0.002 0.180
0.038 0.002 0.175
0.036 0.002 0.171
0.034 0.002 0.167
0.032 0.002 0.163
0.031 0.002 0.159
0.029 0.001 0.155
0.027 0.001 0.152
0.026 0.001 0.148
0.024 0.001 0.145
0.023 0.001 0.141
0.021 0.001 0.138
0.020 0.001 0.135
0.018 0.001 0.132
0.017 0.001 0.129
0.016 0.000 0.126
0.014 0.000 0.123
0.013 0.000 0.120
0.012 0.000 0.117
0.011 0.000 0.115
0.010 0.000 0.112
0.009 0.000 0.110
0.008 0.000 0.107
0.006 0.000 0.105
0.005 0.000 0.102
0.004 0.000 0.100
0.003 -0.001 0.098
0.002 -0.001 0.095
0.001 -0.001 0.093
0.000 -0.001 0.091
-0.001 -0.001 0.088
-0.002 -0.001 0.087
-0.003 -0.001 0.085
-0.003 -0.001 0.083
-0.004 -0.001 0.081
-0.005 -0.001 0.079
-0.006 -0.001 0.077
-0.007 -0.001 0.075
-0.007 -0.002 0.074
-0.008 -0.002 0.072
-0.009 -0.002 0.070
-0.010 -0.002 0.069
-0.010 -0.002 0.067
-0.011 -0.002 0.065
-0.012 -0.002 0.064
-0.013 -0.002 0.062
-0.013 -0.002 0.061
-0.014 -0.002 0.059
-0.015 -0.002 0.058
-0.015 -0.002 0.056
-0.016 -0.003 0.055
-0.016 -0.003 0.054
-0.017 -0.003 0.052
-0.018 -0.003 0.051
-0.018 -0.003 0.050
-0.019 -0.003 0.048
-0.019 -0.003 0.047
-0.020 -0.003 0.046
-0.021 -0.003 0.045
-0.021 -0.003 0.043
-0.022 -0.003 0.042
-0.022 -0.003 0.041
-0.023 -0.003 0.040
-0.023 -0.004 0.039
-0.024 -0.003 0.037
-0.024 -0.004 0.036
-0.025 -0.004 0.035
-0.025 -0.004 0.034
-0.026 -0.004 0.033
-0.026 -0.004 0.032
-0.027 -0.004 0.031
-0.027 -0.004 0.030
-0.028 -0.004 0.029
-0.028 -0.004 0.028
-0.029 -0.004 0.027
-0.029 -0.004 0.026
-0.029 -0.004 0.025
-0.030 -0.004 0.024
-0.030 -0.004 0.023
-0.031 -0.004 0.022
-0.031 -0.004 0.021
-0.031 -0.005 0.020
-0.032 -0.005 0.019
-0.032 -0.005 0.019
-0.033 -0.005 0.018
-0.033 -0.005 0.017
-0.033 -0.005 0.016
-0.034 -0.005 0.015
-0.034 -0.005 0.014
-0.035 -0.005 0.013
-0.035 -0.005 0.013
-0.035 -0.005 0.012
-0.036 -0.005 0.011
-0.036 -0.005 0.010
-0.036 -0.005 0.010
-0.037 -0.005 0.009
-0.037 -0.005 0.008
-0.037 -0.005 0.007
-0.038 -0.005 0.007
-0.038 -0.005 0.006
-0.038 -0.006 0.005
-0.039 -0.005 0.004
-0.039 -0.005 0.004
-0.039 -0.005 0.003
-0.039 -0.005 0.002
-0.040 -0.006 0.002
-0.040 -0.006 0.001
-0.040 -0.006 0.001
-0.041 -0.006 0.000
-0.041 -0.006 -0.001
-0.041 -0.006 -0.002
-0.042 -0.006 -0.002
-0.042 -0.006 -0.003
-0.042 -0.006 -0.004
-0.042 -0.006 -0.004
-0.043 -0.006 -0.005
-0.043 -0.006 -0.005
-0.043 -0.006 -0.006
-0.044 -0.005 -0.007
-0.044 -0.005 -0.008
-0.044 -0.005 -0.008
-0.044 -0.005 -0.009
-0.045 -0.006 -0.009
-0.045 -0.006 -0.010
-0.045 -0.005 -0.010
-0.046 -0.005 -0.011
-0.046 -0.005 -0.012
-0.046 -0.005 -0.012
-0.046 -0.005 -0.013
-0.047 -0.005 -0.014
-0.047 -0.004 -0.015
-0.047 -0.003 -0.015
-0.048 -0.003 -0.016
-0.048 -0.003 -0.017
-0.048 -0.003 -0.017
-0.048 -0.003 -0.018
-0.049 -0.002 -0.019
-0.050 0.000 -0.021
-0.048 -0.008 -0.016
0.171 0.227 0.455
0.171 0.224 0.456
0.171 0.222 0.456
0.170 0.220 0.455
0.170 0.217 0.454
0.170 0.215 0.454
0.170 0.213 0.454
0.170 0.210 0.454
0.169 0.208 0.453
0.169 0.206 0.453
0.169 0.203 0.453
0.168 0.201 0.452
0.168 0.199 0.452
0.168 0.196 0.452
0.167 0.194 0.451
0.167 0.191 0.451
0.167 0.189 0.450
0.167 0.187 0.450
0.167 0.184 0.450
0.166 0.182 0.449
0.166 0.179 0.449
0.166 0.177 0.449
0.166 0.175 0.448
0.165 0.172 0.448
0.165 0.170 0.448
0.165 0.167 0.448
0.165 0.165 0.447
0.164 0.163 0.447
0.164 0.160 0.447
0.164 0.158 0.446
0.164 0.155 0.446
0.163 0.153 0.446
0.163 0.150 0.445
0.163 0.148 0.445
0.163 0.145 0.445
0.162 0.143 0.444
0.162 0.140 0.444
0.162 0.138 0.444
0.161 0.135 0.442
0.161 0.133 0.443
0.168 0.132 0.457
0.116 0.121 0.341
0.063 0.111 0.223
0.062 0.109 0.221
0.061 0.108 0.219
0.061 0.106 0.219
0.061 0.105 0.218
0.060 0.103 0.218
0.060 0.102 0.218
0.060 0.100 0.218
0.060 0.099 0.218
0.060 0.097 0.219
0.060 0.096 0.218
0.060 0.095 0.218
0.060 0.093 0.218
0.060 0.092 0.218
0.060 0.090 0.218
0.060 0.089 0.218
0.060 0.087 0.218
0.060 0.086 0.218
0.059 0.084 0.218
0.059 0.083 0.218
0.059 0.081 0.218
0.059 0.080 0.218
0.059 0.078 0.218
0.059 0.076 0.219
0.059 0.075 0.218
0.059 0.073 0.219
0.059 0.072 0.219
0.059 0.070 0.219
0.059 0.069 0.219
0.059 0.067 0.219
0.059 0.066 0.220
0.060 0.064 0.220
0.060 0.062 0.220
0.060 0.061 0.221
0.060 0.059 0.221
0.060 0.057 0.221
0.060 0.056 0.221
0.060 0.054 0.223
0.060 0.052 0.223
0.061 0.051 0.224
0.061 0.049 0.225
0.061 0.047 0.226
0.062 0.045 0.226
0.061 0.044 0.226
0.062 0.042 0.227
0.061 0.040 0.225
0.061 0.039 0.226
0.061 0.037 0.226
0.061 0.035 0.226
0.061 0.033 0.227
0.063 0.031 0.232
0.069 0.026 0.245
0.078 0.020 0.266
0.083 0.016 0.279
0.093 0.009 0.301
0.094 0.006 0.302
0.090 0.006 0.294
0.080 0.009 0.271
0.068 0.013 0.245
0.066 0.013 0.240
0.063 0.013 0.233
0.060 0.012 0.227
0.057 0.012 0.220
0.054 0.012 0.213
0.052 0.012 0.208
0.051 0.011 0.206
0.050 0.009 0.204
0.050 0.008 0.204
0.049 0.007 0.203
0.049 0.005 0.201
0.048 0.004 0.199
0.046 0.003 0.196
0.045 0.003 0.193
0.043 0.002 0.189
0.041 0.002 0.185
0.039 0.002 0.180
0.037 0.002 0.176
0.035 0.002 0.172
0.034 0.002 0.167
0.032 0.002 0.163
0.030 0.002 0.159
0.028 0.001 0.155
0.027 0.001 0.152
0.025 0.001 0.148
0.023 0.001 0.145
0.022 0.001 0.141
0.021 0.001 0.138
0.019 0.001 0.135
0.018 0.001 0.132
0.016 0.001 0.129
0.015 0.001 0.126
0.014 0.000 0.123
0.013 0.000 0.120
0.011 0.000 0.118
0.010 0.000 0.115
0.009 0.000 0.112
0.008 0.000 0.110
0.007 0.000 0.108
0.006 0.000 0.105
0.005 0.000 0.103
0.004 0.000 0.100
0.003 0.000 0.098
0.002 -0.001 0.095
0.001 -0.001 0.093
0.000 -0.001 0.091
-0.001 -0.001 0.089
-0.002 -0.001 0.087
-0.003 -0.001 0.085
-0.004 -0.001 0.083
-0.005 -0.001 0.081
-0.006 -0.001 0.079
-0.007 -0.001 0.077
-0.007 -0.001 0.076
-0.008 -0.001 0.074
-0.009 -0.002 0.072
-0.009 -0.002 0.071
-0.010 -0.002 0.069
-0.011 -0.002 0.067
-0.012 -0.002 0.066
-0.012 -0.002 0.064
-0.013 -0.002 0.062
-0.014 -0.002 0.061
-0.014 -0.002 0.059
-0.015 -0.002 0.058
-0.016 -0.002 0.057
-0.016 -0.003 0.055
-0.017 -0.003 0.054
-0.018 -0.003 0.053
-0.018 -0.003 0.051
-0.019 -0.003 0.050
-0.019 -0.003 0.049
-0.020 -0.003 0.047
-0.020 -0.003 0.046
-0.021 -0.003 0.045
-0.022 -0.003 0.044
-0.022 -0.003 0.042
-0.023 -0.003 0.041
-0.023 -0.003 0.040
-0.024 -0.004 0.039
-0.024 -0.003 0.038
-0.025 -0.004 0.036
-0.025 -0.004 0.035
-0.026 -0.004 0.034
-0.026 -0.004 0.033
-0.027 -0.004 0.032
-0.027 -0.004 0.031
-0.028 -0.004 0.030
-0.028 -0.004 0.029
-0.028 -0.004 0.028
-0.029 -0.004 0.027
-0.029 -0.004 0.026
-0.030 -0.004 0.025
-0.030 -0.004 0.024
-0.031 -0.004 0.023
-0.031 -0.004 0.022
-0.031 -0.005 0.022
-0.032 -0.004 0.021
-0.032 -0.005 0.020
-0.033 -0.005 0.019
-0.033 -0.005 0.018
-0.033 -0.005 0.017
-0.034 -0.005 0.016
-0.034 -0.005 0.015
-0.034 -0.005 0.014
-0.035 -0.005 0.014
-0.035 -0.005 0.013
-0.036 -0.005 0.012
-0.036 -0.005 0.011
-0.036 -0.005 0.011
-0.037 -0.005 0.010
-0.037 -0.005 0.009
-0.037 -0.005 0.008
-0.038 -0.005 0.008
-0.038 -0.005 0.007
-0.038 -0.005 0.006
-0.039 -0.005 0.006
-0.039 -0.005 0.005
-0.039 -0.005 0.004
-0.040 -0.005 0.003
-0.040 -0.005 0.002
-0.040 -0.006 0.002
-0.040 -0.006 0.001
-0.041 -0.006 0.001
-0.041 -0.006 0.000
-0.041 -0.006 -0.001
-0.042 -0.006 -0.001
-0.042 -0.006 -0.002
-0.042 -0.005 -0.003
-0.042 -0.006 -0.003
-0.043 -0.005 -0.004
-0.043 -0.006 -0.005
-0.043 -0.006 -0.005
-0.043 -0.006 -0.006
-0.044 -0.005 -0.007
-0.044 -0.005 -0.007
-0.044 -0.005 -0.008
-0.045 -0.005 -0.008
-0.045 -0.006 -0.009
-0.045 -0.006 -0.009
-0.045 -0.005 -0.010
-0.046 -0.005 -0.011
-0.046 -0.005 -0.012
-0.046 -0.005 -0.012
-0.047 -0.005 -0.013
-0.047 -0.005 -0.013
-0.047 -0.004 -0.014
-0.048 -0.004 -0.015
-0.048 -0.003 -0.016
-0.048 -0.003 -0.017
-0.048 -0.003 -0.017
-0.049 -0.003 -0.018
-0.049 -0.002 -0.019
-0.050 0.000 -0.021
-0.048 -0.008 -0.016
0.170 0.227 0.456
0.170 0.225 0.457
0.170 0.222 0.457
0.169 0.220 0.456
0.169 0.217 0.456
0.169 0.215 0.456
0.169 0.213 0.456
0.168 0.210 0.455
0.168 0.208 0.455
0.168 0.206 0.454
0.167 0.203 0.453
0.167 0.201 0.453
0.167 0.199 0.453
0.167 0.196 0.453
0.166 0.194 0.452
0.166 0.191 0.452
0.166 0.189 0.452
0.166 0.187 0.451
0.165 0.184 0.451
0.165 0.182 0.450
0.165 0.179 0.450
0.164 0.177 0.450
0.164 0.175 0.449
0.164 0.172 0.449
0.164 0.170 0.449
0.164 0.167 0.448
0.163 0.165 0.448
0.163 0.163 0.448
0.163 0.160 0.448
0.163 0.158 0.447
0.162 0.155 0.447
0.162 0.153 0.447
0.162 0.150 0.446
0.162 0.148 0.446
0.161 0.145 0.446
0.161 0.143 0.445
0.161 0.140 0.444
0.161 0.138 0.445
0.160 0.135 0.443
0.159 0.133 0.442
0.166 0.132 0.457
0.149 0.126 0.419
0.063 0.111 0.226
0.063 0.109 0.226
0.061 0.108 0.222
0.061 0.106 0.221
0.060 0.105 0.220
0.060 0.103 0.219
0.059 0.102 0.218
0.060 0.100 0.219
0.060 0.099 0.219
0.060 0.097 0.220
0.060 0.096 0.220
0.060 0.095 0.220
0.060 0.093 0.219
0.060 0.092 0.220
0.059 0.090 0.220
0.060 0.089 0.220
0.060 0.087 0.220
0.060 0.086 0.221
0.060 0.084 0.221
0.060 0.082 0.221
0.060 0.081 0.221
0.060 0.079 0.222
0.060 0.078 0.222
0.060 0.076 0.222
0.060 0.075 0.223
0.060 0.073 0.224
0.060 0.072 0.224
0.060 0.070 0.224
0.060 0.068 0.224
0.060 0.067 0.224
0.060 0.065 0.224
0.060 0.064 0.225
0.060 0.062 0.225
0.061 0.060 0.226
0.062 0.058 0.228
0.061 0.057 0.226
0.060 0.055 0.225
0.061 0.054 0.227
0.062 0.052 0.230
0.061 0.050 0.227
0.061 0.049 0.227
0.062 0.047 0.229
0.063 0.044 0.232
0.065 0.042 0.238
0.072 0.038 0.255
0.087 0.030 0.288
0.101 0.023 0.322
0.109 0.017 0.340
0.119 0.011 0.364
0.122 0.007 0.371
0.122 0.004 0.371
0.118 0.004 0.361
0.112 0.004 0.347
0.106 0.004 0.335
0.101 0.004 0.323
0.096 0.004 0.312
0.091 0.005 0.301
0.081 0.008 0.276
0.068 0.013 0.247
0.066 0.012 0.241
0.063 0.012 0.235
0.060 0.012 0.228
0.057 0.012 0.221
0.054 0.012 0.214
0.051 0.012 0.209
0.050 0.011 0.206
0.050 0.009 0.206
0.049 0.008 0.205
0.049 0.006 0.204
0.048 0.005 0.203
0.047 0.004 0.200
0.046 0.003 0.197
0.044 0.003 0.194
0.042 0.002 0.190
0.040 0.002 0.185
0.038 0.002 0.180
0.036 0.002 0.176
0.035 0.002 0.172
0.033 0.002 0.168
0.031 0.002 0.164
0.029 0.002 0.160
0.027 0.001 0.156
0.026 0.001 0.152
0.024 0.001 0.149
0.023 0.001 0.145
0.021 0.001 0.142
0.020 0.001 0.138
0.018 0.001 0.135
0.017 0.001 0.132
0.016 0.001 0.129
0.014 0.001 0.126
0.013 0.000 0.123
0.012 0.000 0.121
0.011 0.000 0.118
0.010 0.000 0.116
0.009 0.000 0.113
0.007 0.000 0.110
0.006 0.000 0.108
0.005 0.000 0.105
0.004 0.000 0.103
0.003 0.000 0.101
0.002 -0.001 0.098
0.001 -0.001 0.096
0.000 -0.001 0.094
-0.001 -0.001 0.091
-0.002 -0.001 0.089
-0.003 -0.001 0.087
-0.004 -0.001 0.085
-0.005 -0.001 0.083
-0.005 -0.001 0.081
-0.006 -0.001 0.079
-0.007 -0.001 0.078
-0.008 -0.001 0.076
-0.009 -0.001 0.074
-0.009 -0.002 0.072
-0.010 -0.002 0.071
-0.011 -0.002 0.069
-0.012 -0.002 0.068
-0.012 -0.002 0.066
-0.013 -0.002 0.064
-0.014 -0.002 0.063
-0.014 -0.002 0.061
-0.015 -0.002 0.060
-0.016 -0.002 0.058
-0.016 -0.002 0.057
-0.017 -0.003 0.056
-0.017 -0.003 0.054
-0.018 -0.003 0.053
-0.019 -0.003 0.052
-0.019 -0.003 0.050
-0.020 -0.003 0.049
-0.020 -0.003 0.048
-0.021 -0.003 0.046
-0.021 -0.003 0.045
-0.022 -0.003 0.044
-0.023 -0.003 0.043
-0.023 -0.003 0.041
-0.024 -0.003 0.040
-0.024 -0.003 0.039
-0.025 -0.003 0.038
-0.025 -0.003 0.037
-0.026 -0.004 0.036
-0.026 -0.004 0.034
-0.027 -0.004 0.033
-0.027 -0.004 0.032
-0.028 -0.004 0.031
-0.028 -0.004 0.030
-0.028 -0.004 0.029
-0.029 -0.004 0.028
-0.029 -0.004 0.027
-0.030 -0.004 0.026
-0.030 -0.004 0.025
-0.031 -0.004 0.024
-0.031 -0.004 0.023
-0.031 -0.004 0.023
-0.032 -0.004 0.022
-0.032 -0.005 0.021
-0.033 -0.005 0.020
-0.033 -0.005 0.019
-0.033 -0.005 0.018
-0.034 -0.005 0.017
-0.034 -0.005 0.016
-0.034 -0.005 0.015
-0.035 -0.005 0.015
-0.035 -0.005 0.014
-0.036 -0.005 0.013
-0.036 -0.005 0.012
-0.036 -0.005 0.012
-0.037 -0.005 0.011
-0.037 -0.005 0.010
-0.037 -0.005 0.009
-0.038 -0.005 0.009
-0.038 -0.005 0.008
-0.038 -0.005 0.007
-0.039 -0.005 0.006
-0.039 -0.005 0.006
-0.039 -0.005 0.005
-0.040 -0.005 0.004
-0.040 -0.005 0.003
-0.040 -0.005 0.003
-0.040 -0.005 0.002
-0.041 -0.005 0.001
-0.041 -0.006 0.001
-0.041 -0.006 0.000
-0.042 -0.006 -0.001
-0.042 -0.006 -0.001
-0.042 -0.005 -0.002
-0.043 -0.005 -0.003
-0.043 -0.005 -0.003
-0.043 -0.006 -0.004
-0.043 -0.006 -0.004
-0.043 -0.006 -0.005
-0.044 -0.006 -0.006
-0.044 -0.005 -0.006
-0.045 -0.005 -0.007
-0.045 -0.005 -0.008
-0.045 -0.005 -0.008
-0.045 -0.006 -0.009
-0.045 -0.006 -0.009
-0.046 -0.005 -0.010
-0.046 -0.005 -0.011
-0.046 -0.005 -0.011
-0.047 -0.005 -0.012
-0.047 -0.005 -0.012
-0.047 -0.005 -0.013
-0.047 -0.004 -0.014
-0.048 -0.004 -0.015
-0.048 -0.003 -0.016
-0.048 -0.003 -0.016
-0.049 -0.003 -0.017
-0.049 -0.003 -0.017
-0.049 -0.002 -0.019
-0.050 0.000 -0.021
-0.048 -0.008 -0.015
0.168 0.227 0.457
0.169 0.224 0.458
0.168 0.222 0.458
0.168 0.220 0.457
0.168 0.217 0.457
0.168 0.215 0.457
0.167 0.213 0.457
0.167 0.211 0.456
0.167 0.208 0.456
0.166 0.206 0.455
0.166 0.203 0.455
0.166 0.201 0.454
0.166 0.199 0.454
0.166 0.196 0.454
0.165 0.194 0.453
0.165 0.191 0.453
0.165 0.189 0.453
0.164 0.187 0.452
0.164 0.184 0.452
0.164 0.182 0.452
0.164 0.179 0.451
0.163 0.177 0.451
0.163 0.175 0.450
0.163 0.172 0.450
0.162 0.170 0.450
0.162 0.167 0.450
0.162 0.165 0.449
0.162 0.163 0.449
0.161 0.160 0.448
0.161 0.158 0.448
0.161 0.155 0.448
0.161 0.153 0.448
0.160 0.150 0.447
0.160 0.148 0.446
0.160 0.145 0.446
0.159 0.143 0.446
0.159 0.140 0.445
0.159 0.138 0.445
0.158 0.135 0.444
0.157 0.133 0.442
0.159 0.131 0.447
0.154 0.127 0.434
0.065 0.111 0.233
0.063 0.110 0.228
0.062 0.108 0.226
0.061 0.106 0.223
0.060 0.105 0.221
0.060 0.103 0.221
0.060 0.102 0.221
0.060 0.100 0.221
0.060 0.099 0.222
0.060 0.097 0.223
0.060 0.096 0.224
0.060 0.095 0.224
0.061 0.093 0.224
0.061 0.092 0.225
0.061 0.090 0.226
0.061 0.088 0.226
0.062 0.087 0.227
0.062 0.085 0.228
0.062 0.084 0.228
0.062 0.082 0.229
0.062 0.081 0.229
0.062 0.079 0.228
0.062 0.078 0.230
0.062 0.076 0.230
0.063 0.074 0.231
0.063 0.073 0.232
0.064 0.071 0.233
0.064 0.069 0.235
0.065 0.067 0.237
0.065 0.066 0.237
0.065 0.064 0.237
0.065 0.062 0.238
0.065 0.061 0.238
0.065 0.059 0.238
0.067 0.057 0.243
0.077 0.053 0.266
0.091 0.047 0.299
0.083 0.047 0.280
0.075 0.047 0.263
0.085 0.043 0.285
0.106 0.034 0.334
0.121 0.027 0.370
0.125 0.023 0.379
0.125 0.021 0.381
0.127 0.017 0.385
0.129 0.014 0.390
0.130 0.011 0.392
0.130 0.009 0.391
0.128 0.006 0.389
0.126 0.005 0.383
0.122 0.004 0.375
0.118 0.003 0.365
0.112 0.003 0.352
0.107 0.003 0.340
0.101 0.004 0.326
0.096 0.004 0.314
0.090 0.005 0.302
0.081 0.007 0.281
0.069 0.012 0.252
0.065 0.012 0.243
0.062 0.012 0.236
0.059 0.012 0.229
0.056 0.012 0.222
0.053 0.012 0.216
0.051 0.011 0.212
0.050 0.010 0.209
0.050 0.009 0.208
0.049 0.007 0.207
0.049 0.006 0.206
0.048 0.005 0.204
0.047 0.004 0.202
0.045 0.003 0.198
0.043 0.003 0.195
0.042 0.002 0.190
0.039 0.002 0.185
0.038 0.002 0.181
0.036 0.002 0.177
0.034 0.002 0.172
0.032 0.002 0.168
0.030 0.002 0.164
0.028 0.002 0.160
0.027 0.002 0.156
0.025 0.002 0.152
0.023 0.001 0.149
0.022 0.001 0.145
0.021 0.001 0.142
0.019 0.001 0.139
0.018 0.001 0.136
0.016 0.001 0.132
0.015 0.001 0.130
0.014 0.001 0.127
0.013 0.000 0.124
0.011 0.000 0.121
0.010 0.000 0.118
0.009 0.000 0.116
0.008 0.000 0.113
0.007 0.000 0.111
0.006 0.000 0.108
0.005 0.000 0.106
0.004 0.000 0.103
0.002 0.000 0.101
0.001 -0.001 0.099
0.000 -0.001 0.096
-0.001 -0.001 0.094
-0.001 -0.001 0.092
-0.002 -0.001 0.090
-0.003 -0.001 0.088
-0.004 -0.001 0.086
-0.005 -0.001 0.084
-0.006 -0.001 0.082
-0.007 -0.001 0.080
-0.008 -0.001 0.078
-0.008 -0.001 0.076
-0.009 -0.001 0.074
-0.010 -0.002 0.073
-0.011 -0.002 0.071
-0.011 -0.002 0.069
-0.012 -0.002 0.068
-0.013 -0.002 0.066
-0.013 -0.002 0.065
-0.014 -0.002 0.063
-0.015 -0.002 0.062
-0.015 -0.002 0.060
-0.016 -0.002 0.059
-0.017 -0.003 0.057
-0.017 -0.003 0.056
-0.018 -0.003 0.055
-0.018 -0.003 0.053
-0.019 -0.003 0.052
-0.020 -0.003 0.050
-0.020 -0.003 0.049
-0.021 -0.003 0.048
-0.021 -0.003 0.047
-0.022 -0.003 0.045
-0.022 -0.003 0.044
-0.023 -0.003 0.043
-0.023 -0.003 0.042
-0.024 -0.003 0.040
-0.024 -0.003 0.039
-0.025 -0.003 0.038
-0.026 -0.003 0.037
-0.026 -0.003 0.036
-0.027 -0.004 0.035
-0.027 -0.003 0.033
-0.028 -0.003 0.032
-0.028 -0.004 0.031
-0.028 -0.004 0.030
-0.029 -0.004 0.029
-0.029 -0.004 0.028
-0.030 -0.004 0.028
-0.030 -0.004 0.026
-0.031 -0.004 0.025
-0.031 -0.004 0.024
-0.031 -0.004 0.024
-0.032 -0.004 0.023
-0.032 -0.004 0.022
-0.033 -0.005 0.021
-0.033 -0.005 0.020
-0.033 -0.005 0.019
-0.034 -0.005 0.019
-0.034 -0.005 0.018
-0.034 -0.005 0.017
-0.035 -0.005 0.016
-0.035 -0.005 0.015
-0.036 -0.005 0.014
-0.036 -0.005 0.013
-0.036 -0.005 0.013
-0.037 -0.005 0.012
-0.037 -0.005 0.011
-0.037 -0.005 0.010
-0.038 -0.005 0.009
-0.038 -0.005 0.009
-0.038 -0.005 0.008
-0.039 -0.005 0.007
-0.039 -0.005 0.007
-0.039 -0.006 0.006
-0.039 -0.005 0.005
-0.040 -0.005 0.004
-0.040 -0.005 0.004
-0.040 -0.005 0.003
-0.041 -0.005 0.002
-0.041 -0.006 0.002
-0.041 -0.006 0.001
-0.042 -0.006 0.000
-0.042 -0.006 0.000
-0.042 -0.006 -0.001
-0.042 -0.006 -0.002
-0.043 -0.005 -0.002
-0.043 -0.005 -0.003
-0.043 -0.005 -0.004
-0.044 -0.006 -0.004
-0.044 -0.006 -0.005
-0.044 -0.006 -0.005
-0.044 -0.005 -0.006
-0.045 -0.005 -0.007
-0.045 -0.005 -0.007
-0.045 -0.006 -0.008
-0.045 -0.006 -0.008
-0.046 -0.006 -0.009
-0.046 -0.005 -0.010
-0.046 -0.005 -0.011
-0.047 -0.005 -0.011
-0.047 -0.005 -0.012
-0.047 -0.005 -0.012
-0.047 -0.005 -0.013
-0.048 -0.004 -0.014
-0.048 -0.004 -0.015
-0.048 -0.004 -0.015
-0.049 -0.003 -0.016
-0.049 -0.003 -0.017
-0.049 -0.003 -0.017
-0.050 -0.002 -0.019
-0.050 0.000 -0.020
-0.048 -0.008 -0.015
0.167 0.227 0.459
0.167 0.224 0.459
0.167 0.222 0.459
0.167 0.220 0.458
0.166 0.217 0.458
0.166 0.215 0.458
0.166 0.213 0.458
0.166 0.210 0.457
0.165 0.208 0.457
0.165 0.206 0.456
0.165 0.203 0.456
0.165 0.201 0.456
0.164 0.199 0.455
0.164 0.196 0.455
0.164 0.194 0.455
0.163 0.191 0.454
0.163 0.189 0.454
0.163 0.187 0.453
0.163 0.184 0.453
0.163 0.182 0.453
0.162 0.179 0.452
0.162 0.177 0.452
0.162 0.175 0.452
0.161 0.172 0.451
0.161 0.170 0.451
0.161 0.167 0.450
0.161 0.165 0.451
0.160 0.162 0.450
0.160 0.160 0.449
0.160 0.158 0.449
0.160 0.155 0.449
0.159 0.153 0.448
0.159 0.150 0.448
0.159 0.148 0.447
0.158 0.145 0.447
0.158 0.143 0.447
0.158 0.140 0.446
0.158 0.138 0.446
0.157 0.135 0.446
0.156 0.133 0.443
0.156 0.130 0.444
0.154 0.127 0.439
0.072 0.112 0.251
0.062 0.110 0.229
0.064 0.108 0.232
0.062 0.107 0.229
0.061 0.105 0.225
0.060 0.103 0.225
0.061 0.102 0.227
0.062 0.101 0.229
0.060 0.099 0.225
0.060 0.097 0.225
0.061 0.096 0.227
0.061 0.095 0.228
0.061 0.093 0.228
0.062 0.092 0.229
0.062 0.090 0.231
0.062 0.088 0.231
0.063 0.087 0.234
0.064 0.085 0.237
0.066 0.084 0.239
0.067 0.082 0.243
0.073 0.080 0.256
0.089 0.077 0.295
0.106 0.073 0.334
0.118 0.070 0.361
0.125 0.067 0.378
0.131 0.064 0.394
0.136 0.061 0.405
0.140 0.058 0.414
0.142 0.055 0.419
0.142 0.052 0.418
0.141 0.050 0.417
0.141 0.047 0.417
0.140 0.045 0.415
0.140 0.042 0.415
0.140 0.039 0.416
0.139 0.037 0.415
0.137 0.035 0.409
0.134 0.033 0.404
0.133 0.031 0.401
0.133 0.028 0.401
0.132 0.026 0.399
0.130 0.024 0.396
0.129 0.021 0.394
0.129 0.019 0.393
0.129 0.016 0.394
0.130 0.013 0.395
0.130 0.010 0.396
0.130 0.008 0.396
0.129 0.006 0.395
0.127 0.004 0.390
0.123 0.003 0.381
0.116 0.003 0.366
0.110 0.003 0.352
0.105 0.004 0.339
0.100 0.004 0.327
0.094 0.004 0.314
0.089 0.005 0.302
0.083 0.006 0.288
0.071 0.010 0.259
0.066 0.011 0.247
0.062 0.012 0.238
0.058 0.012 0.231
0.055 0.012 0.224
0.053 0.011 0.219
0.051 0.010 0.214
0.050 0.009 0.212
0.050 0.008 0.211
0.049 0.007 0.210
0.048 0.005 0.208
0.047 0.004 0.206
0.046 0.003 0.203
0.044 0.003 0.199
0.043 0.003 0.195
0.041 0.002 0.190
0.039 0.002 0.186
0.037 0.002 0.181
0.035 0.002 0.177
0.033 0.002 0.173
0.031 0.002 0.169
0.029 0.002 0.164
0.028 0.002 0.160
0.026 0.002 0.156
0.024 0.001 0.153
0.023 0.001 0.149
0.021 0.001 0.146
0.020 0.001 0.143
0.018 0.001 0.139
0.017 0.001 0.136
0.016 0.001 0.133
0.014 0.001 0.130
0.013 0.001 0.127
0.012 0.000 0.124
0.011 0.000 0.121
0.009 0.000 0.119
0.008 0.000 0.116
0.007 0.000 0.114
0.006 0.000 0.111
0.005 0.000 0.108
0.004 0.000 0.106
0.003 0.000 0.104
0.002 0.000 0.101
0.001 -0.001 0.099
0.000 -0.001 0.097
-0.001 -0.001 0.094
-0.002 -0.001 0.092
-0.003 -0.001 0.090
-0.004 -0.001 0.088
-0.005 -0.001 0.086
-0.006 -0.001 0.084
-0.006 -0.001 0.082
-0.007 -0.001 0.080
-0.008 -0.001 0.078
-0.009 -0.001 0.077
-0.010 -0.001 0.075
-0.010 -0.002 0.073
-0.011 -0.002 0.071
-0.012 -0.002 0.070
-0.012 -0.002 0.068
-0.013 -0.002 0.067
-0.014 -0.002 0.065
-0.014 -0.002 0.064
-0.015 -0.002 0.062
-0.016 -0.002 0.060
-0.016 -0.002 0.059
-0.017 -0.003 0.058
-0.018 -0.003 0.056
-0.018 -0.003 0.055
-0.019 -0.003 0.054
-0.019 -0.003 0.052
-0.020 -0.003 0.051
-0.021 -0.003 0.049
-0.021 -0.003 0.048
-0.022 -0.003 0.047
-0.022 -0.003 0.046
-0.023 -0.003 0.044
-0.023 -0.003 0.043
-0.024 -0.003 0.042
-0.024 -0.003 0.041
-0.025 -0.003 0.040
-0.025 -0.003 0.038
-0.026 -0.004 0.037
-0.026 -0.004 0.036
-0.027 -0.004 0.035
-0.027 -0.004 0.034
-0.028 -0.003 0.033
-0.028 -0.004 0.031
-0.029 -0.004 0.030
-0.029 -0.004 0.030
-0.030 -0.004 0.029
-0.030 -0.004 0.028
-0.030 -0.004 0.027
-0.031 -0.004 0.026
-0.031 -0.004 0.025
-0.032 -0.004 0.024
-0.032 -0.004 0.023
-0.032 -0.004 0.022
-0.033 -0.005 0.021
-0.033 -0.005 0.020
-0.034 -0.005 0.019
-0.034 -0.005 0.018
-0.034 -0.005 0.018
-0.035 -0.005 0.017
-0.035 -0.005 0.016
-0.036 -0.005 0.015
-0.036 -0.005 0.014
-0.036 -0.005 0.013
-0.037 -0.005 0.013
-0.037 -0.005 0.012
-0.037 -0.005 0.011
-0.038 -0.005 0.010
-0.038 -0.005 0.010
-0.038 -0.005 0.009
-0.039 -0.005 0.008
-0.039 -0.005 0.008
-0.039 -0.006 0.007
-0.039 -0.006 0.006
-0.040 -0.005 0.005
-0.040 -0.005 0.005
-0.040 -0.005 0.004
-0.041 -0.005 0.003
-0.041 -0.005 0.003
-0.041 -0.006 0.002
-0.042 -0.006 0.001
-0.042 -0.006 0.001
-0.042 -0.006 0.000
-0.042 -0.006 -0.001
-0.043 -0.006 -0.001
-0.043 -0.006 -0.002
-0.043 -0.006 -0.003
-0.044 -0.006 -0.003
-0.044 -0.006 -0.004
-0.044 -0.006 -0.005
-0.044 -0.006 -0.005
-0.045 -0.005 -0.006
-0.045 -0.005 -0.007
-0.045 -0.005 -0.007
-0.045 -0.006 -0.008
-0.046 -0.006 -0.008
-0.046 -0.006 -0.009
-0.046 -0.005 -0.010
-0.047 -0.005 -0.010
-0.047 -0.005 -0.011
-0.047 -0.005 -0.012
-0.047 -0.005 -0.012
-0.048 -0.005 -0.013
-0.048 -0.004 -0.014
-0.048 -0.004 -0.015
-0.049 -0.003 -0.015
-0.049 -0.003 -0.016
-0.049 -0.003 -0.017
-0.049 -0.003 -0.017
-0.050 -0.002 -0.018
-0.051 0.000 -0.020
-0.049 -0.009 -0.015
0.166 0.227 0.459
0.166 0.224 0.460
0.166 0.222 0.460
0.165 0.220 0.459
0.165 0.217 0.459
0.165 0.215 0.459
0.165 0.213 0.459
0.164 0.210 0.458
0.164 0.208 0.458
0.164 0.206 0.458
0.164 0.203 0.457
0.163 0.201 0.456
0.163 0.199 0.456
0.163 0.196 0.456
0.163 0.194 0.456
0.162 0.191 0.455
0.162 0.189 0.455
0.162 0.187 0.455
0.162 0.184 0.454
0.161 0.182 0.454
0.161 0.179 0.454
0.161 0.177 0.453
0.160 0.175 0.453
0.160 0.172 0.452
0.160 0.170 0.452
0.160 0.167 0.452
0.159 0.165 0.451
0.159 0.162 0.451
0.159 0.160 0.450
0.158 0.158 0.450
0.158 0.155 0.449
0.158 0.153 0.449
0.157 0.150 0.449
0.157 0.148 0.448
0.157 0.145 0.448
0.157 0.143 0.448
0.156 0.140 0.447
0.156 0.138 0.447
0.156 0.135 0.447
0.155 0.133 0.446
0.156 0.130 0.446
0.155 0.128 0.445
0.153 0.125 0.441
0.086 0.113 0.286
0.066 0.109 0.240
0.063 0.107 0.234
0.063 0.105 0.233
0.064 0.104 0.235
0.065 0.102 0.239
0.069 0.101 0.248
0.081 0.100 0.277
0.108 0.100 0.340
0.128 0.099 0.386
0.137 0.097 0.408
0.138 0.095 0.409
0.138 0.092 0.410
0.139 0.090 0.413
0.141 0.087 0.417
0.142 0.085 0.420
0.142 0.082 0.421
0.143 0.080 0.422
0.143 0.077 0.423
0.144 0.075 0.427
0.145 0.072 0.429
0.145 0.070 0.429
0.144 0.067 0.426
0.142 0.065 0.423
0.141 0.062 0.420
0.140 0.060 0.417
0.140 0.057 0.418
0.140 0.055 0.419
0.140 0.052 0.420
0.139 0.050 0.418
0.139 0.047 0.417
0.139 0.045 0.416
0.138 0.042 0.415
0.138 0.039 0.416
0.138 0.037 0.416
0.137 0.034 0.413
0.135 0.032 0.410
0.134 0.030 0.407
0.134 0.027 0.407
0.133 0.025 0.406
0.132 0.023 0.404
0.131 0.020 0.401
0.130 0.018 0.400
0.129 0.016 0.397
0.128 0.013 0.396
0.128 0.011 0.395
0.128 0.008 0.395
0.127 0.006 0.394
0.126 0.004 0.391
0.122 0.002 0.384
0.114 0.004 0.364
0.109 0.004 0.351
0.104 0.004 0.339
0.098 0.004 0.327
0.093 0.004 0.315
0.088 0.005 0.302
0.083 0.005 0.291
0.073 0.008 0.269
0.066 0.011 0.250
0.062 0.011 0.241
0.058 0.011 0.233
0.055 0.011 0.226
0.053 0.011 0.221
0.052 0.010 0.218
0.051 0.008 0.216
0.050 0.007 0.215
0.049 0.006 0.213
0.048 0.005 0.210
0.047 0.004 0.208
0.045 0.003 0.204
0.044 0.003 0.200
0.042 0.002 0.196
0.040 0.002 0.191
0.038 0.002 0.186
0.036 0.002 0.182
0.034 0.002 0.177
0.032 0.002 0.173
0.030 0.002 0.169
0.028 0.002 0.165
0.027 0.002 0.161
0.025 0.002 0.157
0.023 0.002 0.153
0.022 0.001 0.150
0.020 0.001 0.146
0.019 0.001 0.143
0.018 0.001 0.139
0.016 0.001 0.136
0.015 0.001 0.133
0.014 0.001 0.130
0.012 0.001 0.127
0.011 0.000 0.124
0.010 0.000 0.122
0.009 0.000 0.119
0.008 0.000 0.116
0.007 0.000 0.114
0.005 0.000 0.111
0.004 0.000 0.109
0.003 0.000 0.106
0.002 0.000 0.104
0.001 -0.001 0.102
0.000 -0.001 0.099
-0.001 -0.001 0.097
-0.002 -0.001 0.095
-0.003 -0.001 0.092
-0.004 -0.001 0.090
-0.004 -0.001 0.088
-0.005 -0.001 0.086
-0.006 -0.001 0.084
-0.007 -0.001 0.082
-0.008 -0.001 0.081
-0.009 -0.001 0.079
-0.009 -0.001 0.077
-0.010 -0.001 0.075
-0.011 -0.002 0.073
-0.012 -0.002 0.072
-0.012 -0.002 0.070
-0.013 -0.002 0.069
-0.014 -0.002 0.067
-0.014 -0.002 0.065
-0.015 -0.002 0.064
-0.016 -0.002 0.062
-0.016 -0.002 0.061
-0.017 -0.002 0.059
-0.018 -0.003 0.058
-0.018 -0.003 0.057
-0.019 -0.003 0.055
-0.019 -0.003 0.054
-0.020 -0.003 0.052
-0.020 -0.003 0.051
-0.021 -0.003 0.050
-0.022 -0.003 0.049
-0.022 -0.003 0.047
-0.023 -0.003 0.046
-0.023 -0.003 0.045
-0.024 -0.003 0.044
-0.024 -0.003 0.042
-0.025 -0.003 0.041
-0.025 -0.003 0.040
-0.026 -0.004 0.039
-0.026 -0.004 0.038
-0.027 -0.004 0.036
-0.027 -0.004 0.035
-0.028 -0.004 0.034
-0.028 -0.004 0.033
-0.029 -0.004 0.032
-0.029 -0.004 0.031
-0.030 -0.004 0.030
-0.030 -0.004 0.029
-0.030 -0.004 0.028
-0.031 -0.004 0.027
-0.031 -0.004 0.026
-0.032 -0.004 0.025
-0.032 -0.004 0.024
-0.033 -0.004 0.023
-0.033 -0.004 0.022
-0.033 -0.004 0.021
-0.034 -0.004 0.020
-0.034 -0.004 0.020
-0.034 -0.005 0.019
-0.035 -0.005 0.018
-0.035 -0.005 0.017
-0.036 -0.005 0.016
-0.036 -0.005 0.015
-0.036 -0.005 0.014
-0.037 -0.005 0.014
-0.037 -0.005 0.013
-0.037 -0.005 0.012
-0.038 -0.005 0.011
-0.038 -0.005 0.011
-0.038 -0.005 0.010
-0.039 -0.005 0.009
-0.039 -0.005 0.008
-0.039 -0.005 0.008
-0.039 -0.005 0.007
-0.040 -0.005 0.006
-0.040 -0.006 0.006
-0.040 -0.005 0.005
-0.041 -0.005 0.004
-0.041 -0.005 0.003
-0.041 -0.006 0.003
-0.042 -0.006 0.002
-0.042 -0.006 0.002
-0.042 -0.006 0.001
-0.042 -0.006 0.001
-0.043 -0.006 0.000
-0.043 -0.006 -0.001
-0.043 -0.006 -0.002
-0.044 -0.006 -0.002
-0.044 -0.006 -0.003
-0.044 -0.006 -0.004
-0.044 -0.006 -0.004
-0.045 -0.006 -0.005
-0.045 -0.006 -0.006
-0.045 -0.005 -0.006
-0.046 -0.005 -0.007
-0.046 -0.006 -0.007
-0.046 -0.006 -0.008
-0.046 -0.006 -0.008
-0.047 -0.005 -0.009
-0.047 -0.005 -0.010
-0.047 -0.005 -0.011
-0.047 -0.005 -0.011
-0.048 -0.005 -0.012
-0.048 -0.005 -0.012
-0.048 -0.005 -0.013
-0.049 -0.004 -0.014
-0.049 -0.004 -0.015
-0.049 -0.003 -0.016
-0.049 -0.003 -0.016
-0.050 -0.003 -0.017
-0.050 -0.002 -0.018
-0.051 0.000 -0.020
-0.049 -0.009 -0.015
0.165 0.227 0.461
0.165 0.225 0.461
0.165 0.222 0.461
0.164 0.220 0.460
0.164 0.217 0.460
0.164 0.215 0.460
0.164 0.213 0.460
0.163 0.210 0.459
0.163 0.208 0.459
0.163 0.206 0.458
0.162 0.203 0.458
0.162 0.201 0.457
0.162 0.199 0.458
0.161 0.196 0.457
0.161 0.194 0.457
0.161 0.191 0.456
0.161 0.189 0.456
0.161 0.187 0.456
0.160 0.184 0.455
0.160 0.182 0.455
0.160 0.179 0.455
0.159 0.177 0.454
0.159 0.175 0.454
0.159 0.172 0.453
0.159 0.170 0.453
0.158 0.167 0.453
0.158 0.165 0.452
0.158 0.162 0.452
0.157 0.160 0.451
0.157 0.157 0.451
0.157 0.155 0.450
0.156 0.153 0.450
0.156 0.150 0.449
0.156 0.148 0.449
0.156 0.145 0.449
0.155 0.143 0.449
0.155 0.140 0.448
0.155 0.138 0.448
0.154 0.135 0.447
0.154 0.133 0.446
0.154 0.130 0.448
0.156 0.128 0.453
0.154 0.125 0.447
0.152 0.123 0.442
0.147 0.120 0.432
0.147 0.117 0.431
0.147 0.115 0.431
0.146 0.112 0.431
0.146 0.110 0.430
0.146 0.107 0.430
0.147 0.105 0.433
0.148 0.102 0.435
0.147 0.100 0.433
0.145 0.097 0.429
0.143 0.095 0.426
0.143 0.092 0.426
0.143 0.090 0.425
0.143 0.087 0.425
0.143 0.085 0.426
0.142 0.082 0.425
0.142 0.080 0.425
0.142 0.077 0.425
0.143 0.075 0.427
0.143 0.072 0.428
0.143 0.070 0.429
0.143 0.067 0.429
0.143 0.064 0.428
0.142 0.062 0.426
0.141 0.059 0.425
0.141 0.057 0.424
0.140 0.054 0.423
0.140 0.052 0.423
0.139 0.049 0.421
0.139 0.047 0.420
0.138 0.044 0.420
0.137 0.042 0.418
0.137 0.039 0.417
0.136 0.037 0.415
0.135 0.034 0.413
0.134 0.032 0.411
0.133 0.030 0.408
0.132 0.027 0.406
0.131 0.025 0.405
0.130 0.023 0.403
0.129 0.020 0.401
0.129 0.018 0.400
0.128 0.016 0.398
0.127 0.013 0.397
0.126 0.011 0.395
0.126 0.008 0.395
0.125 0.006 0.394
0.124 0.004 0.391
0.121 0.002 0.385
0.113 0.004 0.365
0.107 0.004 0.351
0.102 0.004 0.339
0.097 0.004 0.327
0.092 0.004 0.315
0.086 0.005 0.303
0.082 0.005 0.291
0.076 0.006 0.277
0.067 0.009 0.257
0.063 0.010 0.247
0.059 0.010 0.237
0.056 0.010 0.229
0.054 0.010 0.225
0.053 0.009 0.223
0.052 0.007 0.221
0.051 0.006 0.218
0.049 0.005 0.216
0.048 0.004 0.213
0.046 0.004 0.209
0.045 0.003 0.205
0.043 0.003 0.201
0.041 0.002 0.196
0.039 0.002 0.192
0.037 0.002 0.187
0.035 0.002 0.182
0.033 0.002 0.178
0.031 0.002 0.174
0.030 0.002 0.169
0.028 0.002 0.165
0.026 0.002 0.161
0.024 0.002 0.157
0.023 0.002 0.153
0.021 0.001 0.150
0.020 0.001 0.147
0.018 0.001 0.143
0.017 0.001 0.140
0.016 0.001 0.137
0.014 0.001 0.134
0.013 0.001 0.131
0.012 0.001 0.128
0.010 0.001 0.125
0.009 0.000 0.122
0.008 0.000 0.119
0.007 0.000 0.117
0.006 0.000 0.114
0.005 0.000 0.111
0.004 0.000 0.109
0.003 0.000 0.107
0.002 0.000 0.104
0.001 0.000 0.102
0.000 -0.001 0.100
-0.001 -0.001 0.097
-0.002 -0.001 0.095
-0.003 -0.001 0.093
-0.004 -0.001 0.091
-0.005 -0.001 0.089
-0.006 -0.001 0.087
-0.007 -0.001 0.085
-0.007 -0.001 0.083
-0.008 -0.001 0.081
-0.009 -0.001 0.079
-0.010 -0.001 0.077
-0.011 -0.001 0.075
-0.011 -0.001 0.074
-0.012 -0.002 0.072
-0.013 -0.002 0.070
-0.013 -0.002 0.069
-0.014 -0.002 0.067
-0.015 -0.002 0.066
-0.015 -0.002 0.064
-0.016 -0.002 0.063
-0.017 -0.002 0.061
-0.017 -0.002 0.060
-0.018 -0.003 0.058
-0.019 -0.003 0.057
-0.019 -0.003 0.055
-0.020 -0.003 0.054
-0.020 -0.003 0.053
-0.021 -0.003 0.051
-0.022 -0.003 0.050
-0.022 -0.003 0.049
-0.023 -0.003 0.047
-0.023 -0.003 0.046
-0.024 -0.003 0.045
-0.024 -0.003 0.044
-0.025 -0.003 0.042
-0.025 -0.003 0.041
-0.026 -0.003 0.040
-0.026 -0.003 0.039
-0.027 -0.004 0.038
-0.027 -0.004 0.037
-0.028 -0.004 0.035
-0.028 -0.004 0.034
-0.029 -0.004 0.033
-0.029 -0.004 0.032
-0.030 -0.004 0.031
-0.030 -0.004 0.030
-0.031 -0.004 0.029
-0.031 -0.004 0.028
-0.031 -0.004 0.027
-0.032 -0.004 0.026
-0.032 -0.004 0.025
-0.033 -0.004 0.024
-0.033 -0.004 0.023
-0.033 -0.004 0.023
-0.034 -0.004 0.022
-0.034 -0.004 0.021
-0.034 -0.005 0.020
-0.035 -0.005 0.019
-0.035 -0.005 0.018
-0.035 -0.005 0.018
-0.036 -0.005 0.017
-0.036 -0.005 0.015
-0.037 -0.005 0.015
-0.037 -0.005 0.014
-0.037 -0.005 0.013
-0.038 -0.005 0.012
-0.038 -0.005 0.012
-0.038 -0.005 0.011
-0.039 -0.005 0.010
-0.039 -0.005 0.009
-0.039 -0.005 0.009
-0.040 -0.005 0.008
-0.040 -0.005 0.007
-0.040 -0.006 0.007
-0.040 -0.006 0.006
-0.041 -0.006 0.005
-0.041 -0.006 0.004
-0.041 -0.006 0.004
-0.042 -0.006 0.003
-0.042 -0.006 0.002
-0.042 -0.006 0.002
-0.042 -0.006 0.001
-0.043 -0.006 0.001
-0.043 -0.006 0.000
-0.043 -0.006 -0.001
-0.044 -0.006 -0.001
-0.044 -0.006 -0.002
-0.044 -0.006 -0.003
-0.044 -0.006 -0.003
-0.045 -0.006 -0.004
-0.045 -0.006 -0.005
-0.045 -0.006 -0.005
-0.046 -0.006 -0.006
-0.046 -0.006 -0.007
-0.046 -0.006 -0.007
-0.046 -0.006 -0.007
-0.046 -0.006 -0.008
-0.047 -0.006 -0.009
-0.047 -0.006 -0.010
-0.047 -0.005 -0.010
-0.048 -0.005 -0.011
-0.048 -0.005 -0.011
-0.048 -0.005 -0.012
-0.048 -0.005 -0.013
-0.049 -0.004 -0.014
-0.049 -0.004 -0.015
-0.049 -0.003 -0.015
-0.050 -0.003 -0.016
-0.050 -0.003 -0.017
-0.050 -0.002 -0.018
-0.051 0.000 -0.020
-0.049 -0.008 -0.015
0.163 0.227 0.462
0.164 0.224 0.462
0.163 0.222 0.462
0.163 0.220 0.462
0.163 0.217 0.461
0.163 0.215 0.461
0.162 0.213 0.461
0.162 0.210 0.460
0.162 0.208 0.460
0.161 0.206 0.459
0.161 0.203 0.459
0.161 0.201 0.459
0.161 0.199 0.459
0.160 0.196 0.458
0.160 0.194 0.458
0.160 0.191 0.457
0.159 0.189 0.457
0.159 0.187 0.457
0.159 0.184 0.456
0.159 0.182 0.456
0.158 0.179 0.456
0.158 0.177 0.455
0.158 0.174 0.455
0.157 0.172 0.454
0.157 0.170 0.454
0.157 0.167 0.453
0.157 0.165 0.453
0.156 0.162 0.452
0.156 0.160 0.452
0.156 0.157 0.452
0.155 0.155 0.451
0.155 0.152 0.451
0.155 0.150 0.450
0.154 0.148 0.450
0.154 0.145 0.449
0.154 0.143 0.449
0.154 0.140 0.449
0.153 0.138 0.449
0.153 0.135 0.448
0.153 0.133 0.448
0.152 0.130 0.447
0.152 0.128 0.447
0.151 0.125 0.444
0.151 0.123 0.444
0.148 0.120 0.439
0.147 0.117 0.436
0.146 0.115 0.434
0.146 0.112 0.433
0.145 0.110 0.433
0.145 0.107 0.433
0.146 0.105 0.435
0.146 0.102 0.435
0.145 0.100 0.434
0.145 0.097 0.433
0.144 0.095 0.432
0.144 0.092 0.431
0.144 0.090 0.431
0.143 0.087 0.430
0.143 0.085 0.429
0.142 0.082 0.429
0.142 0.080 0.429
0.142 0.077 0.428
0.142 0.075 0.428
0.141 0.072 0.428
0.141 0.070 0.427
0.141 0.067 0.427
0.140 0.065 0.426
0.140 0.062 0.425
0.139 0.059 0.425
0.139 0.057 0.425
0.139 0.054 0.425
0.139 0.052 0.424
0.138 0.049 0.423
0.137 0.047 0.422
0.137 0.044 0.421
0.136 0.042 0.419
0.135 0.039 0.417
0.135 0.037 0.416
0.134 0.034 0.414
0.133 0.032 0.412
0.132 0.030 0.410
0.131 0.027 0.409
0.130 0.025 0.407
0.129 0.022 0.405
0.128 0.020 0.404
0.127 0.018 0.402
0.127 0.015 0.400
0.126 0.013 0.398
0.125 0.011 0.397
0.125 0.008 0.396
0.124 0.006 0.395
0.122 0.004 0.391
0.120 0.002 0.385
0.112 0.003 0.367
0.105 0.004 0.350
0.100 0.004 0.339
0.095 0.004 0.327
0.090 0.004 0.315
0.085 0.005 0.304
0.081 0.005 0.293
0.076 0.005 0.282
0.070 0.007 0.267
0.065 0.008 0.255
0.060 0.009 0.244
0.057 0.009 0.236
0.055 0.008 0.231
0.054 0.007 0.228
0.052 0.006 0.225
0.051 0.005 0.222
0.049 0.005 0.218
0.048 0.004 0.215
0.046 0.003 0.211
0.044 0.003 0.206
0.042 0.003 0.202
0.040 0.002 0.197
0.038 0.002 0.192
0.036 0.002 0.187
0.034 0.002 0.183
0.032 0.002 0.178
0.031 0.002 0.174
0.029 0.002 0.170
0.027 0.002 0.166
0.025 0.002 0.161
0.024 0.002 0.157
0.022 0.002 0.154
0.020 0.001 0.150
0.019 0.001 0.147
0.018 0.001 0.144
0.016 0.001 0.140
0.015 0.001 0.137
0.014 0.001 0.134
0.012 0.001 0.131
0.011 0.001 0.128
0.010 0.001 0.125
0.009 0.000 0.122
0.007 0.000 0.120
0.006 0.000 0.117
0.005 0.000 0.114
0.004 0.000 0.112
0.003 0.000 0.109
0.002 0.000 0.107
0.001 0.000 0.105
0.000 0.000 0.102
-0.001 -0.001 0.100
-0.002 -0.001 0.098
-0.003 -0.001 0.095
-0.004 -0.001 0.093
-0.005 -0.001 0.091
-0.005 -0.001 0.089
-0.006 -0.001 0.087
-0.007 -0.001 0.085
-0.008 -0.001 0.083
-0.009 -0.001 0.081
-0.010 -0.001 0.079
-0.010 -0.001 0.077
-0.011 -0.001 0.076
-0.012 -0.002 0.074
-0.013 -0.002 0.072
-0.013 -0.002 0.071
-0.014 -0.002 0.069
-0.015 -0.002 0.068
-0.015 -0.002 0.066
-0.016 -0.002 0.065
-0.017 -0.002 0.063
-0.017 -0.002 0.062
-0.018 -0.002 0.060
-0.018 -0.003 0.059
-0.019 -0.003 0.057
-0.020 -0.003 0.056
-0.020 -0.003 0.054
-0.021 -0.003 0.053
-0.021 -0.003 0.052
-0.022 -0.003 0.050
-0.023 -0.003 0.049
-0.023 -0.003 0.048
-0.024 -0.003 0.047
-0.024 -0.003 0.045
-0.025 -0.003 0.044
-0.025 -0.003 0.043
-0.026 -0.003 0.042
-0.026 -0.003 0.040
-0.027 -0.003 0.039
-0.027 -0.004 0.038
-0.028 -0.004 0.037
-0.028 -0.004 0.036
-0.029 -0.004 0.035
-0.029 -0.004 0.033
-0.030 -0.004 0.032
-0.030 -0.004 0.031
-0.030 -0.004 0.030
-0.031 -0.004 0.029
-0.031 -0.004 0.028
-0.032 -0.004 0.027
-0.032 -0.004 0.027
-0.032 -0.004 0.026
-0.033 -0.004 0.025
-0.033 -0.004 0.024
-0.034 -0.004 0.023
-0.034 -0.004 0.022
-0.034 -0.005 0.021
-0.035 -0.005 0.020
-0.035 -0.005 0.019
-0.035 -0.005 0.019
-0.036 -0.005 0.018
-0.036 -0.005 0.017
-0.037 -0.005 0.016
-0.037 -0.005 0.015
-0.037 -0.005 0.014
-0.038 -0.005 0.013
-0.038 -0.005 0.013
-0.038 -0.005 0.012
-0.039 -0.005 0.011
-0.039 -0.005 0.010
-0.039 -0.005 0.010
-0.040 -0.005 0.009
-0.040 -0.005 0.008
-0.040 -0.005 0.008
-0.040 -0.006 0.007
-0.041 -0.006 0.006
-0.041 -0.006 0.005
-0.041 -0.006 0.005
-0.042 -0.006 0.004
-0.042 -0.006 0.003
-0.042 -0.006 0.003
-0.042 -0.006 0.002
-0.043 -0.006 0.001
-0.043 -0.006 0.001
-0.043 -0.006 0.000
-0.044 -0.006 0.000
-0.044 -0.006 -0.001
-0.044 -0.006 -0.002
-0.044 -0.006 -0.002
-0.045 -0.006 -0.003
-0.045 -0.006 -0.003
-0.045 -0.006 -0.004
-0.045 -0.006 -0.005
-0.046 -0.006 -0.006
-0.046 -0.006 -0.006
-0.046 -0.006 -0.007
-0.046 -0.006 -0.007
-0.047 -0.006 -0.008
-0.047 -0.006 -0.009
-0.047 -0.006 -0.009
-0.048 -0.006 -0.010
-0.048 -0.006 -0.011
-0.048 -0.006 -0.011
-0.048 -0.005 -0.012
-0.049 -0.005 -0.013
-0.049 -0.004 -0.014
-0.049 -0.004 -0.014
-0.050 -0.004 -0.015
-0.050 -0.003 -0.016
-0.050 -0.003 -0.017
-0.051 -0.002 -0.018
-0.051 0.000 -0.020
-0.050 -0.008 -0.014
0.162 0.227 0.463
0.162 0.224 0.463
0.162 0.222 0.463
0.162 0.220 0.462
0.161 0.217 0.462
0.161 0.215 0.462
0.161 0.213 0.462
0.161 0.210 0.461
0.160 0.208 0.461
0.160 0.206 0.460
0.160 0.203 0.460
0.160 0.201 0.460
0.159 0.198 0.459
0.159 0.196 0.459
0.159 0.194 0.459
0.159 0.191 0.459
0.158 0.189 0.458
0.158 0.187 0.458
0.158 0.184 0.457
0.157 0.182 0.457
0.157 0.179 0.457
0.157 0.177 0.456
0.156 0.174 0.455
0.156 0.172 0.455
0.156 0.170 0.455
0.155 0.167 0.454
0.155 0.165 0.454
0.155 0.162 0.453
0.155 0.160 0.453
0.154 0.157 0.452
0.154 0.155 0.452
0.154 0.152 0.452
0.153 0.150 0.451
0.153 0.147 0.451
0.153 0.145 0.450
0.152 0.143 0.450
0.152 0.140 0.450
0.152 0.138 0.449
0.151 0.135 0.448
0.151 0.133 0.448
0.151 0.130 0.448
0.150 0.128 0.446
0.150 0.125 0.446
0.149 0.122 0.444
0.148 0.120 0.442
0.147 0.117 0.441
0.147 0.115 0.440
0.146 0.112 0.438
0.146 0.110 0.438
0.145 0.107 0.436
0.144 0.105 0.435
0.144 0.102 0.434
0.143 0.100 0.433
0.143 0.097 0.433
0.143 0.095 0.432
0.142 0.092 0.432
0.142 0.090 0.432
0.142 0.087 0.431
0.141 0.085 0.430
0.141 0.082 0.430
0.141 0.080 0.430
0.140 0.077 0.429
0.140 0.075 0.429
0.140 0.072 0.429
0.140 0.070 0.428
0.139 0.067 0.428
0.139 0.064 0.427
0.139 0.062 0.427
0.138 0.059 0.426
0.138 0.057 0.426
0.138 0.054 0.426
0.137 0.052 0.425
0.137 0.049 0.424
0.136 0.047 0.423
0.136 0.044 0.422
0.135 0.042 0.421
0.134 0.039 0.419
0.133 0.037 0.417
0.132 0.034 0.415
0.131 0.032 0.413
0.130 0.030 0.411
0.130 0.027 0.410
0.128 0.025 0.407
0.128 0.022 0.406
0.127 0.020 0.404
0.126 0.018 0.402
0.125 0.016 0.400
0.124 0.013 0.398
0.123 0.011 0.397
0.123 0.008 0.396
0.122 0.006 0.395
0.121 0.004 0.391
0.118 0.002 0.386
0.112 0.003 0.369
0.104 0.004 0.351
0.099 0.004 0.338
0.094 0.004 0.327
0.089 0.004 0.315
0.084 0.005 0.304
0.080 0.005 0.294
0.075 0.005 0.283
0.071 0.006 0.273
0.067 0.006 0.263
0.063 0.007 0.253
0.059 0.007 0.244
0.057 0.006 0.239
0.055 0.006 0.235
0.053 0.005 0.230
0.051 0.004 0.225
0.049 0.004 0.221
0.048 0.003 0.217
0.046 0.003 0.212
0.044 0.003 0.207
0.041 0.003 0.202
0.039 0.002 0.198
0.037 0.002 0.193
0.035 0.002 0.188
0.033 0.002 0.183
0.032 0.002 0.179
0.030 0.002 0.175
0.028 0.002 0.170
0.026 0.002 0.166
0.024 0.002 0.162
0.023 0.002 0.158
0.021 0.002 0.154
0.020 0.001 0.151
0.018 0.001 0.147
0.017 0.001 0.144
0.016 0.001 0.141
0.014 0.001 0.137
0.013 0.001 0.134
0.012 0.001 0.131
0.010 0.001 0.128
0.009 0.001 0.125
0.008 0.001 0.122
0.007 0.000 0.120
0.006 0.000 0.117
0.005 0.000 0.115
0.004 0.000 0.112
0.002 0.000 0.110
0.001 0.000 0.107
0.000 0.000 0.105
-0.001 0.000 0.102
-0.001 0.000 0.100
-0.002 -0.001 0.098
-0.003 -0.001 0.096
-0.004 -0.001 0.093
-0.005 -0.001 0.091
-0.006 -0.001 0.089
-0.007 -0.001 0.087
-0.008 -0.001 0.085
-0.009 -0.001 0.083
-0.009 -0.001 0.082
-0.010 -0.001 0.080
-0.011 -0.001 0.078
-0.012 -0.001 0.076
-0.012 -0.002 0.074
-0.013 -0.002 0.073
-0.014 -0.002 0.071
-0.014 -0.002 0.069
-0.015 -0.002 0.068
-0.016 -0.002 0.066
-0.016 -0.002 0.065
-0.017 -0.002 0.063
-0.018 -0.002 0.062
-0.018 -0.002 0.060
-0.019 -0.003 0.059
-0.020 -0.003 0.057
-0.020 -0.003 0.056
-0.021 -0.003 0.054
-0.021 -0.003 0.053
-0.022 -0.003 0.052
-0.022 -0.003 0.050
-0.023 -0.003 0.049
-0.024 -0.003 0.048
-0.024 -0.003 0.047
-0.024 -0.003 0.046
-0.025 -0.003 0.044
-0.026 -0.003 0.043
-0.026 -0.003 0.042
-0.027 -0.004 0.041
-0.027 -0.004 0.040
-0.027 -0.004 0.038
-0.028 -0.004 0.037
-0.029 -0.004 0.036
-0.029 -0.004 0.035
-0.029 -0.004 0.034
-0.030 -0.004 0.032
-0.030 -0.004 0.032
-0.031 -0.004 0.030
-0.031 -0.004 0.029
-0.032 -0.004 0.028
-0.032 -0.004 0.028
-0.032 -0.004 0.027
-0.033 -0.004 0.026
-0.033 -0.004 0.025
-0.034 -0.004 0.024
-0.034 -0.004 0.023
-0.034 -0.004 0.022
-0.035 -0.005 0.021
-0.035 -0.005 0.020
-0.035 -0.005 0.020
-0.036 -0.005 0.019
-0.036 -0.005 0.018
-0.037 -0.005 0.017
-0.037 -0.005 0.016
-0.037 -0.005 0.015
-0.038 -0.005 0.014
-0.038 -0.005 0.014
-0.038 -0.005 0.013
-0.039 -0.005 0.012
-0.039 -0.005 0.011
-0.039 -0.005 0.010
-0.040 -0.005 0.010
-0.040 -0.005 0.009
-0.040 -0.005 0.008
-0.040 -0.005 0.008
-0.041 -0.006 0.007
-0.041 -0.006 0.006
-0.041 -0.006 0.006
-0.042 -0.006 0.005
-0.042 -0.006 0.004
-0.042 -0.006 0.004
-0.043 -0.006 0.003
-0.043 -0.006 0.002
-0.043 -0.006 0.002
-0.043 -0.006 0.001
-0.044 -0.006 0.000
-0.044 -0.006 0.000
-0.044 -0.006 -0.001
-0.044 -0.006 -0.001
-0.045 -0.006 -0.002
-0.045 -0.006 -0.003
-0.045 -0.006 -0.003
-0.045 -0.006 -0.004
-0.046 -0.006 -0.005
-0.046 -0.006 -0.006
-0.046 -0.006 -0.006
-0.046 -0.006 -0.006
-0.047 -0.006 -0.007
-0.047 -0.007 -0.007
-0.047 -0.006 -0.008
-0.048 -0.006 -0.009
-0.048 -0.006 -0.010
-0.048 -0.006 -0.010
-0.048 -0.006 -0.011
-0.049 -0.005 -0.012
-0.049 -0.005 -0.013
-0.049 -0.004 -0.013
-0.050 -0.004 -0.014
-0.050 -0.004 -0.015
-0.050 -0.003 -0.016
-0.050 -0.003 -0.017
-0.051 -0.002 -0.018
-0.052 0.000 -0.019
-0.050 -0.008 -0.014
0.161 0.226 0.464
0.161 0.224 0.464
0.161 0.222 0.464
0.160 0.220 0.463
0.160 0.217 0.463
0.160 0.215 0.463
0.160 0.213 0.463
0.159 0.210 0.462
0.159 0.208 0.462
0.159 0.206 0.462
0.158 0.203 0.461
0.158 0.201 0.461
0.158 0.198 0.460
0.158 0.196 0.460
0.157 0.194 0.460
0.157 0.191 0.459
0.157 0.189 0.459
0.157 0.187 0.459
0.156 0.184 0.459
0.156 0.182 0.458
0.156 0.179 0.458
0.156 0.177 0.457
0.155 0.174 0.457
0.155 0.172 0.456
0.155 0.170 0.456
0.154 0.167 0.455
0.154 0.165 0.455
0.154 0.162 0.454
0.153 0.160 0.454
0.153 0.157 0.453
0.153 0.155 0.453
0.152 0.152 0.452
0.152 0.150 0.452
0.152 0.147 0.451
0.151 0.145 0.451
0.151 0.142 0.451
0.151 0.140 0.450
0.150 0.138 0.450
0.150 0.135 0.449
0.150 0.133 0.449
0.149 0.130 0.448
0.149 0.128 0.447
0.148 0.125 0.447
0.148 0.122 0.445
0.147 0.120 0.444
0.146 0.117 0.443
0.146 0.115 0.442
0.145 0.112 0.441
0.145 0.110 0.440
0.144 0.107 0.439
0.143 0.105 0.437
0.143 0.102 0.436
0.143 0.100 0.436
0.142 0.097 0.435
0.142 0.095 0.435
0.142 0.092 0.434
0.141 0.090 0.434
0.141 0.087 0.434
0.141 0.085 0.434
0.141 0.082 0.433
0.140 0.080 0.433
0.140 0.077 0.432
0.140 0.074 0.432
0.139 0.072 0.431
0.139 0.069 0.431
0.139 0.067 0.430
0.138 0.064 0.430
0.138 0.062 0.429
0.138 0.059 0.429
0.137 0.057 0.429
0.137 0.054 0.428
0.136 0.052 0.427
0.136 0.049 0.426
0.135 0.046 0.425
0.134 0.044 0.423
0.134 0.041 0.422
0.133 0.039 0.420
0.132 0.037 0.418
0.131 0.034 0.416
0.130 0.032 0.414
0.129 0.030 0.412
0.128 0.027 0.410
0.127 0.025 0.408
0.126 0.022 0.406
0.125 0.020 0.405
0.125 0.018 0.403
0.124 0.015 0.401
0.122 0.013 0.398
0.122 0.011 0.397
0.121 0.008 0.396
0.120 0.006 0.394
0.119 0.004 0.392
0.117 0.002 0.387
0.111 0.002 0.373
0.102 0.004 0.350
0.097 0.005 0.338
0.092 0.004 0.327
0.088 0.004 0.316
0.083 0.005 0.305
0.079 0.005 0.295
0.075 0.005 0.285
0.071 0.005 0.276
0.068 0.005 0.268
0.065 0.005 0.260
0.062 0.005 0.253
0.059 0.005 0.246
0.056 0.004 0.240
0.054 0.004 0.234
0.051 0.004 0.229
0.049 0.003 0.224
0.047 0.003 0.218
0.045 0.003 0.213
0.043 0.003 0.208
0.041 0.002 0.203
0.039 0.002 0.198
0.037 0.002 0.193
0.035 0.002 0.189
0.033 0.002 0.184
0.031 0.002 0.179
0.029 0.002 0.175
0.027 0.002 0.170
0.025 0.002 0.166
0.024 0.002 0.162
0.022 0.002 0.158
0.020 0.002 0.155
0.019 0.002 0.151
0.017 0.001 0.147
0.016 0.001 0.144
0.015 0.001 0.141
0.013 0.001 0.137
0.012 0.001 0.135
0.011 0.001 0.131
0.010 0.001 0.128
0.008 0.001 0.126
0.007 0.001 0.123
0.006 0.000 0.120
0.005 0.000 0.118
0.004 0.000 0.115
0.003 0.000 0.112
0.002 0.000 0.110
0.001 0.000 0.107
0.000 0.000 0.105
-0.001 0.000 0.103
-0.002 0.000 0.101
-0.003 -0.001 0.098
-0.004 -0.001 0.096
-0.005 -0.001 0.094
-0.006 -0.001 0.092
-0.007 -0.001 0.090
-0.007 -0.001 0.088
-0.008 -0.001 0.086
-0.009 -0.001 0.084
-0.010 -0.001 0.082
-0.011 -0.001 0.080
-0.011 -0.001 0.078
-0.012 -0.001 0.076
-0.013 -0.002 0.075
-0.014 -0.002 0.073
-0.014 -0.002 0.071
-0.015 -0.002 0.070
-0.016 -0.002 0.068
-0.016 -0.002 0.067
-0.017 -0.002 0.065
-0.018 -0.002 0.064
-0.018 -0.002 0.062
-0.019 -0.002 0.060
-0.019 -0.002 0.059
-0.020 -0.003 0.058
-0.021 -0.003 0.056
-0.021 -0.003 0.055
-0.022 -0.003 0.053
-0.022 -0.003 0.052
-0.023 -0.003 0.051
-0.023 -0.003 0.049
-0.024 -0.003 0.048
-0.024 -0.003 0.047
-0.025 -0.003 0.046
-0.025 -0.003 0.045
-0.026 -0.003 0.043
-0.027 -0.003 0.042
-0.027 -0.004 0.041
-0.027 -0.004 0.040
-0.028 -0.004 0.039
-0.028 -0.004 0.037
-0.029 -0.004 0.036
-0.029 -0.004 0.035
-0.030 -0.004 0.034
-0.030 -0.004 0.033
-0.031 -0.004 0.032
-0.031 -0.004 0.031
-0.032 -0.004 0.030
-0.032 -0.004 0.029
-0.032 -0.004 0.028
-0.033 -0.004 0.027
-0.033 -0.004 0.026
-0.034 -0.004 0.025
-0.034 -0.004 0.024
-0.034 -0.004 0.023
-0.035 -0.004 0.022
-0.035 -0.004 0.021
-0.036 -0.004 0.020
-0.036 -0.005 0.020
-0.036 -0.005 0.019
-0.037 -0.005 0.018
-0.037 -0.004 0.017
-0.037 -0.005 0.016
-0.038 -0.005 0.015
-0.038 -0.005 0.014
-0.038 -0.005 0.014
-0.039 -0.005 0.013
-0.039 -0.005 0.012
-0.039 -0.005 0.012
-0.040 -0.005 0.011
-0.040 -0.005 0.010
-0.040 -0.005 0.009
-0.041 -0.005 0.009
-0.041 -0.005 0.008
-0.041 -0.005 0.007
-0.041 -0.005 0.006
-0.042 -0.006 0.006
-0.042 -0.006 0.005
-0.042 -0.006 0.005
-0.043 -0.006 0.004
-0.043 -0.006 0.003
-0.043 -0.006 0.002
-0.043 -0.006 0.002
-0.044 -0.006 0.001
-0.044 -0.006 0.001
-0.044 -0.006 0.000
-0.044 -0.006 -0.001
-0.045 -0.006 -0.001
-0.045 -0.006 -0.002
-0.045 -0.006 -0.002
-0.045 -0.006 -0.003
-0.046 -0.006 -0.004
-0.046 -0.006 -0.005
-0.046 -0.006 -0.005
-0.047 -0.006 -0.006
-0.047 -0.006 -0.006
-0.047 -0.007 -0.006
-0.047 -0.007 -0.007
-0.048 -0.006 -0.008
-0.048 -0.006 -0.009
-0.048 -0.005 -0.010
-0.048 -0.005 -0.010
-0.049 -0.005 -0.011
-0.049 -0.005 -0.012
-0.049 -0.005 -0.013
-0.050 -0.004 -0.013
-0.050 -0.004 -0.014
-0.050 -0.004 -0.015
-0.050 -0.003 -0.016
-0.051 -0.003 -0.016
-0.051 -0.002 -0.018
-0.052 0.000 -0.019
-0.050 -0.008 -0.014
0.159 0.226 0.465
0.160 0.224 0.465
0.159 0.222 0.465
0.159 0.220 0.464
0.159 0.217 0.464
0.159 0.215 0.464
0.158 0.213 0.464
0.158 0.210 0.463
0.158 0.208 0.463
0.158 0.206 0.463
0.157 0.203 0.462
0.157 0.201 0.462
0.157 0.198 0.461
0.156 0.196 0.461
0.156 0.194 0.461
0.156 0.191 0.460
0.156 0.189 0.460
0.155 0.186 0.460
0.155 0.184 0.460
0.155 0.182 0.459
0.154 0.179 0.458
0.154 0.177 0.458
0.154 0.174 0.458
0.153 0.172 0.457
0.153 0.169 0.457
0.153 0.167 0.456
0.152 0.165 0.456
0.152 0.162 0.455
0.152 0.160 0.455
0.151 0.157 0.454
0.151 0.155 0.454
0.151 0.152 0.453
0.150 0.150 0.453
0.150 0.147 0.452
0.150 0.145 0.452
0.149 0.142 0.451
0.149 0.140 0.451
0.149 0.137 0.450
0.148 0.135 0.450
0.148 0.132 0.449
0.148 0.130 0.449
0.147 0.127 0.448
0.147 0.125 0.448
0.146 0.122 0.446
0.146 0.120 0.445
0.145 0.117 0.444
0.144 0.115 0.443
0.144 0.112 0.442
0.143 0.110 0.441
0.143 0.107 0.440
0.142 0.105 0.439
0.142 0.102 0.438
0.141 0.100 0.437
0.141 0.097 0.436
0.141 0.095 0.436
0.140 0.092 0.436
0.140 0.090 0.435
0.140 0.087 0.436
0.140 0.085 0.435
0.139 0.082 0.435
0.139 0.080 0.435
0.139 0.077 0.434
0.138 0.074 0.433
0.138 0.072 0.433
0.138 0.069 0.432
0.137 0.067 0.432
0.137 0.064 0.432
0.137 0.062 0.431
0.136 0.059 0.430
0.136 0.057 0.429
0.135 0.054 0.429
0.135 0.051 0.428
0.134 0.049 0.427
0.134 0.046 0.426
0.133 0.044 0.425
0.133 0.041 0.424
0.132 0.039 0.421
0.130 0.037 0.419
0.130 0.034 0.417
0.129 0.032 0.415
0.128 0.029 0.413
0.127 0.027 0.411
0.126 0.025 0.409
0.125 0.022 0.407
0.124 0.020 0.406
0.123 0.018 0.404
0.122 0.015 0.402
0.121 0.013 0.399
0.120 0.011 0.398
0.120 0.008 0.396
0.119 0.006 0.394
0.118 0.004 0.392
0.116 0.002 0.388
0.111 0.002 0.377
0.100 0.005 0.349
0.094 0.005 0.336
0.090 0.005 0.326
0.086 0.005 0.316
0.082 0.005 0.306
0.078 0.005 0.296
0.074 0.005 0.286
0.071 0.005 0.278
0.067 0.004 0.270
0.064 0.004 0.263
0.062 0.004 0.256
0.059 0.004 0.249
0.056 0.004 0.243
0.053 0.004 0.236
0.051 0.003 0.230
0.049 0.003 0.225
0.046 0.003 0.219
0.044 0.003 0.214
0.042 0.003 0.209
0.040 0.002 0.204
0.038 0.002 0.199
0.036 0.002 0.194
0.034 0.002 0.189
0.032 0.002 0.184
0.030 0.002 0.180
0.028 0.002 0.175
0.026 0.002 0.171
0.025 0.002 0.166
0.023 0.002 0.162
0.021 0.002 0.159
0.020 0.002 0.155
0.018 0.002 0.151
0.017 0.001 0.148
0.015 0.001 0.144
0.014 0.001 0.141
0.013 0.001 0.138
0.011 0.001 0.135
0.010 0.001 0.132
0.009 0.001 0.129
0.008 0.001 0.126
0.007 0.001 0.123
0.005 0.000 0.120
0.004 0.000 0.118
0.003 0.000 0.115
0.002 0.000 0.113
0.001 0.000 0.110
0.000 0.000 0.108
-0.001 0.000 0.105
-0.002 0.000 0.103
-0.003 0.000 0.101
-0.004 0.000 0.099
-0.004 -0.001 0.096
-0.005 -0.001 0.094
-0.006 -0.001 0.092
-0.007 -0.001 0.090
-0.008 -0.001 0.088
-0.009 -0.001 0.086
-0.010 -0.001 0.084
-0.010 -0.001 0.082
-0.011 -0.001 0.080
-0.012 -0.001 0.078
-0.013 -0.001 0.077
-0.013 -0.002 0.075
-0.014 -0.002 0.073
-0.015 -0.002 0.072
-0.015 -0.002 0.070
-0.016 -0.002 0.068
-0.017 -0.002 0.067
-0.017 -0.002 0.065
-0.018 -0.002 0.064
-0.019 -0.002 0.062
-0.019 -0.002 0.061
-0.020 -0.002 0.059
-0.021 -0.002 0.058
-0.021 -0.003 0.056
-0.022 -0.003 0.055
-0.022 -0.003 0.054
-0.023 -0.003 0.052
-0.023 -0.003 0.051
-0.024 -0.003 0.050
-0.024 -0.003 0.049
-0.025 -0.003 0.047
-0.025 -0.003 0.046
-0.026 -0.003 0.045
-0.026 -0.003 0.044
-0.027 -0.003 0.042
-0.027 -0.004 0.041
-0.028 -0.004 0.040
-0.028 -0.004 0.039
-0.029 -0.004 0.038
-0.029 -0.004 0.037
-0.030 -0.004 0.035
-0.030 -0.004 0.034
-0.031 -0.004 0.033
-0.031 -0.004 0.032
-0.032 -0.004 0.031
-0.032 -0.004 0.030
-0.032 -0.004 0.029
-0.033 -0.004 0.028
-0.033 -0.004 0.027
-0.034 -0.004 0.026
-0.034 -0.004 0.025
-0.034 -0.004 0.024
-0.035 -0.004 0.023
-0.035 -0.004 0.022
-0.036 -0.004 0.022
-0.036 -0.004 0.021
-0.036 -0.004 0.020
-0.037 -0.004 0.019
-0.037 -0.004 0.018
-0.037 -0.004 0.017
-0.038 -0.005 0.016
-0.038 -0.005 0.015
-0.038 -0.005 0.015
-0.039 -0.005 0.014
-0.039 -0.005 0.013
-0.039 -0.005 0.013
-0.040 -0.005 0.012
-0.040 -0.005 0.011
-0.040 -0.005 0.010
-0.041 -0.005 0.009
-0.041 -0.005 0.009
-0.041 -0.005 0.008
-0.041 -0.005 0.007
-0.042 -0.005 0.007
-0.042 -0.005 0.006
-0.042 -0.006 0.005
-0.043 -0.006 0.005
-0.043 -0.006 0.004
-0.043 -0.006 0.003
-0.043 -0.006 0.003
-0.044 -0.006 0.002
-0.044 -0.006 0.001
-0.044 -0.006 0.001
-0.044 -0.006 0.000
-0.045 -0.006 0.000
-0.045 -0.006 -0.001
-0.045 -0.006 -0.002
-0.045 -0.006 -0.002
-0.046 -0.006 -0.003
-0.046 -0.006 -0.003
-0.046 -0.006 -0.004
-0.047 -0.006 -0.005
-0.047 -0.006 -0.005
-0.047 -0.006 -0.006
-0.047 -0.007 -0.006
-0.047 -0.007 -0.007
-0.048 -0.006 -0.008
-0.048 -0.006 -0.009
-0.048 -0.005 -0.010
-0.049 -0.005 -0.010
-0.049 -0.005 -0.011
-0.049 -0.005 -0.011
-0.050 -0.005 -0.012
-0.050 -0.004 -0.013
-0.050 -0.004 -0.014
-0.050 -0.004 -0.015
-0.051 -0.003 -0.015
-0.051 -0.003 -0.016
-0.051 -0.002 -0.017
-0.052 -0.001 -0.019
-0.050 -0.008 -0.014
0.158 0.226 0.465
0.158 0.224 0.466
0.158 0.222 0.466
0.158 0.220 0.465
0.157 0.217 0.465
0.157 0.215 0.465
0.157 0.213 0.465
0.157 0.210 0.464
0.156 0.208 0.464
0.156 0.205 0.463
0.156 0.203 0.463
0.156 0.201 0.462
0.155 0.198 0.462
0.155 0.196 0.462
0.155 0.194 0.462
0.155 0.191 0.461
0.154 0.189 0.461
0.154 0.186 0.461
0.154 0.184 0.460
0.154 0.182 0.460
0.153 0.179 0.459
0.153 0.177 0.459
0.152 0.174 0.458
0.152 0.172 0.458
0.152 0.169 0.458
0.151 0.167 0.457
0.151 0.165 0.457
0.151 0.162 0.456
0.150 0.160 0.455
0.150 0.157 0.455
0.150 0.155 0.455
0.149 0.152 0.454
0.149 0.150 0.454
0.149 0.147 0.453
0.148 0.145 0.453
0.148 0.142 0.452
0.148 0.140 0.451
0.147 0.137 0.451
0.147 0.135 0.450
0.146 0.132 0.449
0.146 0.130 0.449
0.146 0.127 0.448
0.145 0.125 0.447
0.145 0.122 0.447
0.144 0.120 0.445
0.143 0.117 0.444
0.143 0.115 0.443
0.142 0.112 0.442
0.142 0.110 0.440
0.141 0.107 0.440
0.141 0.105 0.439
0.140 0.102 0.438
0.140 0.100 0.438
0.140 0.097 0.437
0.139 0.095 0.437
0.139 0.092 0.437
0.139 0.090 0.436
0.138 0.087 0.436
0.138 0.085 0.436
0.138 0.082 0.436
0.138 0.079 0.436
0.137 0.077 0.435
0.137 0.074 0.434
0.137 0.072 0.433
0.136 0.069 0.433
0.136 0.067 0.433
0.136 0.064 0.432
0.135 0.062 0.432
0.135 0.059 0.431
0.134 0.057 0.430
0.134 0.054 0.430
0.134 0.051 0.429
0.133 0.049 0.428
0.133 0.046 0.427
0.132 0.044 0.426
0.131 0.041 0.424
0.130 0.039 0.422
0.129 0.037 0.420
0.128 0.034 0.418
0.127 0.032 0.416
0.126 0.029 0.414
0.125 0.027 0.412
0.124 0.025 0.410
0.123 0.022 0.408
0.123 0.020 0.406
0.122 0.018 0.404
0.121 0.015 0.402
0.120 0.013 0.400
0.119 0.011 0.398
0.118 0.009 0.396
0.117 0.006 0.394
0.116 0.004 0.392
0.114 0.002 0.389
0.110 0.002 0.379
0.098 0.005 0.348
0.092 0.006 0.334
0.088 0.005 0.324
0.085 0.005 0.315
0.081 0.005 0.306
0.077 0.005 0.296
0.073 0.005 0.287
0.070 0.005 0.279
0.067 0.004 0.271
0.064 0.004 0.264
0.061 0.004 0.257
0.058 0.004 0.250
0.055 0.004 0.243
0.052 0.004 0.237
0.050 0.003 0.231
0.048 0.003 0.225
0.046 0.003 0.220
0.043 0.003 0.215
0.041 0.003 0.209
0.039 0.002 0.204
0.037 0.002 0.199
0.035 0.002 0.194
0.033 0.002 0.189
0.031 0.002 0.184
0.029 0.002 0.180
0.027 0.002 0.175
0.025 0.002 0.171
0.024 0.002 0.167
0.022 0.002 0.163
0.020 0.002 0.159
0.019 0.002 0.155
0.017 0.002 0.152
0.016 0.001 0.148
0.015 0.001 0.145
0.013 0.001 0.141
0.012 0.001 0.138
0.011 0.001 0.135
0.010 0.001 0.132
0.008 0.001 0.129
0.007 0.001 0.126
0.006 0.001 0.123
0.005 0.000 0.121
0.004 0.000 0.118
0.003 0.000 0.116
0.002 0.000 0.113
0.001 0.000 0.110
0.000 0.000 0.108
-0.001 0.000 0.106
-0.002 0.000 0.103
-0.003 0.000 0.101
-0.004 -0.001 0.099
-0.005 -0.001 0.097
-0.006 -0.001 0.095
-0.007 -0.001 0.092
-0.008 -0.001 0.090
-0.008 -0.001 0.088
-0.009 -0.001 0.086
-0.010 -0.001 0.085
-0.011 -0.001 0.083
-0.012 -0.001 0.081
-0.012 -0.001 0.079
-0.013 -0.001 0.077
-0.014 -0.001 0.075
-0.015 -0.002 0.073
-0.015 -0.002 0.072
-0.016 -0.002 0.070
-0.017 -0.002 0.069
-0.017 -0.002 0.067
-0.018 -0.002 0.066
-0.018 -0.002 0.064
-0.019 -0.002 0.062
-0.020 -0.002 0.061
-0.020 -0.002 0.059
-0.021 -0.002 0.058
-0.022 -0.003 0.057
-0.022 -0.003 0.055
-0.023 -0.003 0.054
-0.023 -0.003 0.053
-0.024 -0.003 0.051
-0.024 -0.003 0.050
-0.025 -0.003 0.049
-0.025 -0.003 0.048
-0.026 -0.003 0.046
-0.026 -0.003 0.045
-0.027 -0.003 0.044
-0.027 -0.003 0.043
-0.028 -0.004 0.042
-0.028 -0.004 0.040
-0.029 -0.004 0.039
-0.029 -0.004 0.038
-0.030 -0.004 0.037
-0.030 -0.004 0.036
-0.031 -0.004 0.035
-0.031 -0.004 0.033
-0.032 -0.004 0.032
-0.032 -0.004 0.031
-0.032 -0.004 0.030
-0.033 -0.004 0.029
-0.033 -0.004 0.028
-0.034 -0.004 0.027
-0.034 -0.004 0.026
-0.034 -0.004 0.025
-0.035 -0.004 0.025
-0.035 -0.004 0.023
-0.036 -0.004 0.023
-0.036 -0.004 0.022
-0.036 -0.004 0.021
-0.037 -0.004 0.020
-0.037 -0.004 0.019
-0.037 -0.004 0.018
-0.038 -0.004 0.017
-0.038 -0.004 0.016
-0.038 -0.005 0.016
-0.039 -0.005 0.015
-0.039 -0.005 0.014
-0.039 -0.005 0.013
-0.040 -0.005 0.013
-0.040 -0.005 0.012
-0.040 -0.005 0.011
-0.041 -0.005 0.010
-0.041 -0.005 0.010
-0.041 -0.005 0.009
-0.041 -0.005 0.008
-0.042 -0.006 0.008
-0.042 -0.006 0.007
-0.042 -0.006 0.006
-0.043 -0.006 0.005
-0.043 -0.006 0.005
-0.043 -0.006 0.004
-0.043 -0.006 0.003
-0.044 -0.006 0.003
-0.044 -0.006 0.002
-0.044 -0.006 0.002
-0.044 -0.006 0.001
-0.045 -0.006 0.000
-0.045 -0.006 0.000
-0.045 -0.006 -0.001
-0.045 -0.006 -0.001
-0.046 -0.006 -0.002
-0.046 -0.006 -0.003
-0.046 -0.006 -0.003
-0.047 -0.006 -0.004
-0.047 -0.006 -0.005
-0.047 -0.006 -0.005
-0.047 -0.006 -0.006
-0.047 -0.007 -0.006
-0.048 -0.007 -0.007
-0.048 -0.006 -0.008
-0.048 -0.006 -0.009
-0.049 -0.005 -0.009
-0.049 -0.005 -0.010
-0.049 -0.005 -0.011
-0.049 -0.005 -0.011
-0.050 -0.005 -0.012
-0.050 -0.004 -0.013
-0.050 -0.004 -0.014
-0.051 -0.004 -0.014
-0.051 -0.003 -0.015
-0.051 -0.003 -0.016
-0.052 -0.002 -0.017
-0.052 -0.001 -0.019
-0.051 -0.009 -0.013
0.157 0.226 0.467
0.157 0.224 0.467
0.157 0.222 0.467
0.156 0.220 0.466
0.156 0.217 0.466
0.156 0.215 0.466
0.156 0.213 0.466
0.156 0.210 0.466
0.155 0.208 0.465
0.155 0.205 0.464
0.154 0.203 0.464
0.154 0.201 0.463
0.154 0.198 0.463
0.154 0.196 0.463
0.153 0.194 0.463
0.153 0.191 0.462
0.153 0.189 0.462
0.153 0.186 0.462
0.152 0.184 0.461
0.152 0.182 0.461
0.152 0.179 0.460
0.151 0.177 0.460
0.151 0.174 0.459
0.151 0.172 0.459
0.150 0.169 0.459
0.150 0.167 0.458
0.150 0.164 0.457
0.149 0.162 0.457
0.149 0.160 0.456
0.149 0.157 0.456
0.148 0.155 0.456
0.148 0.152 0.455
0.148 0.150 0.455
0.147 0.147 0.454
0.147 0.145 0.453
0.147 0.142 0.453
0.146 0.140 0.452
0.146 0.137 0.452
0.145 0.135 0.451
0.145 0.132 0.450
0.145 0.130 0.450
0.144 0.127 0.449
0.144 0.125 0.448
0.143 0.122 0.447
0.142 0.120 0.446
0.142 0.117 0.445
0.141 0.115 0.444
0.141 0.112 0.442
0.140 0.110 0.441
0.140 0.107 0.441
0.139 0.105 0.440
0.139 0.102 0.439
0.138 0.100 0.439
0.138 0.097 0.438
0.138 0.095 0.438
0.138 0.092 0.438
0.137 0.090 0.437
0.137 0.087 0.437
0.137 0.084 0.437
0.137 0.082 0.436
0.136 0.079 0.436
0.136 0.077 0.436
0.135 0.074 0.435
0.135 0.072 0.434
0.135 0.069 0.434
0.135 0.067 0.434
0.134 0.064 0.433
0.134 0.062 0.433
0.134 0.059 0.432
0.133 0.056 0.431
0.133 0.054 0.431
0.132 0.051 0.430
0.132 0.049 0.429
0.131 0.046 0.428
0.131 0.044 0.427
0.130 0.041 0.425
0.129 0.039 0.424
0.128 0.036 0.421
0.127 0.034 0.419
0.126 0.032 0.417
0.125 0.029 0.415
0.124 0.027 0.412
0.123 0.025 0.411
0.122 0.022 0.408
0.121 0.020 0.407
0.120 0.018 0.404
0.119 0.016 0.402
0.118 0.013 0.400
0.117 0.011 0.398
0.116 0.009 0.396
0.115 0.007 0.394
0.114 0.004 0.391
0.112 0.002 0.388
0.109 0.002 0.380
0.096 0.005 0.347
0.090 0.006 0.332
0.086 0.006 0.323
0.083 0.005 0.315
0.079 0.005 0.306
0.076 0.005 0.297
0.072 0.005 0.288
0.069 0.005 0.279
0.065 0.004 0.271
0.062 0.004 0.264
0.059 0.004 0.257
0.057 0.004 0.250
0.054 0.004 0.244
0.051 0.004 0.237
0.049 0.003 0.232
0.047 0.003 0.226
0.045 0.003 0.221
0.042 0.003 0.215
0.040 0.003 0.210
0.038 0.002 0.205
0.036 0.002 0.200
0.034 0.002 0.194
0.032 0.002 0.190
0.030 0.002 0.185
0.028 0.002 0.180
0.026 0.002 0.176
0.025 0.002 0.172
0.023 0.002 0.167
0.021 0.002 0.163
0.020 0.002 0.159
0.018 0.002 0.156
0.017 0.002 0.152
0.015 0.002 0.148
0.014 0.001 0.145
0.013 0.001 0.142
0.011 0.001 0.139
0.010 0.001 0.136
0.009 0.001 0.133
0.008 0.001 0.130
0.006 0.001 0.127
0.005 0.001 0.124
0.004 0.001 0.121
0.003 0.000 0.118
0.002 0.000 0.116
0.001 0.000 0.113
0.000 0.000 0.111
-0.001 0.000 0.108
-0.002 0.000 0.106
-0.003 0.000 0.103
-0.004 0.000 0.101
-0.005 0.000 0.099
-0.006 -0.001 0.097
-0.007 -0.001 0.095
-0.007 -0.001 0.093
-0.008 -0.001 0.091
-0.009 -0.001 0.089
-0.010 -0.001 0.087
-0.011 -0.001 0.085
-0.011 -0.001 0.083
-0.012 -0.001 0.081
-0.013 -0.001 0.079
-0.014 -0.001 0.077
-0.014 -0.001 0.075
-0.015 -0.002 0.074
-0.016 -0.002 0.072
-0.016 -0.002 0.071
-0.017 -0.002 0.069
-0.018 -0.002 0.067
-0.018 -0.002 0.066
-0.019 -0.002 0.064
-0.020 -0.002 0.063
-0.020 -0.002 0.061
-0.021 -0.002 0.060
-0.021 -0.003 0.058
-0.022 -0.003 0.057
-0.022 -0.003 0.056
-0.023 -0.003 0.054
-0.024 -0.003 0.053
-0.024 -0.003 0.052
-0.025 -0.003 0.050
-0.025 -0.003 0.049
-0.026 -0.003 0.048
-0.026 -0.003 0.047
-0.027 -0.003 0.046
-0.027 -0.004 0.044
-0.028 -0.004 0.043
-0.028 -0.004 0.042
-0.029 -0.004 0.041
-0.029 -0.004 0.039
-0.030 -0.004 0.038
-0.030 -0.004 0.037
-0.031 -0.004 0.036
-0.031 -0.004 0.035
-0.031 -0.004 0.034
-0.032 -0.004 0.033
-0.032 -0.004 0.032
-0.033 -0.004 0.031
-0.033 -0.004 0.029
-0.034 -0.004 0.028
-0.034 -0.004 0.027
-0.034 -0.004 0.027
-0.035 -0.004 0.025
-0.035 -0.004 0.025
-0.036 -0.004 0.024
-0.036 -0.004 0.023
-0.036 -0.004 0.022
-0.037 -0.004 0.021
-0.037 -0.004 0.020
-0.037 -0.004 0.019
-0.038 -0.004 0.018
-0.038 -0.004 0.017
-0.038 -0.004 0.017
-0.039 -0.004 0.016
-0.039 -0.004 0.015
-0.039 -0.005 0.014
-0.040 -0.005 0.013
-0.040 -0.005 0.013
-0.040 -0.005 0.012
-0.041 -0.005 0.011
-0.041 -0.005 0.011
-0.041 -0.005 0.010
-0.042 -0.005 0.009
-0.042 -0.005 0.009
-0.042 -0.006 0.008
-0.042 -0.006 0.007
-0.043 -0.006 0.006
-0.043 -0.005 0.006
-0.043 -0.006 0.005
-0.044 -0.006 0.004
-0.044 -0.006 0.004
-0.044 -0.006 0.003
-0.044 -0.006 0.002
-0.045 -0.006 0.002
-0.045 -0.006 0.001
-0.045 -0.006 0.001
-0.045 -0.006 0.000
-0.046 -0.006 -0.001
-0.046 -0.006 -0.001
-0.046 -0.006 -0.002
-0.046 -0.006 -0.002
-0.047 -0.006 -0.003
-0.047 -0.006 -0.004
-0.047 -0.006 -0.005
-0.047 -0.006 -0.005
-0.048 -0.006 -0.005
-0.048 -0.007 -0.006
-0.048 -0.007 -0.006
-0.048 -0.006 -0.008
-0.049 -0.006 -0.008
-0.049 -0.006 -0.009
-0.049 -0.005 -0.010
-0.049 -0.005 -0.010
-0.050 -0.005 -0.011
-0.050 -0.005 -0.012
-0.050 -0.004 -0.013
-0.051 -0.004 -0.013
-0.051 -0.004 -0.014
-0.051 -0.004 -0.015
-0.051 -0.004 -0.015
-0.052 -0.002 -0.017
-0.052 -0.001 -0.018
-0.051 -0.009 -0.013
0.156 0.226 0.468
0.156 0.224 0.468
0.156 0.222 0.468
0.155 0.220 0.467
0.155 0.217 0.467
0.155 0.215 0.467
0.155 0.213 0.467
0.154 0.210 0.466
0.154 0.208 0.466
0.154 0.205 0.465
0.153 0.203 0.465
0.153 0.201 0.464
0.153 0.198 0.464
0.152 0.196 0.464
0.152 0.193 0.463
0.152 0.191 0.463
0.152 0.189 0.463
0.151 0.186 0.463
0.151 0.184 0.462
0.151 0.181 0.462
0.150 0.179 0.461
0.150 0.177 0.461
0.150 0.174 0.460
0.149 0.172 0.460
0.149 0.169 0.459
0.149 0.167 0.459
0.148 0.164 0.458
0.148 0.162 0.458
0.148 0.159 0.457
0.147 0.157 0.457
0.147 0.155 0.457
0.147 0.152 0.456
0.146 0.150 0.456
0.146 0.147 0.455
0.146 0.145 0.454
0.145 0.142 0.454
0.145 0.140 0.453
0.144 0.137 0.452
0.144 0.135 0.452
0.143 0.132 0.451
0.143 0.130 0.450
0.143 0.127 0.450
0.142 0.125 0.449
0.142 0.122 0.448
0.141 0.120 0.447
0.141 0.117 0.446
0.140 0.115 0.444
0.139 0.112 0.443
0.139 0.110 0.442
0.138 0.107 0.442
0.138 0.105 0.441
0.138 0.102 0.440
0.137 0.100 0.440
0.137 0.097 0.440
0.137 0.095 0.439
0.136 0.092 0.439
0.136 0.089 0.439
0.136 0.087 0.438
0.136 0.084 0.438
0.135 0.082 0.438
0.135 0.079 0.437
0.135 0.077 0.437
0.134 0.074 0.436
0.134 0.072 0.436
0.134 0.069 0.436
0.133 0.067 0.435
0.133 0.064 0.435
0.133 0.061 0.434
0.132 0.059 0.434
0.132 0.056 0.433
0.132 0.054 0.432
0.131 0.051 0.432
0.130 0.049 0.430
0.130 0.046 0.429
0.129 0.044 0.428
0.129 0.041 0.427
0.128 0.039 0.425
0.127 0.036 0.423
0.126 0.034 0.420
0.125 0.032 0.419
0.124 0.029 0.416
0.123 0.027 0.414
0.122 0.025 0.411
0.120 0.022 0.409
0.119 0.020 0.407
0.118 0.018 0.405
0.117 0.016 0.402
0.116 0.013 0.400
0.116 0.011 0.399
0.115 0.009 0.396
0.113 0.007 0.394
0.112 0.005 0.391
0.111 0.003 0.388
0.108 0.002 0.380
0.095 0.005 0.347
0.088 0.006 0.331
0.085 0.006 0.323
0.082 0.005 0.315
0.078 0.005 0.306
0.075 0.005 0.297
0.071 0.005 0.289
0.068 0.005 0.280
0.064 0.004 0.272
0.061 0.004 0.264
0.058 0.004 0.257
0.056 0.004 0.250
0.053 0.004 0.244
0.050 0.004 0.238
0.048 0.003 0.232
0.046 0.003 0.226
0.044 0.003 0.221
0.042 0.003 0.216
0.039 0.003 0.210
0.037 0.002 0.205
0.035 0.002 0.200
0.033 0.002 0.195
0.031 0.002 0.190
0.029 0.002 0.185
0.027 0.002 0.181
0.026 0.002 0.176
0.024 0.002 0.172
0.022 0.002 0.168
0.021 0.002 0.164
0.019 0.002 0.160
0.017 0.002 0.156
0.016 0.002 0.152
0.015 0.002 0.149
0.013 0.001 0.145
0.012 0.001 0.142
0.011 0.001 0.139
0.009 0.001 0.136
0.008 0.001 0.133
0.007 0.001 0.130
0.006 0.001 0.127
0.005 0.001 0.124
0.003 0.001 0.121
0.002 0.000 0.119
0.001 0.000 0.116
0.000 0.000 0.113
-0.001 0.000 0.111
-0.002 0.000 0.109
-0.003 0.000 0.106
-0.004 0.000 0.104
-0.004 0.000 0.102
-0.005 0.000 0.099
-0.006 -0.001 0.097
-0.007 -0.001 0.095
-0.008 -0.001 0.093
-0.009 -0.001 0.091
-0.010 -0.001 0.089
-0.010 -0.001 0.087
-0.011 -0.001 0.085
-0.012 -0.001 0.083
-0.013 -0.001 0.081
-0.013 -0.001 0.080
-0.014 -0.001 0.078
-0.015 -0.002 0.076
-0.016 -0.002 0.074
-0.016 -0.002 0.073
-0.017 -0.002 0.071
-0.018 -0.002 0.069
-0.018 -0.002 0.067
-0.019 -0.002 0.066
-0.019 -0.002 0.065
-0.020 -0.002 0.063
-0.021 -0.002 0.062
-0.021 -0.002 0.060
-0.022 -0.003 0.059
-0.022 -0.003 0.058
-0.023 -0.003 0.056
-0.024 -0.003 0.055
-0.024 -0.003 0.053
-0.025 -0.003 0.052
-0.025 -0.003 0.051
-0.026 -0.003 0.049
-0.026 -0.003 0.048
-0.027 -0.003 0.047
-0.027 -0.003 0.046
-0.028 -0.003 0.044
-0.028 -0.003 0.043
-0.029 -0.004 0.042
-0.029 -0.004 0.041
-0.030 -0.004 0.040
-0.030 -0.004 0.038
-0.031 -0.004 0.037
-0.031 -0.004 0.036
-0.031 -0.004 0.035
-0.032 -0.004 0.034
-0.032 -0.004 0.033
-0.033 -0.004 0.032
-0.033 -0.004 0.031
-0.034 -0.004 0.030
-0.034 -0.004 0.029
-0.034 -0.004 0.028
-0.035 -0.004 0.027
-0.035 -0.004 0.026
-0.036 -0.004 0.025
-0.036 -0.004 0.024
-0.036 -0.004 0.023
-0.037 -0.004 0.022
-0.037 -0.004 0.021
-0.037 -0.004 0.020
-0.038 -0.004 0.019
-0.038 -0.004 0.018
-0.038 -0.004 0.018
-0.039 -0.004 0.017
-0.039 -0.005 0.016
-0.039 -0.005 0.015
-0.040 -0.005 0.015
-0.040 -0.005 0.014
-0.040 -0.005 0.013
-0.041 -0.005 0.012
-0.041 -0.005 0.012
-0.041 -0.005 0.011
-0.042 -0.005 0.010
-0.042 -0.005 0.009
-0.042 -0.005 0.009
-0.042 -0.005 0.008
-0.043 -0.005 0.007
-0.043 -0.005 0.007
-0.043 -0.005 0.006
-0.044 -0.006 0.005
-0.044 -0.006 0.005
-0.044 -0.006 0.004
-0.044 -0.006 0.003
-0.045 -0.006 0.003
-0.045 -0.006 0.002
-0.045 -0.006 0.002
-0.045 -0.006 0.001
-0.046 -0.006 0.000
-0.046 -0.006 0.000
-0.046 -0.006 -0.001
-0.046 -0.006 -0.002
-0.047 -0.006 -0.002
-0.047 -0.006 -0.003
-0.047 -0.006 -0.004
-0.048 -0.006 -0.005
-0.048 -0.006 -0.005
-0.048 -0.006 -0.005
-0.048 -0.007 -0.006
-0.048 -0.007 -0.006
-0.049 -0.006 -0.007
-0.049 -0.006 -0.008
-0.049 -0.006 -0.009
-0.049 -0.006 -0.009
-0.050 -0.006 -0.010
-0.050 -0.006 -0.011
-0.050 -0.005 -0.011
-0.051 -0.005 -0.012
-0.051 -0.004 -0.013
-0.051 -0.004 -0.014
-0.051 -0.004 -0.015
-0.052 -0.004 -0.015
-0.052 -0.002 -0.017
-0.053 -0.001 -0.018
-0.051 -0.009 -0.013
0.154 0.226 0.468
0.155 0.224 0.469
0.154 0.222 0.469
0.154 0.220 0.468
0.154 0.217 0.468
0.153 0.215 0.468
0.153 0.213 0.468
0.153 0.210 0.467
0.153 0.208 0.467
0.152 0.205 0.466
0.152 0.203 0.466
0.152 0.201 0.465
0.151 0.198 0.465
0.151 0.196 0.465
0.151 0.193 0.464
0.151 0.191 0.464
0.150 0.189 0.464
0.150 0.186 0.464
0.150 0.184 0.463
0.149 0.181 0.462
0.149 0.179 0.462
0.149 0.177 0.462
0.148 0.174 0.461
0.148 0.172 0.461
0.148 0.169 0.460
0.147 0.167 0.460
0.147 0.164 0.459
0.147 0.162 0.459
0.146 0.159 0.458
0.146 0.157 0.458
0.146 0.155 0.458
0.145 0.152 0.457
0.145 0.150 0.456
0.145 0.147 0.456
0.144 0.145 0.455
0.144 0.142 0.455
0.143 0.140 0.454
0.143 0.137 0.453
0.142 0.135 0.452
0.142 0.132 0.452
0.142 0.130 0.451
0.142 0.127 0.451
0.141 0.125 0.450
0.141 0.122 0.449
0.140 0.120 0.449
0.139 0.117 0.447
0.139 0.115 0.446
0.138 0.112 0.445
0.138 0.110 0.444
0.137 0.107 0.443
0.137 0.104 0.442
0.136 0.102 0.441
0.136 0.099 0.441
0.135 0.097 0.440
0.135 0.094 0.440
0.135 0.092 0.440
0.135 0.089 0.439
0.135 0.087 0.439
0.134 0.084 0.440
0.134 0.082 0.439
0.134 0.079 0.439
0.133 0.077 0.438
0.133 0.074 0.438
0.133 0.072 0.437
0.133 0.069 0.437
0.132 0.067 0.437
0.132 0.064 0.436
0.132 0.061 0.436
0.131 0.059 0.435
0.131 0.056 0.435
0.131 0.054 0.434
0.130 0.051 0.433
0.129 0.049 0.432
0.129 0.046 0.431
0.128 0.044 0.430
0.127 0.041 0.428
0.127 0.039 0.426
0.126 0.036 0.424
0.125 0.034 0.422
0.124 0.031 0.420
0.122 0.029 0.417
0.121 0.027 0.415
0.120 0.025 0.413
0.119 0.022 0.411
0.118 0.020 0.408
0.117 0.018 0.406
0.116 0.016 0.403
0.115 0.013 0.401
0.114 0.011 0.399
0.113 0.009 0.396
0.112 0.007 0.394
0.111 0.005 0.392
0.109 0.003 0.388
0.106 0.002 0.381
0.093 0.005 0.348
0.087 0.006 0.331
0.083 0.006 0.323
0.080 0.005 0.315
0.077 0.005 0.307
0.073 0.005 0.298
0.070 0.005 0.289
0.067 0.005 0.281
0.063 0.004 0.273
0.060 0.004 0.265
0.057 0.004 0.258
0.055 0.004 0.251
0.052 0.004 0.244
0.050 0.004 0.238
0.047 0.003 0.233
0.045 0.003 0.227
0.043 0.003 0.221
0.041 0.003 0.216
0.039 0.003 0.211
0.036 0.002 0.205
0.034 0.002 0.200
0.032 0.002 0.196
0.030 0.002 0.191
0.029 0.002 0.186
0.027 0.002 0.181
0.025 0.002 0.177
0.023 0.002 0.172
0.021 0.002 0.168
0.020 0.002 0.164
0.018 0.002 0.160
0.017 0.002 0.156
0.015 0.002 0.153
0.014 0.001 0.149
0.012 0.001 0.146
0.011 0.001 0.142
0.010 0.001 0.139
0.009 0.001 0.136
0.007 0.001 0.133
0.006 0.001 0.130
0.005 0.001 0.127
0.004 0.001 0.124
0.003 0.001 0.122
0.002 0.000 0.119
0.001 0.000 0.116
0.000 0.000 0.114
-0.001 0.000 0.111
-0.002 0.000 0.109
-0.003 0.000 0.106
-0.004 0.000 0.104
-0.005 0.000 0.102
-0.006 0.000 0.100
-0.007 0.000 0.097
-0.008 0.000 0.095
-0.009 -0.001 0.093
-0.009 -0.001 0.091
-0.010 -0.001 0.089
-0.011 -0.001 0.087
-0.012 -0.001 0.085
-0.012 -0.001 0.084
-0.013 -0.001 0.082
-0.014 -0.001 0.080
-0.015 -0.001 0.078
-0.015 -0.002 0.076
-0.016 -0.002 0.075
-0.017 -0.002 0.073
-0.017 -0.002 0.071
-0.018 -0.002 0.070
-0.019 -0.002 0.068
-0.019 -0.002 0.066
-0.020 -0.002 0.065
-0.021 -0.002 0.063
-0.021 -0.002 0.062
-0.022 -0.002 0.060
-0.022 -0.002 0.059
-0.023 -0.003 0.058
-0.023 -0.003 0.056
-0.024 -0.003 0.055
-0.025 -0.003 0.053
-0.025 -0.003 0.052
-0.026 -0.003 0.051
-0.026 -0.003 0.050
-0.027 -0.003 0.048
-0.027 -0.003 0.047
-0.028 -0.003 0.046
-0.028 -0.003 0.045
-0.029 -0.003 0.043
-0.029 -0.004 0.042
-0.030 -0.004 0.041
-0.030 -0.004 0.040
-0.030 -0.004 0.039
-0.031 -0.004 0.038
-0.031 -0.004 0.036
-0.032 -0.004 0.035
-0.032 -0.004 0.034
-0.033 -0.004 0.033
-0.033 -0.004 0.032
-0.034 -0.004 0.031
-0.034 -0.004 0.030
-0.034 -0.004 0.029
-0.035 -0.004 0.028
-0.035 -0.004 0.027
-0.036 -0.004 0.026
-0.036 -0.004 0.025
-0.036 -0.004 0.024
-0.037 -0.004 0.023
-0.037 -0.004 0.022
-0.037 -0.004 0.021
-0.038 -0.004 0.020
-0.038 -0.004 0.020
-0.039 -0.004 0.019
-0.039 -0.004 0.018
-0.039 -0.004 0.017
-0.039 -0.005 0.016
-0.040 -0.005 0.016
-0.040 -0.005 0.015
-0.040 -0.005 0.014
-0.041 -0.005 0.013
-0.041 -0.005 0.013
-0.041 -0.005 0.012
-0.042 -0.005 0.011
-0.042 -0.005 0.010
-0.042 -0.005 0.009
-0.042 -0.005 0.009
-0.043 -0.005 0.008
-0.043 -0.006 0.008
-0.043 -0.005 0.007
-0.044 -0.005 0.006
-0.044 -0.006 0.005
-0.044 -0.006 0.005
-0.044 -0.006 0.004
-0.045 -0.006 0.004
-0.045 -0.006 0.003
-0.045 -0.006 0.003
-0.045 -0.006 0.002
-0.046 -0.007 0.001
-0.046 -0.007 0.001
-0.046 -0.006 0.000
-0.046 -0.006 -0.001
-0.047 -0.006 -0.002
-0.047 -0.006 -0.002
-0.047 -0.006 -0.003
-0.047 -0.006 -0.004
-0.048 -0.006 -0.004
-0.048 -0.006 -0.005
-0.048 -0.006 -0.005
-0.048 -0.007 -0.005
-0.048 -0.007 -0.006
-0.049 -0.007 -0.007
-0.049 -0.006 -0.008
-0.049 -0.006 -0.008
-0.050 -0.006 -0.009
-0.050 -0.006 -0.010
-0.050 -0.006 -0.010
-0.050 -0.005 -0.011
-0.051 -0.005 -0.012
-0.051 -0.004 -0.013
-0.051 -0.004 -0.014
-0.052 -0.004 -0.015
-0.052 -0.003 -0.015
-0.052 -0.002 -0.016
-0.053 -0.001 -0.018
-0.051 -0.009 -0.012
0.153 0.226 0.469
0.153 0.224 0.470
0.153 0.222 0.470
0.153 0.219 0.469
0.152 0.217 0.469
0.152 0.215 0.469
0.152 0.212 0.469
0.152 0.210 0.468
0.151 0.208 0.468
0.151 0.205 0.467
0.151 0.203 0.467
0.150 0.200 0.466
0.150 0.198 0.466
0.150 0.196 0.466
0.149 0.193 0.465
0.149 0.191 0.465
0.149 0.189 0.465
0.149 0.186 0.464
0.148 0.184 0.464
0.148 0.181 0.463
0.148 0.179 0.463
0.147 0.177 0.463
0.147 0.174 0.462
0.147 0.172 0.462
0.146 0.169 0.461
0.146 0.167 0.461
0.146 0.164 0.460
0.145 0.162 0.459
0.145 0.159 0.459
0.145 0.157 0.459
0.144 0.155 0.459
0.144 0.152 0.458
0.144 0.150 0.457
0.143 0.147 0.457
0.143 0.145 0.456
0.142 0.142 0.455
0.142 0.140 0.455
0.142 0.137 0.454
0.141 0.135 0.453
0.141 0.132 0.453
0.141 0.130 0.453
0.140 0.127 0.453
0.140 0.125 0.452
0.139 0.122 0.451
0.139 0.120 0.450
0.138 0.117 0.449
0.137 0.115 0.447
0.137 0.112 0.446
0.136 0.109 0.445
0.136 0.107 0.444
0.135 0.104 0.443
0.135 0.102 0.442
0.134 0.099 0.441
0.134 0.097 0.441
0.134 0.094 0.440
0.133 0.092 0.439
0.133 0.089 0.439
0.133 0.087 0.439
0.132 0.084 0.438
0.132 0.082 0.438
0.132 0.079 0.438
0.132 0.077 0.438
0.131 0.074 0.438
0.131 0.072 0.437
0.131 0.069 0.437
0.131 0.067 0.437
0.130 0.064 0.437
0.130 0.061 0.436
0.130 0.059 0.436
0.129 0.056 0.435
0.129 0.054 0.435
0.129 0.051 0.435
0.128 0.049 0.434
0.128 0.046 0.433
0.127 0.043 0.432
0.126 0.041 0.430
0.125 0.039 0.427
0.124 0.036 0.426
0.124 0.034 0.424
0.122 0.031 0.421
0.121 0.029 0.419
0.120 0.027 0.416
0.119 0.025 0.414
0.118 0.022 0.411
0.117 0.020 0.409
0.116 0.018 0.406
0.115 0.016 0.404
0.113 0.013 0.401
0.112 0.011 0.399
0.111 0.009 0.397
0.110 0.007 0.394
0.109 0.005 0.392
0.108 0.003 0.389
0.105 0.001 0.382
0.092 0.005 0.349
0.085 0.006 0.332
0.082 0.006 0.323
0.079 0.005 0.315
0.076 0.005 0.307
0.072 0.005 0.298
0.069 0.005 0.290
0.065 0.005 0.281
0.062 0.004 0.274
0.059 0.004 0.266
0.056 0.004 0.258
0.054 0.004 0.251
0.051 0.004 0.245
0.049 0.004 0.239
0.046 0.003 0.233
0.044 0.003 0.227
0.042 0.003 0.222
0.040 0.003 0.217
0.038 0.003 0.211
0.036 0.002 0.206
0.033 0.002 0.201
0.032 0.002 0.196
0.030 0.002 0.191
0.028 0.002 0.186
0.026 0.002 0.181
0.024 0.002 0.177
0.022 0.002 0.173
0.021 0.002 0.168
0.019 0.002 0.164
0.018 0.002 0.161
0.016 0.002 0.157
0.015 0.002 0.153
0.013 0.002 0.149
0.012 0.001 0.146
0.010 0.001 0.143
0.009 0.001 0.140
0.008 0.001 0.137
0.007 0.001 0.134
0.006 0.001 0.131
0.004 0.001 0.127
0.003 0.001 0.125
0.002 0.000 0.122
0.001 0.000 0.119
0.000 0.000 0.117
-0.001 0.000 0.114
-0.002 0.000 0.111
-0.003 0.000 0.109
-0.004 0.000 0.107
-0.005 0.000 0.104
-0.006 0.000 0.102
-0.007 0.000 0.100
-0.008 0.000 0.097
-0.008 0.000 0.095
-0.009 -0.001 0.093
-0.010 -0.001 0.091
-0.011 -0.001 0.089
-0.012 -0.001 0.087
-0.012 -0.001 0.085
-0.013 -0.001 0.084
-0.014 -0.001 0.082
-0.015 -0.001 0.080
-0.015 -0.001 0.078
-0.016 -0.001 0.076
-0.017 -0.002 0.075
-0.017 -0.002 0.073
-0.018 -0.002 0.071
-0.019 -0.002 0.070
-0.019 -0.002 0.068
-0.020 -0.002 0.067
-0.021 -0.002 0.065
-0.021 -0.002 0.064
-0.022 -0.002 0.062
-0.022 -0.002 0.061
-0.023 -0.002 0.059
-0.023 -0.002 0.058
-0.024 -0.003 0.056
-0.025 -0.003 0.055
-0.025 -0.003 0.053
-0.026 -0.003 0.052
-0.026 -0.003 0.051
-0.027 -0.003 0.050
-0.027 -0.003 0.048
-0.028 -0.003 0.047
-0.028 -0.003 0.046
-0.029 -0.003 0.045
-0.029 -0.003 0.044
-0.030 -0.003 0.042
-0.030 -0.004 0.041
-0.030 -0.003 0.040
-0.031 -0.004 0.039
-0.031 -0.004 0.038
-0.032 -0.004 0.037
-0.032 -0.004 0.035
-0.033 -0.004 0.034
-0.033 -0.004 0.033
-0.034 -0.004 0.032
-0.034 -0.004 0.031
-0.034 -0.004 0.030
-0.035 -0.004 0.029
-0.035 -0.004 0.028
-0.036 -0.004 0.027
-0.036 -0.004 0.026
-0.036 -0.004 0.025
-0.037 -0.004 0.024
-0.037 -0.004 0.023
-0.037 -0.004 0.023
-0.038 -0.004 0.022
-0.038 -0.004 0.021
-0.038 -0.004 0.020
-0.039 -0.004 0.019
-0.039 -0.004 0.018
-0.039 -0.004 0.017
-0.040 -0.005 0.017
-0.040 -0.005 0.016
-0.040 -0.005 0.015
-0.041 -0.005 0.014
-0.041 -0.005 0.014
-0.041 -0.005 0.013
-0.042 -0.005 0.012
-0.042 -0.005 0.011
-0.042 -0.005 0.011
-0.043 -0.005 0.010
-0.043 -0.005 0.009
-0.043 -0.005 0.008
-0.043 -0.006 0.008
-0.044 -0.005 0.007
-0.044 -0.005 0.006
-0.044 -0.005 0.005
-0.044 -0.006 0.005
-0.045 -0.006 0.004
-0.045 -0.006 0.004
-0.045 -0.006 0.003
-0.045 -0.006 0.003
-0.046 -0.007 0.002
-0.046 -0.007 0.002
-0.046 -0.007 0.001
-0.046 -0.006 0.000
-0.047 -0.006 -0.001
-0.047 -0.006 -0.001
-0.047 -0.006 -0.002
-0.047 -0.006 -0.003
-0.048 -0.006 -0.003
-0.048 -0.006 -0.004
-0.048 -0.006 -0.005
-0.048 -0.007 -0.005
-0.048 -0.007 -0.005
-0.049 -0.007 -0.006
-0.049 -0.007 -0.006
-0.049 -0.007 -0.007
-0.050 -0.006 -0.008
-0.050 -0.006 -0.008
-0.050 -0.007 -0.009
-0.050 -0.006 -0.010
-0.051 -0.006 -0.011
-0.051 -0.005 -0.012
-0.051 -0.004 -0.013
-0.052 -0.004 -0.014
-0.052 -0.004 -0.014
-0.052 -0.004 -0.015
-0.053 -0.003 -0.016
-0.053 -0.001 -0.018
-0.052 -0.009 -0.012
0.152 0.226 0.471
0.152 0.224 0.471
0.152 0.222 0.471
0.151 0.219 0.470
0.151 0.217 0.470
0.151 0.215 0.470
0.151 0.212 0.470
0.150 0.210 0.469
0.150 0.208 0.468
0.150 0.205 0.468
0.149 0.203 0.468
0.149 0.200 0.467
0.149 0.198 0.467
0.148 0.196 0.467
0.148 0.193 0.466
0.148 0.191 0.466
0.148 0.189 0.466
0.147 0.186 0.465
0.147 0.184 0.465
0.147 0.181 0.464
0.146 0.179 0.464
0.146 0.176 0.463
0.146 0.174 0.463
0.145 0.172 0.463
0.145 0.169 0.462
0.145 0.167 0.461
0.144 0.164 0.461
0.144 0.162 0.460
0.144 0.159 0.460
0.143 0.157 0.460
0.143 0.154 0.459
0.143 0.152 0.459
0.142 0.150 0.458
0.142 0.147 0.458
0.142 0.145 0.457
0.141 0.142 0.456
0.141 0.140 0.456
0.140 0.137 0.455
0.140 0.135 0.454
0.139 0.132 0.454
0.139 0.130 0.453
0.139 0.127 0.453
0.138 0.125 0.452
0.138 0.122 0.452
0.137 0.120 0.450
0.137 0.117 0.449
0.136 0.114 0.448
0.136 0.112 0.447
0.135 0.109 0.446
0.134 0.107 0.445
0.134 0.104 0.443
0.133 0.102 0.442
0.132 0.099 0.441
0.132 0.097 0.440
0.131 0.094 0.439
0.131 0.092 0.438
0.130 0.089 0.437
0.130 0.087 0.436
0.130 0.084 0.436
0.129 0.082 0.435
0.129 0.079 0.434
0.128 0.077 0.433
0.128 0.074 0.433
0.128 0.072 0.433
0.127 0.069 0.432
0.127 0.067 0.432
0.127 0.064 0.432
0.127 0.062 0.432
0.127 0.059 0.433
0.127 0.056 0.433
0.127 0.054 0.433
0.126 0.051 0.433
0.126 0.049 0.433
0.126 0.046 0.432
0.125 0.044 0.431
0.124 0.041 0.429
0.124 0.039 0.428
0.123 0.036 0.426
0.122 0.034 0.424
0.121 0.031 0.422
0.120 0.029 0.419
0.119 0.027 0.417
0.117 0.025 0.414
0.116 0.022 0.412
0.115 0.020 0.409
0.114 0.018 0.407
0.113 0.016 0.404
0.112 0.013 0.402
0.111 0.011 0.399
0.110 0.009 0.397
0.109 0.007 0.394
0.108 0.005 0.392
0.106 0.003 0.389
0.104 0.001 0.384
0.091 0.005 0.350
0.084 0.006 0.332
0.081 0.006 0.324
0.078 0.005 0.316
0.074 0.005 0.307
0.071 0.005 0.299
0.068 0.005 0.290
0.064 0.005 0.282
0.061 0.004 0.274
0.058 0.004 0.266
0.055 0.004 0.259
0.053 0.004 0.252
0.050 0.004 0.245
0.048 0.004 0.239
0.045 0.003 0.233
0.043 0.003 0.228
0.041 0.003 0.222
0.039 0.003 0.217
0.037 0.003 0.211
0.035 0.002 0.206
0.033 0.002 0.201
0.031 0.002 0.196
0.029 0.002 0.191
0.027 0.002 0.186
0.025 0.002 0.182
0.023 0.002 0.177
0.021 0.002 0.173
0.020 0.002 0.169
0.018 0.002 0.165
0.017 0.002 0.161
0.015 0.002 0.157
0.014 0.002 0.153
0.012 0.002 0.150
0.011 0.001 0.146
0.010 0.001 0.143
0.009 0.001 0.140
0.007 0.001 0.137
0.006 0.001 0.134
0.005 0.001 0.131
0.004 0.001 0.128
0.003 0.001 0.125
0.002 0.001 0.122
0.001 0.000 0.120
-0.001 0.000 0.117
-0.002 0.000 0.114
-0.003 0.000 0.112
-0.004 0.000 0.109
-0.005 0.000 0.107
-0.005 0.000 0.105
-0.006 0.000 0.102
-0.007 0.000 0.100
-0.008 0.000 0.098
-0.009 0.000 0.096
-0.010 -0.001 0.094
-0.011 -0.001 0.092
-0.011 -0.001 0.089
-0.012 -0.001 0.088
-0.013 -0.001 0.086
-0.014 -0.001 0.084
-0.014 -0.001 0.082
-0.015 -0.001 0.080
-0.016 -0.001 0.078
-0.016 -0.001 0.077
-0.017 -0.001 0.075
-0.018 -0.002 0.073
-0.018 -0.002 0.072
-0.019 -0.002 0.070
-0.020 -0.002 0.068
-0.020 -0.002 0.067
-0.021 -0.002 0.065
-0.022 -0.002 0.064
-0.022 -0.002 0.062
-0.023 -0.002 0.061
-0.023 -0.002 0.059
-0.024 -0.003 0.058
-0.024 -0.003 0.057
-0.025 -0.003 0.055
-0.026 -0.003 0.054
-0.026 -0.003 0.052
-0.027 -0.003 0.051
-0.027 -0.003 0.050
-0.028 -0.003 0.049
-0.028 -0.003 0.047
-0.029 -0.003 0.046
-0.029 -0.003 0.045
-0.029 -0.003 0.044
-0.030 -0.003 0.043
-0.030 -0.003 0.041
-0.031 -0.003 0.040
-0.031 -0.004 0.039
-0.032 -0.004 0.038
-0.032 -0.004 0.037
-0.033 -0.004 0.036
-0.033 -0.004 0.035
-0.034 -0.004 0.033
-0.034 -0.004 0.033
-0.034 -0.004 0.032
-0.035 -0.004 0.031
-0.035 -0.004 0.030
-0.036 -0.004 0.029
-0.036 -0.004 0.027
-0.036 -0.004 0.026
-0.037 -0.004 0.026
-0.037 -0.004 0.025
-0.037 -0.004 0.024
-0.038 -0.004 0.023
-0.038 -0.004 0.022
-0.038 -0.004 0.021
-0.039 -0.004 0.020
-0.039 -0.004 0.019
-0.040 -0.004 0.018
-0.040 -0.004 0.017
-0.040 -0.005 0.017
-0.040 -0.005 0.016
-0.041 -0.005 0.015
-0.041 -0.005 0.015
-0.041 -0.005 0.014
-0.042 -0.005 0.013
-0.042 -0.005 0.012
-0.042 -0.005 0.012
-0.042 -0.005 0.011
-0.043 -0.005 0.010
-0.043 -0.006 0.009
-0.043 -0.006 0.009
-0.044 -0.006 0.008
-0.044 -0.005 0.007
-0.044 -0.006 0.007
-0.044 -0.006 0.006
-0.045 -0.006 0.005
-0.045 -0.006 0.005
-0.045 -0.006 0.004
-0.045 -0.006 0.004
-0.046 -0.007 0.003
-0.046 -0.007 0.003
-0.046 -0.007 0.002
-0.046 -0.007 0.001
-0.047 -0.007 0.001
-0.047 -0.007 0.000
-0.047 -0.007 -0.001
-0.047 -0.006 -0.002
-0.048 -0.006 -0.002
-0.048 -0.006 -0.003
-0.048 -0.006 -0.004
-0.048 -0.006 -0.004
-0.049 -0.007 -0.004
-0.049 -0.007 -0.005
-0.049 -0.008 -0.005
-0.049 -0.007 -0.006
-0.049 -0.007 -0.007
-0.050 -0.007 -0.007
-0.050 -0.007 -0.008
-0.050 -0.007 -0.008
-0.050 -0.007 -0.009
-0.051 -0.006 -0.010
-0.051 -0.005 -0.011
-0.052 -0.005 -0.012
-0.052 -0.004 -0.013
-0.052 -0.004 -0.014
-0.052 -0.004 -0.014
-0.053 -0.003 -0.016
-0.053 -0.001 -0.017
-0.052 -0.009 -0.012
0.150 0.226 0.471
0.151 0.224 0.472
0.150 0.222 0.472
0.150 0.219 0.471
0.150 0.217 0.471
0.149 0.215 0.471
0.149 0.212 0.470
0.149 0.210 0.470
0.148 0.208 0.469
0.148 0.205 0.469
0.148 0.203 0.469
0.147 0.200 0.468
0.147 0.198 0.468
0.147 0.196 0.467
0.147 0.193 0.467
0.146 0.191 0.466
0.146 0.188 0.466
0.146 0.186 0.466
0.145 0.184 0.466
0.145 0.181 0.465
0.145 0.179 0.464
0.145 0.176 0.464
0.144 0.174 0.464
0.144 0.172 0.464
0.144 0.169 0.463
0.143 0.167 0.462
0.143 0.164 0.462
0.143 0.162 0.461
0.142 0.159 0.461
0.142 0.157 0.460
0.142 0.154 0.460
0.141 0.152 0.460
0.141 0.149 0.459
0.140 0.147 0.458
0.140 0.145 0.458
0.140 0.142 0.457
0.139 0.139 0.456
0.139 0.137 0.456
0.139 0.135 0.456
0.138 0.132 0.455
0.138 0.129 0.454
0.136 0.127 0.451
0.135 0.124 0.449
0.135 0.122 0.449
0.135 0.119 0.449
0.135 0.117 0.449
0.135 0.114 0.448
0.134 0.112 0.447
0.133 0.109 0.446
0.132 0.107 0.443
0.131 0.104 0.441
0.131 0.102 0.440
0.130 0.099 0.439
0.130 0.097 0.438
0.129 0.094 0.437
0.128 0.092 0.435
0.127 0.089 0.434
0.127 0.087 0.433
0.126 0.084 0.431
0.125 0.082 0.430
0.125 0.079 0.429
0.124 0.077 0.428
0.123 0.075 0.426
0.123 0.072 0.425
0.122 0.070 0.424
0.122 0.067 0.423
0.121 0.065 0.422
0.121 0.062 0.422
0.121 0.060 0.422
0.121 0.057 0.423
0.121 0.054 0.424
0.121 0.052 0.424
0.121 0.049 0.424
0.121 0.047 0.424
0.120 0.044 0.422
0.120 0.042 0.422
0.120 0.039 0.422
0.120 0.037 0.423
0.119 0.034 0.421
0.118 0.032 0.420
0.117 0.029 0.418
0.116 0.027 0.416
0.115 0.025 0.413
0.114 0.022 0.411
0.113 0.020 0.409
0.112 0.018 0.406
0.111 0.016 0.404
0.111 0.013 0.402
0.109 0.011 0.400
0.108 0.009 0.397
0.107 0.007 0.395
0.106 0.005 0.392
0.105 0.003 0.389
0.103 0.001 0.385
0.090 0.005 0.350
0.083 0.006 0.333
0.080 0.006 0.324
0.076 0.005 0.316
0.073 0.005 0.308
0.070 0.005 0.299
0.066 0.005 0.290
0.063 0.005 0.282
0.060 0.004 0.274
0.057 0.004 0.267
0.054 0.004 0.259
0.052 0.004 0.252
0.049 0.004 0.246
0.047 0.004 0.240
0.044 0.003 0.234
0.042 0.003 0.228
0.040 0.003 0.222
0.038 0.003 0.217
0.036 0.003 0.212
0.034 0.003 0.206
0.032 0.002 0.201
0.030 0.002 0.196
0.028 0.002 0.192
0.026 0.002 0.187
0.024 0.002 0.182
0.022 0.002 0.177
0.021 0.002 0.173
0.019 0.002 0.169
0.017 0.002 0.165
0.016 0.002 0.162
0.015 0.002 0.158
0.013 0.002 0.154
0.012 0.001 0.150
0.010 0.001 0.147
0.009 0.001 0.144
0.008 0.001 0.140
0.007 0.001 0.137
0.005 0.001 0.134
0.004 0.001 0.131
0.003 0.001 0.128
0.002 0.001 0.125
0.001 0.001 0.123
0.000 0.000 0.120
-0.001 0.000 0.117
-0.002 0.000 0.115
-0.003 0.000 0.112
-0.004 0.000 0.110
-0.005 0.000 0.107
-0.006 0.000 0.105
-0.007 0.000 0.103
-0.008 0.000 0.100
-0.009 0.000 0.098
-0.010 0.000 0.096
-0.010 0.000 0.094
-0.011 -0.001 0.092
-0.012 -0.001 0.090
-0.013 -0.001 0.088
-0.013 -0.001 0.086
-0.014 -0.001 0.084
-0.015 -0.001 0.082
-0.016 -0.001 0.080
-0.016 -0.001 0.078
-0.017 -0.001 0.077
-0.018 -0.002 0.075
-0.018 -0.002 0.074
-0.019 -0.002 0.072
-0.020 -0.002 0.070
-0.020 -0.002 0.069
-0.021 -0.002 0.067
-0.021 -0.002 0.066
-0.022 -0.002 0.064
-0.023 -0.002 0.063
-0.023 -0.002 0.061
-0.024 -0.002 0.060
-0.024 -0.002 0.058
-0.025 -0.002 0.057
-0.025 -0.003 0.055
-0.026 -0.003 0.054
-0.026 -0.003 0.053
-0.027 -0.003 0.051
-0.028 -0.003 0.050
-0.028 -0.003 0.049
-0.028 -0.003 0.048
-0.029 -0.003 0.046
-0.029 -0.003 0.045
-0.030 -0.003 0.044
-0.030 -0.003 0.043
-0.031 -0.003 0.042
-0.031 -0.003 0.040
-0.032 -0.004 0.039
-0.032 -0.004 0.038
-0.033 -0.004 0.037
-0.033 -0.004 0.036
-0.034 -0.004 0.035
-0.034 -0.004 0.034
-0.034 -0.004 0.033
-0.035 -0.004 0.032
-0.035 -0.004 0.031
-0.035 -0.004 0.030
-0.036 -0.004 0.029
-0.036 -0.004 0.028
-0.037 -0.004 0.027
-0.037 -0.004 0.026
-0.037 -0.004 0.025
-0.038 -0.004 0.024
-0.038 -0.004 0.023
-0.038 -0.004 0.022
-0.039 -0.004 0.021
-0.039 -0.004 0.020
-0.040 -0.004 0.019
-0.040 -0.004 0.019
-0.040 -0.005 0.018
-0.041 -0.005 0.017
-0.041 -0.005 0.016
-0.041 -0.005 0.016
-0.041 -0.005 0.015
-0.042 -0.005 0.014
-0.042 -0.005 0.013
-0.042 -0.005 0.013
-0.042 -0.005 0.012
-0.043 -0.006 0.011
-0.043 -0.005 0.010
-0.043 -0.006 0.010
-0.044 -0.006 0.009
-0.044 -0.006 0.008
-0.044 -0.006 0.008
-0.044 -0.006 0.007
-0.045 -0.006 0.006
-0.045 -0.006 0.006
-0.045 -0.006 0.005
-0.045 -0.006 0.005
-0.046 -0.007 0.004
-0.046 -0.007 0.004
-0.046 -0.007 0.003
-0.046 -0.007 0.002
-0.047 -0.007 0.002
-0.047 -0.007 0.001
-0.047 -0.007 0.000
-0.047 -0.007 -0.001
-0.048 -0.007 -0.001
-0.048 -0.006 -0.002
-0.048 -0.006 -0.003
-0.049 -0.006 -0.003
-0.049 -0.007 -0.004
-0.049 -0.007 -0.004
-0.049 -0.007 -0.004
-0.049 -0.008 -0.005
-0.049 -0.007 -0.006
-0.050 -0.007 -0.006
-0.050 -0.007 -0.007
-0.050 -0.007 -0.007
-0.050 -0.007 -0.008
-0.051 -0.007 -0.009
-0.051 -0.007 -0.010
-0.051 -0.006 -0.011
-0.052 -0.005 -0.012
-0.052 -0.005 -0.013
-0.052 -0.004 -0.014
-0.053 -0.004 -0.014
-0.053 -0.003 -0.015
-0.054 -0.002 -0.017
-0.052 -0.009 -0.012
0.149 0.226 0.472
0.149 0.224 0.473
0.149 0.222 0.473
0.148 0.219 0.472
0.148 0.217 0.472
0.148 0.215 0.472
0.148 0.212 0.471
0.148 0.210 0.471
0.147 0.208 0.470
0.147 0.205 0.470
0.147 0.203 0.470
0.146 0.200 0.469
0.146 0.198 0.469
0.146 0.196 0.468
0.145 0.193 0.468
0.145 0.191 0.467
0.145 0.188 0.467
0.144 0.186 0.467
0.144 0.184 0.466
0.144 0.181 0.466
0.143 0.179 0.465
0.143 0.176 0.465
0.143 0.174 0.465
0.142 0.171 0.464
0.142 0.169 0.464
0.142 0.167 0.463
0.141 0.164 0.463
0.141 0.162 0.462
0.141 0.159 0.462
0.140 0.157 0.461
0.140 0.154 0.461
0.140 0.152 0.460
0.139 0.149 0.460
0.139 0.147 0.459
0.139 0.144 0.459
0.138 0.142 0.458
0.138 0.139 0.457
0.138 0.137 0.457
0.137 0.134 0.457
0.138 0.132 0.458
0.136 0.129 0.455
0.130 0.126 0.440
0.128 0.123 0.434
0.128 0.121 0.434
0.128 0.119 0.436
0.128 0.116 0.437
0.128 0.114 0.436
0.127 0.111 0.435
0.127 0.109 0.433
0.126 0.106 0.431
0.126 0.104 0.432
0.127 0.102 0.434
0.126 0.099 0.434
0.126 0.097 0.433
0.125 0.094 0.431
0.124 0.092 0.430
0.124 0.089 0.428
0.123 0.087 0.427
0.122 0.084 0.425
0.121 0.082 0.423
0.120 0.080 0.421
0.119 0.077 0.419
0.118 0.075 0.417
0.118 0.072 0.416
0.117 0.070 0.415
0.117 0.068 0.414
0.116 0.065 0.412
0.116 0.063 0.412
0.115 0.060 0.412
0.115 0.058 0.411
0.115 0.055 0.411
0.114 0.053 0.411
0.114 0.050 0.410
0.114 0.048 0.410
0.113 0.046 0.409
0.113 0.043 0.409
0.114 0.040 0.411
0.114 0.038 0.413
0.114 0.035 0.414
0.114 0.032 0.414
0.114 0.030 0.413
0.113 0.028 0.412
0.113 0.025 0.411
0.112 0.023 0.410
0.112 0.020 0.409
0.111 0.018 0.407
0.110 0.016 0.405
0.109 0.013 0.403
0.108 0.011 0.400
0.107 0.009 0.398
0.106 0.007 0.395
0.105 0.005 0.393
0.103 0.003 0.390
0.101 0.001 0.385
0.088 0.005 0.351
0.082 0.006 0.333
0.079 0.006 0.325
0.075 0.005 0.317
0.072 0.005 0.308
0.068 0.005 0.299
0.065 0.005 0.290
0.062 0.005 0.282
0.059 0.004 0.275
0.056 0.004 0.267
0.053 0.004 0.260
0.050 0.004 0.253
0.048 0.004 0.246
0.046 0.004 0.240
0.043 0.004 0.234
0.041 0.003 0.228
0.039 0.003 0.222
0.037 0.003 0.217
0.035 0.003 0.212
0.033 0.003 0.207
0.031 0.003 0.201
0.029 0.002 0.197
0.027 0.002 0.192
0.025 0.002 0.187
0.023 0.002 0.182
0.021 0.002 0.178
0.020 0.002 0.173
0.018 0.002 0.169
0.017 0.002 0.166
0.015 0.002 0.162
0.014 0.002 0.158
0.012 0.002 0.154
0.011 0.001 0.151
0.010 0.001 0.147
0.008 0.001 0.144
0.007 0.001 0.141
0.006 0.001 0.138
0.005 0.001 0.135
0.004 0.001 0.132
0.002 0.001 0.129
0.001 0.001 0.126
0.000 0.001 0.123
-0.001 0.001 0.120
-0.002 0.000 0.118
-0.003 0.000 0.115
-0.004 0.000 0.113
-0.005 0.000 0.110
-0.006 0.000 0.108
-0.007 0.000 0.105
-0.007 0.000 0.103
-0.008 0.000 0.101
-0.009 0.000 0.098
-0.010 0.000 0.096
-0.011 0.000 0.094
-0.012 0.000 0.092
-0.013 -0.001 0.090
-0.013 -0.001 0.088
-0.014 -0.001 0.086
-0.015 -0.001 0.084
-0.015 -0.001 0.082
-0.016 -0.001 0.080
-0.017 -0.001 0.079
-0.018 -0.001 0.077
-0.018 -0.001 0.075
-0.019 -0.002 0.074
-0.019 -0.002 0.072
-0.020 -0.002 0.071
-0.021 -0.002 0.069
-0.021 -0.002 0.067
-0.022 -0.002 0.066
-0.023 -0.002 0.064
-0.023 -0.002 0.063
-0.024 -0.002 0.061
-0.024 -0.002 0.060
-0.025 -0.002 0.059
-0.025 -0.003 0.057
-0.026 -0.003 0.056
-0.026 -0.003 0.054
-0.027 -0.003 0.053
-0.027 -0.003 0.052
-0.028 -0.003 0.050
-0.028 -0.003 0.049
-0.029 -0.003 0.048
-0.029 -0.003 0.047
-0.030 -0.003 0.045
-0.030 -0.003 0.044
-0.031 -0.003 0.043
-0.031 -0.003 0.042
-0.032 -0.003 0.041
-0.032 -0.003 0.040
-0.033 -0.003 0.038
-0.033 -0.004 0.037
-0.033 -0.004 0.036
-0.034 -0.003 0.035
-0.034 -0.004 0.034
-0.035 -0.004 0.033
-0.035 -0.004 0.032
-0.035 -0.004 0.031
-0.036 -0.004 0.030
-0.036 -0.004 0.029
-0.037 -0.004 0.028
-0.037 -0.004 0.027
-0.037 -0.004 0.026
-0.038 -0.004 0.025
-0.038 -0.004 0.024
-0.038 -0.004 0.023
-0.039 -0.004 0.022
-0.039 -0.004 0.021
-0.040 -0.004 0.021
-0.040 -0.004 0.020
-0.040 -0.004 0.019
-0.041 -0.005 0.018
-0.041 -0.005 0.017
-0.041 -0.005 0.016
-0.041 -0.005 0.016
-0.042 -0.005 0.015
-0.042 -0.005 0.014
-0.042 -0.005 0.014
-0.043 -0.005 0.013
-0.043 -0.005 0.012
-0.043 -0.005 0.011
-0.043 -0.006 0.011
-0.044 -0.006 0.010
-0.044 -0.006 0.009
-0.044 -0.006 0.009
-0.044 -0.006 0.008
-0.045 -0.006 0.008
-0.045 -0.006 0.007
-0.045 -0.006 0.006
-0.045 -0.006 0.005
-0.046 -0.007 0.005
-0.046 -0.007 0.004
-0.046 -0.007 0.004
-0.046 -0.007 0.003
-0.047 -0.007 0.003
-0.047 -0.007 0.002
-0.047 -0.007 0.001
-0.047 -0.007 0.000
-0.048 -0.007 0.000
-0.048 -0.007 -0.001
-0.048 -0.007 -0.002
-0.049 -0.006 -0.003
-0.049 -0.006 -0.003
-0.049 -0.007 -0.004
-0.049 -0.007 -0.004
-0.049 -0.008 -0.004
-0.049 -0.008 -0.005
-0.050 -0.008 -0.005
-0.050 -0.007 -0.006
-0.050 -0.008 -0.006
-0.050 -0.008 -0.007
-0.051 -0.008 -0.007
-0.051 -0.007 -0.008
-0.051 -0.007 -0.009
-0.052 -0.006 -0.010
-0.052 -0.006 -0.011
-0.052 -0.005 -0.012
-0.053 -0.004 -0.013
-0.053 -0.004 -0.014
-0.053 -0.003 -0.015
-0.054 -0.002 -0.017
-0.052 -0.009 -0.012
0.148 0.226 0.473
0.148 0.224 0.474
0.148 0.222 0.474
0.147 0.219 0.473
0.147 0.217 0.473
0.147 0.215 0.473
0.147 0.212 0.472
0.146 0.210 0.472
0.146 0.207 0.471
0.146 0.205 0.471
0.145 0.203 0.471
0.145 0.200 0.470
0.145 0.198 0.470
0.144 0.196 0.469
0.144 0.193 0.468
0.144 0.191 0.468
0.143 0.188 0.468
0.143 0.186 0.468
0.143 0.184 0.467
0.142 0.181 0.467
0.142 0.179 0.466
0.142 0.176 0.466
0.141 0.174 0.465
0.141 0.171 0.465
0.141 0.169 0.465
0.140 0.166 0.464
0.140 0.164 0.463
0.140 0.162 0.463
0.139 0.159 0.462
0.139 0.157 0.462
0.139 0.154 0.461
0.138 0.152 0.461
0.138 0.149 0.461
0.138 0.147 0.460
0.137 0.144 0.460
0.137 0.142 0.459
0.136 0.139 0.458
0.136 0.137 0.458
0.136 0.134 0.458
0.136 0.132 0.458
0.129 0.128 0.440
0.126 0.125 0.432
0.125 0.123 0.431
0.124 0.120 0.430
0.123 0.118 0.428
0.123 0.116 0.426
0.122 0.113 0.425
0.122 0.111 0.424
0.121 0.108 0.422
0.120 0.106 0.420
0.119 0.103 0.419
0.118 0.101 0.417
0.118 0.099 0.416
0.117 0.096 0.415
0.117 0.094 0.416
0.118 0.092 0.417
0.117 0.089 0.416
0.117 0.087 0.415
0.117 0.084 0.415
0.116 0.082 0.414
0.115 0.080 0.413
0.115 0.077 0.411
0.114 0.075 0.410
0.113 0.073 0.409
0.113 0.070 0.408
0.112 0.068 0.406
0.112 0.066 0.405
0.111 0.063 0.404
0.111 0.061 0.404
0.110 0.058 0.403
0.110 0.056 0.403
0.110 0.054 0.402
0.109 0.051 0.401
0.109 0.049 0.401
0.108 0.046 0.400
0.108 0.044 0.400
0.108 0.042 0.400
0.108 0.039 0.401
0.108 0.036 0.402
0.108 0.034 0.402
0.108 0.031 0.401
0.108 0.029 0.401
0.108 0.026 0.402
0.108 0.024 0.403
0.108 0.021 0.404
0.108 0.018 0.404
0.108 0.016 0.404
0.107 0.014 0.403
0.106 0.011 0.401
0.105 0.009 0.398
0.104 0.007 0.396
0.103 0.005 0.393
0.102 0.003 0.390
0.099 0.001 0.384
0.087 0.006 0.350
0.080 0.007 0.333
0.077 0.006 0.325
0.074 0.006 0.317
0.071 0.005 0.308
0.067 0.005 0.299
0.064 0.005 0.291
0.061 0.005 0.283
0.058 0.005 0.275
0.055 0.004 0.268
0.052 0.004 0.260
0.049 0.004 0.253
0.047 0.004 0.246
0.045 0.004 0.240
0.042 0.004 0.234
0.040 0.003 0.228
0.038 0.003 0.223
0.036 0.003 0.218
0.034 0.003 0.212
0.032 0.003 0.207
0.030 0.003 0.202
0.028 0.003 0.197
0.026 0.002 0.192
0.024 0.002 0.187
0.022 0.002 0.183
0.021 0.002 0.178
0.019 0.002 0.174
0.018 0.002 0.170
0.016 0.002 0.166
0.015 0.002 0.162
0.013 0.002 0.158
0.012 0.002 0.155
0.010 0.001 0.151
0.009 0.001 0.148
0.008 0.001 0.144
0.006 0.001 0.141
0.005 0.001 0.138
0.004 0.001 0.135
0.003 0.001 0.132
0.002 0.001 0.129
0.001 0.001 0.126
0.000 0.001 0.123
-0.001 0.001 0.121
-0.002 0.000 0.118
-0.003 0.000 0.115
-0.004 0.000 0.113
-0.005 0.000 0.110
-0.006 0.000 0.108
-0.007 0.000 0.105
-0.008 0.000 0.103
-0.009 0.000 0.101
-0.010 0.000 0.098
-0.011 0.000 0.096
-0.012 0.000 0.094
-0.012 0.000 0.092
-0.013 -0.001 0.090
-0.014 -0.001 0.088
-0.015 -0.001 0.086
-0.015 -0.001 0.084
-0.016 -0.001 0.083
-0.017 -0.001 0.081
-0.017 -0.001 0.079
-0.018 -0.001 0.077
-0.019 -0.001 0.076
-0.019 -0.002 0.074
-0.020 -0.002 0.072
-0.021 -0.002 0.071
-0.021 -0.002 0.069
-0.022 -0.002 0.068
-0.022 -0.002 0.066
-0.023 -0.002 0.065
-0.024 -0.002 0.063
-0.024 -0.002 0.062
-0.025 -0.002 0.060
-0.025 -0.003 0.059
-0.026 -0.003 0.057
-0.026 -0.003 0.056
-0.027 -0.003 0.055
-0.027 -0.003 0.053
-0.028 -0.003 0.052
-0.028 -0.003 0.051
-0.029 -0.003 0.049
-0.029 -0.003 0.048
-0.030 -0.003 0.047
-0.030 -0.003 0.046
-0.031 -0.003 0.044
-0.031 -0.003 0.043
-0.032 -0.003 0.042
-0.032 -0.003 0.041
-0.033 -0.003 0.040
-0.033 -0.003 0.039
-0.033 -0.003 0.037
-0.034 -0.003 0.036
-0.034 -0.003 0.035
-0.035 -0.004 0.034
-0.035 -0.004 0.033
-0.036 -0.004 0.032
-0.036 -0.004 0.031
-0.036 -0.004 0.030
-0.037 -0.004 0.029
-0.037 -0.004 0.028
-0.037 -0.004 0.027
-0.038 -0.004 0.026
-0.038 -0.004 0.025
-0.038 -0.004 0.024
-0.039 -0.004 0.023
-0.039 -0.004 0.023
-0.040 -0.004 0.022
-0.040 -0.004 0.021
-0.040 -0.004 0.020
-0.041 -0.004 0.019
-0.041 -0.004 0.018
-0.041 -0.005 0.018
-0.041 -0.005 0.017
-0.042 -0.005 0.016
-0.042 -0.005 0.015
-0.042 -0.005 0.015
-0.043 -0.005 0.014
-0.043 -0.005 0.013
-0.043 -0.005 0.012
-0.043 -0.005 0.012
-0.044 -0.006 0.011
-0.044 -0.006 0.010
-0.044 -0.006 0.010
-0.045 -0.006 0.009
-0.045 -0.006 0.008
-0.045 -0.006 0.008
-0.045 -0.006 0.007
-0.046 -0.006 0.006
-0.046 -0.006 0.006
-0.046 -0.007 0.005
-0.046 -0.007 0.005
-0.046 -0.007 0.004
-0.047 -0.007 0.004
-0.047 -0.007 0.003
-0.047 -0.007 0.002
-0.047 -0.007 0.001
-0.048 -0.007 0.001
-0.048 -0.007 0.000
-0.048 -0.007 -0.001
-0.049 -0.007 -0.001
-0.049 -0.006 -0.002
-0.049 -0.007 -0.003
-0.049 -0.007 -0.003
-0.049 -0.007 -0.004
-0.049 -0.008 -0.004
-0.050 -0.008 -0.004
-0.050 -0.008 -0.005
-0.050 -0.008 -0.005
-0.050 -0.008 -0.006
-0.051 -0.008 -0.007
-0.051 -0.008 -0.007
-0.051 -0.007 -0.008
-0.051 -0.007 -0.009
-0.052 -0.007 -0.010
-0.052 -0.006 -0.011
-0.052 -0.005 -0.012
-0.053 -0.005 -0.013
-0.053 -0.004 -0.014
-0.053 -0.003 -0.015
-0.054 -0.002 -0.016
-0.053 -0.009 -0.012
0.146 0.226 0.474
0.147 0.224 0.475
0.146 0.222 0.475
0.146 0.219 0.474
0.145 0.217 0.473
0.145 0.215 0.473
0.145 0.212 0.473
0.145 0.210 0.473
0.144 0.207 0.472
0.144 0.205 0.472
0.144 0.203 0.471
0.143 0.200 0.471
0.143 0.198 0.470
0.143 0.196 0.470
0.143 0.193 0.470
0.142 0.191 0.469
0.142 0.188 0.469
0.142 0.186 0.469
0.141 0.183 0.468
0.141 0.181 0.467
0.141 0.179 0.467
0.140 0.176 0.466
0.140 0.174 0.466
0.140 0.171 0.466
0.139 0.169 0.465
0.139 0.166 0.465
0.139 0.164 0.464
0.138 0.162 0.464
0.138 0.159 0.463
0.138 0.157 0.463
0.137 0.154 0.462
0.137 0.152 0.462
0.137 0.149 0.462
0.136 0.147 0.461
0.136 0.144 0.460
0.135 0.142 0.460
0.135 0.139 0.458
0.135 0.137 0.458
0.134 0.134 0.458
0.133 0.132 0.456
0.126 0.128 0.437
0.124 0.125 0.432
0.123 0.123 0.429
0.122 0.120 0.429
0.121 0.118 0.426
0.120 0.115 0.423
0.119 0.113 0.422
0.118 0.110 0.420
0.118 0.108 0.418
0.117 0.106 0.416
0.116 0.103 0.414
0.115 0.101 0.413
0.114 0.099 0.411
0.114 0.096 0.410
0.113 0.094 0.409
0.113 0.092 0.409
0.113 0.089 0.408
0.112 0.087 0.408
0.112 0.084 0.407
0.112 0.082 0.407
0.111 0.080 0.406
0.111 0.077 0.405
0.110 0.075 0.404
0.110 0.073 0.404
0.109 0.070 0.403
0.109 0.068 0.402
0.108 0.066 0.401
0.108 0.063 0.400
0.107 0.061 0.399
0.107 0.059 0.399
0.107 0.056 0.398
0.106 0.054 0.398
0.106 0.052 0.397
0.105 0.049 0.396
0.105 0.047 0.395
0.105 0.045 0.395
0.105 0.042 0.395
0.104 0.040 0.395
0.104 0.037 0.395
0.104 0.035 0.395
0.104 0.032 0.395
0.104 0.030 0.395
0.103 0.027 0.395
0.103 0.025 0.395
0.104 0.022 0.396
0.104 0.019 0.398
0.104 0.017 0.399
0.104 0.014 0.399
0.104 0.012 0.398
0.103 0.009 0.397
0.102 0.007 0.395
0.101 0.005 0.393
0.100 0.003 0.389
0.097 0.002 0.383
0.085 0.006 0.349
0.079 0.007 0.334
0.076 0.006 0.326
0.073 0.006 0.317
0.069 0.005 0.308
0.066 0.005 0.299
0.063 0.005 0.291
0.060 0.005 0.283
0.057 0.005 0.275
0.054 0.004 0.268
0.051 0.004 0.260
0.048 0.004 0.253
0.046 0.004 0.246
0.044 0.004 0.241
0.041 0.004 0.234
0.039 0.003 0.229
0.037 0.003 0.223
0.035 0.003 0.218
0.033 0.003 0.212
0.031 0.003 0.207
0.029 0.003 0.202
0.027 0.003 0.197
0.025 0.003 0.192
0.023 0.002 0.187
0.021 0.002 0.183
0.020 0.002 0.178
0.018 0.002 0.174
0.017 0.002 0.170
0.015 0.002 0.166
0.014 0.002 0.163
0.012 0.002 0.159
0.011 0.002 0.155
0.010 0.002 0.152
0.008 0.001 0.148
0.007 0.001 0.145
0.006 0.001 0.141
0.005 0.001 0.138
0.003 0.001 0.135
0.002 0.001 0.132
0.001 0.001 0.129
0.000 0.001 0.126
-0.001 0.001 0.124
-0.002 0.001 0.121
-0.003 0.001 0.118
-0.004 0.000 0.115
-0.005 0.000 0.113
-0.006 0.000 0.111
-0.007 0.000 0.108
-0.008 0.000 0.106
-0.009 0.000 0.103
-0.010 0.000 0.101
-0.010 0.000 0.099
-0.011 0.000 0.097
-0.012 0.000 0.095
-0.013 0.000 0.093
-0.014 -0.001 0.091
-0.014 -0.001 0.089
-0.015 -0.001 0.086
-0.016 -0.001 0.085
-0.017 -0.001 0.083
-0.017 -0.001 0.081
-0.018 -0.001 0.079
-0.019 -0.001 0.078
-0.019 -0.001 0.076
-0.020 -0.001 0.074
-0.021 -0.001 0.072
-0.021 -0.002 0.071
-0.022 -0.002 0.069
-0.022 -0.002 0.068
-0.023 -0.002 0.066
-0.023 -0.002 0.065
-0.024 -0.002 0.063
-0.025 -0.002 0.062
-0.025 -0.002 0.060
-0.026 -0.002 0.059
-0.026 -0.002 0.058
-0.027 -0.003 0.056
-0.027 -0.003 0.055
-0.028 -0.003 0.053
-0.028 -0.003 0.052
-0.029 -0.003 0.051
-0.029 -0.003 0.050
-0.030 -0.003 0.048
-0.030 -0.003 0.047
-0.031 -0.003 0.046
-0.031 -0.003 0.045
-0.032 -0.003 0.044
-0.032 -0.003 0.042
-0.033 -0.003 0.041
-0.033 -0.003 0.040
-0.033 -0.003 0.039
-0.034 -0.003 0.037
-0.034 -0.003 0.036
-0.035 -0.003 0.035
-0.035 -0.003 0.034
-0.035 -0.004 0.033
-0.036 -0.004 0.032
-0.036 -0.004 0.031
-0.037 -0.004 0.030
-0.037 -0.004 0.029
-0.037 -0.004 0.028
-0.038 -0.004 0.027
-0.038 -0.004 0.026
-0.039 -0.004 0.025
-0.039 -0.004 0.024
-0.039 -0.004 0.023
-0.040 -0.004 0.023
-0.040 -0.004 0.022
-0.040 -0.004 0.021
-0.041 -0.004 0.020
-0.041 -0.004 0.019
-0.041 -0.004 0.018
-0.041 -0.005 0.018
-0.042 -0.005 0.017
-0.042 -0.005 0.016
-0.042 -0.005 0.015
-0.043 -0.005 0.015
-0.043 -0.005 0.014
-0.043 -0.005 0.013
-0.044 -0.005 0.012
-0.044 -0.005 0.012
-0.044 -0.005 0.011
-0.044 -0.006 0.010
-0.045 -0.006 0.010
-0.045 -0.006 0.009
-0.045 -0.006 0.008
-0.045 -0.006 0.008
-0.046 -0.006 0.007
-0.046 -0.006 0.007
-0.046 -0.006 0.006
-0.046 -0.007 0.005
-0.047 -0.007 0.005
-0.047 -0.007 0.004
-0.047 -0.007 0.004
-0.047 -0.007 0.003
-0.047 -0.007 0.002
-0.048 -0.007 0.002
-0.048 -0.007 0.001
-0.048 -0.007 0.000
-0.049 -0.007 -0.001
-0.049 -0.007 -0.001
-0.049 -0.007 -0.002
-0.049 -0.007 -0.002
-0.049 -0.007 -0.003
-0.050 -0.007 -0.003
-0.050 -0.008 -0.003
-0.050 -0.008 -0.004
-0.050 -0.008 -0.005
-0.050 -0.008 -0.005
-0.051 -0.008 -0.006
-0.051 -0.008 -0.007
-0.051 -0.008 -0.007
-0.051 -0.007 -0.008
-0.052 -0.007 -0.008
-0.052 -0.007 -0.010
-0.052 -0.006 -0.011
-0.053 -0.006 -0.011
-0.053 -0.005 -0.013
-0.053 -0.004 -0.013
-0.054 -0.003 -0.015
-0.054 -0.002 -0.016
-0.053 -0.009 -0.011
0.145 0.226 0.475
0.145 0.224 0.476
0.145 0.222 0.476
0.145 0.219 0.475
0.144 0.217 0.474
0.144 0.215 0.474
0.144 0.212 0.474
0.144 0.210 0.474
0.143 0.207 0.473
0.143 0.205 0.473
0.143 0.203 0.473
0.142 0.200 0.472
0.142 0.198 0.471
0.142 0.195 0.471
0.141 0.193 0.470
0.141 0.191 0.470
0.141 0.188 0.470
0.140 0.186 0.469
0.140 0.183 0.469
0.140 0.181 0.468
0.139 0.179 0.468
0.139 0.176 0.467
0.139 0.174 0.467
0.138 0.171 0.467
0.138 0.169 0.466
0.138 0.166 0.466
0.137 0.164 0.465
0.137 0.161 0.465
0.137 0.159 0.464
0.136 0.157 0.463
0.136 0.154 0.463
0.135 0.152 0.462
0.135 0.149 0.462
0.135 0.147 0.462
0.135 0.144 0.461
0.134 0.142 0.460
0.133 0.139 0.459
0.133 0.137 0.459
0.133 0.134 0.459
0.132 0.132 0.456
0.125 0.128 0.439
0.123 0.125 0.434
0.121 0.123 0.430
0.121 0.120 0.429
0.119 0.118 0.426
0.118 0.115 0.422
0.117 0.113 0.420
0.116 0.110 0.418
0.115 0.108 0.416
0.114 0.106 0.414
0.113 0.103 0.412
0.113 0.101 0.410
0.112 0.098 0.409
0.111 0.096 0.407
0.111 0.094 0.406
0.110 0.091 0.406
0.110 0.089 0.405
0.109 0.087 0.405
0.109 0.085 0.404
0.108 0.082 0.403
0.108 0.080 0.402
0.108 0.078 0.401
0.107 0.075 0.401
0.107 0.073 0.400
0.106 0.071 0.399
0.106 0.068 0.398
0.105 0.066 0.397
0.105 0.064 0.396
0.104 0.061 0.395
0.104 0.059 0.395
0.104 0.057 0.395
0.103 0.054 0.394
0.103 0.052 0.393
0.103 0.050 0.393
0.102 0.047 0.392
0.102 0.045 0.392
0.102 0.042 0.391
0.101 0.040 0.392
0.101 0.038 0.392
0.101 0.035 0.392
0.101 0.033 0.391
0.101 0.030 0.391
0.100 0.028 0.391
0.100 0.026 0.391
0.100 0.023 0.391
0.100 0.020 0.392
0.100 0.018 0.393
0.101 0.015 0.393
0.101 0.013 0.394
0.100 0.010 0.394
0.100 0.008 0.393
0.099 0.005 0.391
0.098 0.003 0.389
0.095 0.002 0.381
0.083 0.006 0.348
0.077 0.007 0.333
0.074 0.006 0.325
0.071 0.006 0.317
0.068 0.006 0.308
0.064 0.005 0.299
0.061 0.005 0.291
0.058 0.005 0.283
0.055 0.005 0.275
0.053 0.005 0.268
0.050 0.004 0.261
0.047 0.004 0.254
0.045 0.004 0.247
0.042 0.004 0.241
0.040 0.004 0.235
0.038 0.003 0.229
0.036 0.003 0.223
0.034 0.003 0.218
0.032 0.003 0.213
0.030 0.003 0.207
0.028 0.003 0.202
0.026 0.003 0.197
0.024 0.003 0.192
0.022 0.003 0.188
0.021 0.002 0.183
0.019 0.002 0.179
0.017 0.002 0.175
0.016 0.002 0.170
0.014 0.002 0.167
0.013 0.002 0.163
0.012 0.002 0.159
0.010 0.002 0.155
0.009 0.002 0.152
0.008 0.001 0.149
0.006 0.001 0.145
0.005 0.001 0.142
0.004 0.001 0.138
0.003 0.001 0.135
0.002 0.001 0.133
0.000 0.001 0.130
-0.001 0.001 0.127
-0.002 0.001 0.124
-0.003 0.001 0.121
-0.004 0.001 0.118
-0.005 0.001 0.116
-0.006 0.001 0.113
-0.007 0.000 0.111
-0.008 0.000 0.108
-0.008 0.000 0.106
-0.009 0.000 0.104
-0.010 0.000 0.101
-0.011 0.000 0.099
-0.012 0.000 0.097
-0.013 0.000 0.095
-0.013 0.000 0.093
-0.014 0.000 0.091
-0.015 -0.001 0.089
-0.016 -0.001 0.087
-0.016 -0.001 0.085
-0.017 -0.001 0.083
-0.018 -0.001 0.081
-0.019 -0.001 0.079
-0.019 -0.001 0.078
-0.020 -0.001 0.076
-0.020 -0.001 0.074
-0.021 -0.001 0.073
-0.022 -0.002 0.071
-0.022 -0.002 0.069
-0.023 -0.002 0.068
-0.023 -0.002 0.066
-0.024 -0.002 0.065
-0.025 -0.002 0.063
-0.025 -0.002 0.062
-0.026 -0.002 0.060
-0.026 -0.002 0.059
-0.027 -0.002 0.058
-0.027 -0.002 0.056
-0.028 -0.003 0.055
-0.028 -0.003 0.054
-0.029 -0.003 0.052
-0.029 -0.003 0.051
-0.030 -0.003 0.050
-0.030 -0.003 0.048
-0.031 -0.003 0.047
-0.031 -0.003 0.046
-0.032 -0.003 0.045
-0.032 -0.003 0.044
-0.033 -0.003 0.042
-0.033 -0.003 0.041
-0.033 -0.003 0.040
-0.034 -0.003 0.039
-0.034 -0.003 0.038
-0.035 -0.003 0.036
-0.035 -0.003 0.035
-0.036 -0.003 0.034
-0.036 -0.003 0.033
-0.036 -0.003 0.032
-0.037 -0.004 0.031
-0.037 -0.004 0.030
-0.038 -0.003 0.029
-0.038 -0.004 0.028
-0.038 -0.004 0.027
-0.039 -0.004 0.026
-0.039 -0.004 0.025
-0.039 -0.004 0.024
-0.040 -0.004 0.024
-0.040 -0.004 0.023
-0.040 -0.004 0.022
-0.041 -0.004 0.021
-0.041 -0.004 0.020
-0.041 -0.004 0.019
-0.042 -0.004 0.018
-0.042 -0.004 0.018
-0.042 -0.005 0.017
-0.042 -0.005 0.016
-0.043 -0.005 0.015
-0.043 -0.005 0.015
-0.043 -0.005 0.014
-0.044 -0.005 0.013
-0.044 -0.005 0.012
-0.044 -0.005 0.012
-0.045 -0.005 0.011
-0.045 -0.005 0.010
-0.045 -0.005 0.010
-0.045 -0.006 0.009
-0.045 -0.006 0.009
-0.046 -0.006 0.008
-0.046 -0.006 0.007
-0.046 -0.006 0.007
-0.046 -0.006 0.006
-0.047 -0.006 0.005
-0.047 -0.007 0.005
-0.047 -0.007 0.004
-0.047 -0.007 0.004
-0.048 -0.007 0.003
-0.048 -0.007 0.002
-0.048 -0.007 0.002
-0.048 -0.007 0.001
-0.049 -0.007 0.000
-0.049 -0.007 0.000
-0.049 -0.007 -0.001
-0.049 -0.007 -0.002
-0.050 -0.007 -0.002
-0.050 -0.007 -0.002
-0.050 -0.008 -0.003
-0.050 -0.008 -0.003
-0.050 -0.008 -0.004
-0.050 -0.008 -0.005
-0.051 -0.008 -0.005
-0.051 -0.008 -0.006
-0.051 -0.008 -0.006
-0.051 -0.008 -0.007
-0.052 -0.007 -0.008
-0.052 -0.007 -0.008
-0.052 -0.007 -0.009
-0.053 -0.006 -0.010
-0.053 -0.006 -0.011
-0.053 -0.005 -0.012
-0.054 -0.004 -0.013
-0.054 -0.003 -0.014
-0.054 -0.003 -0.016
-0.053 -0.010 -0.011
0.144 0.226 0.476
0.144 0.224 0.477
0.144 0.222 0.477
0.143 0.219 0.476
0.143 0.217 0.475
0.143 0.214 0.475
0.143 0.212 0.476
0.142 0.210 0.475
0.142 0.207 0.474
0.142 0.205 0.474
0.141 0.203 0.473
0.141 0.200 0.473
0.141 0.198 0.472
0.140 0.195 0.472
0.140 0.193 0.472
0.140 0.191 0.471
0.139 0.188 0.471
0.139 0.186 0.470
0.139 0.183 0.470
0.138 0.181 0.469
0.138 0.179 0.469
0.138 0.176 0.469
0.137 0.174 0.468
0.137 0.171 0.468
0.137 0.169 0.467
0.136 0.166 0.467
0.136 0.164 0.466
0.136 0.161 0.465
0.135 0.159 0.465
0.135 0.156 0.464
0.135 0.154 0.464
0.134 0.152 0.463
0.134 0.149 0.463
0.134 0.147 0.463
0.133 0.144 0.462
0.133 0.142 0.461
0.132 0.139 0.460
0.132 0.137 0.460
0.131 0.134 0.459
0.130 0.132 0.457
0.125 0.128 0.442
0.122 0.125 0.436
0.121 0.123 0.433
0.120 0.120 0.431
0.118 0.118 0.427
0.117 0.115 0.423
0.115 0.113 0.420
0.114 0.110 0.417
0.113 0.108 0.414
0.112 0.105 0.412
0.111 0.103 0.410
0.110 0.101 0.409
0.110 0.098 0.407
0.109 0.096 0.405
0.108 0.094 0.404
0.108 0.091 0.403
0.107 0.089 0.403
0.107 0.087 0.402
0.106 0.084 0.401
0.106 0.082 0.400
0.105 0.080 0.399
0.105 0.078 0.398
0.105 0.075 0.398
0.104 0.073 0.397
0.104 0.071 0.396
0.103 0.068 0.396
0.103 0.066 0.395
0.102 0.064 0.394
0.102 0.061 0.393
0.101 0.059 0.392
0.101 0.057 0.392
0.101 0.054 0.391
0.100 0.052 0.391
0.100 0.050 0.390
0.099 0.048 0.389
0.099 0.045 0.389
0.099 0.043 0.388
0.099 0.040 0.388
0.099 0.038 0.389
0.098 0.036 0.388
0.098 0.033 0.388
0.098 0.031 0.387
0.097 0.029 0.387
0.097 0.026 0.387
0.097 0.024 0.387
0.097 0.021 0.387
0.097 0.019 0.388
0.097 0.016 0.388
0.097 0.014 0.388
0.097 0.011 0.389
0.097 0.008 0.389
0.096 0.006 0.388
0.095 0.004 0.386
0.091 0.004 0.375
0.081 0.007 0.347
0.076 0.007 0.334
0.073 0.006 0.325
0.070 0.006 0.316
0.066 0.006 0.308
0.063 0.005 0.299
0.060 0.005 0.291
0.057 0.005 0.283
0.054 0.005 0.276
0.052 0.005 0.268
0.049 0.004 0.261
0.046 0.004 0.254
0.044 0.004 0.247
0.041 0.004 0.241
0.039 0.004 0.235
0.037 0.004 0.229
0.035 0.003 0.224
0.033 0.003 0.218
0.031 0.003 0.213
0.029 0.003 0.207
0.027 0.003 0.202
0.025 0.003 0.197
0.023 0.003 0.192
0.021 0.003 0.188
0.020 0.003 0.183
0.018 0.002 0.179
0.017 0.002 0.175
0.015 0.002 0.171
0.014 0.002 0.167
0.012 0.002 0.163
0.011 0.002 0.159
0.009 0.002 0.156
0.008 0.002 0.152
0.007 0.001 0.149
0.006 0.001 0.145
0.004 0.001 0.142
0.003 0.001 0.139
0.002 0.001 0.136
0.001 0.001 0.133
0.000 0.001 0.130
-0.001 0.001 0.127
-0.002 0.001 0.124
-0.003 0.001 0.121
-0.004 0.001 0.118
-0.006 0.001 0.116
-0.007 0.001 0.113
-0.007 0.001 0.111
-0.008 0.000 0.108
-0.009 0.000 0.106
-0.010 0.000 0.104
-0.011 0.000 0.101
-0.012 0.000 0.099
-0.013 0.000 0.097
-0.013 0.000 0.095
-0.014 0.000 0.093
-0.015 0.000 0.091
-0.016 0.000 0.089
-0.016 -0.001 0.087
-0.017 -0.001 0.085
-0.018 -0.001 0.083
-0.018 -0.001 0.081
-0.019 -0.001 0.079
-0.020 -0.001 0.078
-0.020 -0.001 0.076
-0.021 -0.001 0.074
-0.022 -0.001 0.073
-0.022 -0.001 0.071
-0.023 -0.002 0.070
-0.023 -0.002 0.068
-0.024 -0.002 0.066
-0.025 -0.002 0.065
-0.025 -0.002 0.063
-0.026 -0.002 0.062
-0.026 -0.002 0.060
-0.027 -0.002 0.059
-0.027 -0.002 0.058
-0.028 -0.002 0.056
-0.028 -0.002 0.055
-0.029 -0.003 0.054
-0.029 -0.003 0.052
-0.030 -0.003 0.051
-0.030 -0.003 0.050
-0.031 -0.003 0.049
-0.031 -0.003 0.047
-0.032 -0.003 0.046
-0.032 -0.003 0.045
-0.033 -0.003 0.044
-0.033 -0.003 0.042
-0.034 -0.003 0.041
-0.034 -0.003 0.040
-0.034 -0.003 0.039
-0.035 -0.003 0.037
-0.035 -0.003 0.036
-0.036 -0.003 0.035
-0.036 -0.003 0.034
-0.036 -0.003 0.033
-0.037 -0.003 0.032
-0.037 -0.003 0.031
-0.038 -0.003 0.030
-0.038 -0.003 0.029
-0.038 -0.003 0.028
-0.039 -0.003 0.027
-0.039 -0.003 0.026
-0.039 -0.003 0.025
-0.040 -0.004 0.024
-0.040 -0.004 0.024
-0.040 -0.004 0.023
-0.041 -0.004 0.022
-0.041 -0.004 0.021
-0.041 -0.004 0.020
-0.042 -0.004 0.019
-0.042 -0.004 0.018
-0.042 -0.004 0.018
-0.043 -0.004 0.017
-0.043 -0.004 0.016
-0.043 -0.004 0.015
-0.044 -0.004 0.014
-0.044 -0.005 0.014
-0.044 -0.005 0.013
-0.044 -0.005 0.012
-0.045 -0.005 0.012
-0.045 -0.005 0.011
-0.045 -0.005 0.010
-0.045 -0.005 0.010
-0.046 -0.005 0.009
-0.046 -0.006 0.009
-0.046 -0.006 0.008
-0.046 -0.006 0.007
-0.047 -0.006 0.006
-0.047 -0.006 0.006
-0.047 -0.006 0.005
-0.047 -0.006 0.005
-0.048 -0.006 0.004
-0.048 -0.007 0.004
-0.048 -0.007 0.003
-0.048 -0.007 0.002
-0.048 -0.007 0.002
-0.049 -0.007 0.001
-0.049 -0.007 0.000
-0.049 -0.007 0.000
-0.049 -0.007 -0.001
-0.050 -0.007 -0.002
-0.050 -0.007 -0.002
-0.050 -0.007 -0.002
-0.050 -0.008 -0.003
-0.050 -0.008 -0.003
-0.051 -0.008 -0.004
-0.051 -0.008 -0.004
-0.051 -0.008 -0.005
-0.051 -0.008 -0.006
-0.052 -0.007 -0.006
-0.052 -0.007 -0.007
-0.052 -0.007 -0.008
-0.052 -0.007 -0.008
-0.052 -0.007 -0.009
-0.053 -0.007 -0.010
-0.053 -0.006 -0.011
-0.053 -0.005 -0.012
-0.054 -0.005 -0.013
-0.054 -0.004 -0.014
-0.054 -0.003 -0.015
-0.053 -0.010 -0.011
0.143 0.226 0.477
0.143 0.224 0.478
0.142 0.222 0.478
0.142 0.219 0.477
0.142 0.217 0.476
0.142 0.214 0.476
0.141 0.212 0.477
0.141 0.210 0.476
0.140 0.207 0.475
0.140 0.205 0.475
0.140 0.203 0.474
0.140 0.200 0.474
0.139 0.198 0.473
0.139 0.195 0.473
0.139 0.193 0.473
0.138 0.191 0.472
0.138 0.188 0.472
0.138 0.186 0.471
0.137 0.183 0.471
0.137 0.181 0.470
0.137 0.178 0.470
0.136 0.176 0.470
0.136 0.174 0.469
0.136 0.171 0.469
0.135 0.169 0.468
0.135 0.166 0.467
0.135 0.164 0.467
0.134 0.161 0.466
0.134 0.159 0.466
0.133 0.156 0.465
0.133 0.154 0.465
0.133 0.151 0.464
0.132 0.149 0.464
0.132 0.147 0.463
0.131 0.144 0.462
0.131 0.142 0.462
0.131 0.139 0.461
0.131 0.137 0.461
0.130 0.134 0.460
0.129 0.131 0.457
0.123 0.128 0.442
0.121 0.125 0.438
0.120 0.123 0.435
0.119 0.120 0.433
0.118 0.118 0.430
0.116 0.115 0.425
0.114 0.113 0.421
0.113 0.110 0.417
0.111 0.108 0.414
0.110 0.105 0.411
0.109 0.103 0.409
0.108 0.101 0.407
0.107 0.098 0.406
0.107 0.096 0.404
0.106 0.094 0.403
0.106 0.091 0.402
0.105 0.089 0.401
0.105 0.087 0.400
0.104 0.084 0.400
0.104 0.082 0.399
0.103 0.080 0.398
0.103 0.078 0.397
0.102 0.075 0.396
0.102 0.073 0.395
0.102 0.071 0.395
0.101 0.068 0.394
0.101 0.066 0.393
0.100 0.064 0.392
0.099 0.062 0.391
0.099 0.059 0.390
0.099 0.057 0.390
0.099 0.055 0.389
0.098 0.052 0.389
0.098 0.050 0.388
0.097 0.048 0.387
0.097 0.045 0.387
0.097 0.043 0.386
0.096 0.041 0.386
0.096 0.038 0.386
0.096 0.036 0.386
0.096 0.034 0.385
0.095 0.031 0.385
0.095 0.029 0.384
0.095 0.027 0.384
0.094 0.024 0.384
0.094 0.022 0.384
0.094 0.019 0.384
0.094 0.017 0.384
0.094 0.014 0.384
0.093 0.012 0.384
0.093 0.009 0.384
0.093 0.007 0.384
0.092 0.005 0.382
0.086 0.006 0.365
0.079 0.007 0.345
0.075 0.007 0.335
0.072 0.006 0.326
0.068 0.006 0.316
0.065 0.006 0.308
0.062 0.006 0.299
0.059 0.005 0.291
0.056 0.005 0.283
0.053 0.005 0.276
0.050 0.005 0.269
0.048 0.004 0.261
0.045 0.004 0.255
0.043 0.004 0.248
0.041 0.004 0.242
0.038 0.004 0.236
0.036 0.004 0.230
0.034 0.003 0.224
0.032 0.003 0.219
0.030 0.003 0.213
0.028 0.003 0.208
0.026 0.003 0.202
0.024 0.003 0.197
0.022 0.003 0.193
0.021 0.003 0.188
0.019 0.002 0.184
0.017 0.002 0.179
0.016 0.002 0.175
0.014 0.002 0.171
0.013 0.002 0.167
0.012 0.002 0.164
0.010 0.002 0.160
0.009 0.002 0.156
0.007 0.002 0.153
0.006 0.001 0.149
0.005 0.001 0.146
0.004 0.001 0.142
0.002 0.001 0.139
0.001 0.001 0.136
0.000 0.001 0.133
-0.001 0.001 0.130
-0.002 0.001 0.127
-0.003 0.001 0.124
-0.004 0.001 0.121
-0.005 0.001 0.119
-0.006 0.001 0.116
-0.007 0.001 0.113
-0.008 0.001 0.111
-0.009 0.001 0.108
-0.010 0.000 0.106
-0.011 0.000 0.104
-0.012 0.000 0.101
-0.012 0.000 0.099
-0.013 0.000 0.097
-0.014 0.000 0.095
-0.015 0.000 0.093
-0.015 0.000 0.091
-0.016 0.000 0.089
-0.017 0.000 0.087
-0.018 0.000 0.085
-0.018 -0.001 0.083
-0.019 -0.001 0.081
-0.020 -0.001 0.080
-0.020 -0.001 0.078
-0.021 -0.001 0.076
-0.022 -0.001 0.074
-0.022 -0.001 0.073
-0.023 -0.001 0.071
-0.023 -0.001 0.070
-0.024 -0.001 0.068
-0.025 -0.001 0.066
-0.025 -0.002 0.065
-0.026 -0.002 0.063
-0.026 -0.002 0.062
-0.027 -0.002 0.061
-0.027 -0.002 0.059
-0.028 -0.002 0.058
-0.028 -0.002 0.056
-0.029 -0.002 0.055
-0.029 -0.002 0.054
-0.030 -0.002 0.053
-0.030 -0.002 0.051
-0.031 -0.003 0.050
-0.031 -0.003 0.049
-0.032 -0.003 0.047
-0.032 -0.003 0.046
-0.033 -0.003 0.045
-0.033 -0.003 0.044
-0.034 -0.003 0.042
-0.034 -0.003 0.041
-0.034 -0.003 0.040
-0.035 -0.003 0.039
-0.035 -0.003 0.038
-0.036 -0.003 0.036
-0.036 -0.003 0.035
-0.037 -0.003 0.034
-0.037 -0.003 0.033
-0.037 -0.003 0.032
-0.038 -0.003 0.031
-0.038 -0.003 0.030
-0.038 -0.003 0.029
-0.039 -0.003 0.028
-0.039 -0.003 0.027
-0.040 -0.003 0.026
-0.040 -0.003 0.025
-0.040 -0.003 0.024
-0.041 -0.003 0.024
-0.041 -0.004 0.023
-0.041 -0.004 0.022
-0.042 -0.004 0.021
-0.042 -0.004 0.020
-0.042 -0.004 0.019
-0.042 -0.004 0.018
-0.043 -0.004 0.018
-0.043 -0.004 0.017
-0.043 -0.004 0.016
-0.044 -0.004 0.015
-0.044 -0.004 0.014
-0.044 -0.004 0.014
-0.044 -0.004 0.013
-0.045 -0.004 0.012
-0.045 -0.004 0.011
-0.045 -0.005 0.011
-0.046 -0.005 0.010
-0.046 -0.005 0.010
-0.046 -0.005 0.009
-0.046 -0.005 0.008
-0.047 -0.005 0.008
-0.047 -0.005 0.007
-0.047 -0.006 0.006
-0.047 -0.006 0.006
-0.047 -0.006 0.005
-0.048 -0.006 0.005
-0.048 -0.006 0.004
-0.048 -0.006 0.004
-0.048 -0.006 0.003
-0.049 -0.006 0.002
-0.049 -0.006 0.002
-0.049 -0.006 0.001
-0.049 -0.006 0.000
-0.050 -0.006 0.000
-0.050 -0.006 -0.001
-0.050 -0.006 -0.002
-0.050 -0.007 -0.002
-0.050 -0.007 -0.002
-0.050 -0.008 -0.003
-0.051 -0.008 -0.003
-0.051 -0.008 -0.003
-0.051 -0.008 -0.004
-0.051 -0.007 -0.005
-0.052 -0.007 -0.006
-0.052 -0.007 -0.006
-0.052 -0.007 -0.007
-0.052 -0.007 -0.008
-0.052 -0.007 -0.008
-0.053 -0.007 -0.009
-0.053 -0.007 -0.009
-0.053 -0.006 -0.011
-0.054 -0.005 -0.012
-0.054 -0.005 -0.013
-0.054 -0.004 -0.014
-0.055 -0.004 -0.014
-0.054 -0.010 -0.011
0.141 0.226 0.478
0.141 0.224 0.479
0.141 0.222 0.479
0.141 0.219 0.478
0.140 0.217 0.477
0.140 0.214 0.477
0.140 0.212 0.477
0.140 0.210 0.477
0.139 0.207 0.476
0.139 0.205 0.476
0.139 0.203 0.475
0.138 0.200 0.475
0.138 0.198 0.475
0.138 0.195 0.474
0.137 0.193 0.474
0.137 0.191 0.473
0.137 0.188 0.473
0.136 0.186 0.472
0.136 0.183 0.472
0.136 0.181 0.472
0.135 0.178 0.471
0.135 0.176 0.471
0.135 0.174 0.470
0.134 0.171 0.470
0.134 0.169 0.469
0.134 0.166 0.468
0.133 0.164 0.468
0.133 0.161 0.467
0.133 0.159 0.467
0.132 0.156 0.466
0.132 0.154 0.466
0.131 0.151 0.465
0.131 0.149 0.464
0.131 0.146 0.464
0.130 0.144 0.463
0.130 0.141 0.462
0.129 0.139 0.461
0.129 0.137 0.462
0.129 0.134 0.461
0.126 0.131 0.454
0.121 0.128 0.442
0.120 0.125 0.439
0.119 0.123 0.437
0.118 0.120 0.435
0.117 0.118 0.432
0.115 0.115 0.428
0.113 0.113 0.424
0.112 0.110 0.419
0.110 0.108 0.414
0.108 0.105 0.411
0.107 0.103 0.409
0.107 0.101 0.407
0.106 0.098 0.405
0.105 0.096 0.403
0.104 0.094 0.402
0.104 0.091 0.401
0.103 0.089 0.400
0.103 0.087 0.400
0.102 0.084 0.399
0.102 0.082 0.398
0.101 0.080 0.397
0.101 0.078 0.396
0.100 0.075 0.395
0.100 0.073 0.394
0.100 0.071 0.394
0.099 0.068 0.393
0.099 0.066 0.392
0.098 0.064 0.391
0.098 0.062 0.390
0.097 0.059 0.389
0.097 0.057 0.388
0.096 0.055 0.388
0.096 0.052 0.387
0.096 0.050 0.386
0.095 0.048 0.385
0.095 0.046 0.385
0.095 0.043 0.385
0.094 0.041 0.385
0.094 0.039 0.385
0.094 0.036 0.384
0.093 0.034 0.383
0.093 0.032 0.383
0.093 0.029 0.382
0.092 0.027 0.382
0.092 0.025 0.381
0.092 0.022 0.381
0.091 0.020 0.381
0.091 0.018 0.380
0.091 0.015 0.380
0.091 0.013 0.380
0.090 0.010 0.380
0.090 0.008 0.380
0.090 0.006 0.379
0.083 0.007 0.359
0.077 0.007 0.345
0.074 0.007 0.335
0.070 0.006 0.326
0.067 0.006 0.317
0.064 0.006 0.308
0.061 0.006 0.299
0.058 0.005 0.291
0.055 0.005 0.284
0.052 0.005 0.276
0.049 0.005 0.269
0.047 0.004 0.262
0.044 0.004 0.255
0.042 0.004 0.248
0.040 0.004 0.242
0.037 0.004 0.236
0.035 0.004 0.230
0.033 0.003 0.224
0.031 0.003 0.219
0.029 0.003 0.214
0.027 0.003 0.208
0.025 0.003 0.203
0.023 0.003 0.198
0.022 0.003 0.193
0.020 0.003 0.189
0.018 0.002 0.184
0.017 0.002 0.180
0.015 0.002 0.176
0.014 0.002 0.172
0.012 0.002 0.168
0.011 0.002 0.164
0.009 0.002 0.160
0.008 0.002 0.157
0.007 0.002 0.153
0.005 0.002 0.149
0.004 0.001 0.146
0.003 0.001 0.143
0.002 0.001 0.140
0.001 0.001 0.136
-0.001 0.001 0.133
-0.002 0.001 0.130
-0.003 0.001 0.127
-0.004 0.001 0.124
-0.005 0.001 0.122
-0.006 0.001 0.119
-0.007 0.001 0.116
-0.008 0.001 0.114
-0.009 0.001 0.111
-0.010 0.001 0.109
-0.010 0.001 0.106
-0.011 0.000 0.104
-0.012 0.000 0.102
-0.013 0.000 0.099
-0.014 0.000 0.097
-0.015 0.000 0.095
-0.015 0.000 0.093
-0.016 0.000 0.091
-0.017 0.000 0.089
-0.018 0.000 0.087
-0.018 0.000 0.085
-0.019 0.000 0.083
-0.020 0.000 0.081
-0.020 -0.001 0.080
-0.021 -0.001 0.078
-0.022 -0.001 0.076
-0.022 -0.001 0.075
-0.023 -0.001 0.073
-0.023 -0.001 0.071
-0.024 -0.001 0.070
-0.025 -0.001 0.068
-0.025 -0.001 0.066
-0.026 -0.001 0.065
-0.026 -0.002 0.064
-0.027 -0.002 0.062
-0.027 -0.002 0.061
-0.028 -0.002 0.059
-0.028 -0.002 0.058
-0.029 -0.002 0.057
-0.029 -0.002 0.055
-0.030 -0.002 0.054
-0.030 -0.002 0.053
-0.031 -0.002 0.051
-0.031 -0.002 0.050
-0.032 -0.003 0.049
-0.032 -0.002 0.047
-0.033 -0.003 0.046
-0.033 -0.003 0.045
-0.034 -0.003 0.044
-0.034 -0.003 0.042
-0.034 -0.003 0.041
-0.035 -0.003 0.040
-0.035 -0.003 0.039
-0.036 -0.003 0.038
-0.036 -0.003 0.037
-0.037 -0.003 0.035
-0.037 -0.003 0.034
-0.037 -0.003 0.033
-0.038 -0.003 0.032
-0.038 -0.003 0.031
-0.039 -0.003 0.030
-0.039 -0.003 0.029
-0.039 -0.003 0.028
-0.040 -0.003 0.027
-0.040 -0.003 0.026
-0.040 -0.003 0.025
-0.041 -0.003 0.025
-0.041 -0.003 0.024
-0.041 -0.003 0.023
-0.042 -0.003 0.022
-0.042 -0.003 0.021
-0.042 -0.003 0.020
-0.043 -0.003 0.019
-0.043 -0.003 0.018
-0.043 -0.004 0.018
-0.044 -0.004 0.017
-0.044 -0.004 0.016
-0.044 -0.004 0.015
-0.044 -0.004 0.014
-0.045 -0.004 0.014
-0.045 -0.004 0.013
-0.045 -0.004 0.012
-0.045 -0.004 0.012
-0.046 -0.005 0.011
-0.046 -0.005 0.011
-0.046 -0.005 0.010
-0.046 -0.005 0.009
-0.047 -0.005 0.008
-0.047 -0.005 0.008
-0.047 -0.005 0.007
-0.047 -0.005 0.006
-0.048 -0.005 0.006
-0.048 -0.006 0.005
-0.048 -0.006 0.005
-0.048 -0.006 0.004
-0.048 -0.006 0.004
-0.049 -0.006 0.003
-0.049 -0.006 0.002
-0.049 -0.006 0.002
-0.049 -0.006 0.001
-0.050 -0.006 0.000
-0.050 -0.006 0.000
-0.050 -0.006 -0.001
-0.050 -0.006 -0.002
-0.051 -0.007 -0.002
-0.051 -0.007 -0.002
-0.051 -0.007 -0.002
-0.051 -0.008 -0.003
-0.051 -0.008 -0.003
-0.051 -0.008 -0.004
-0.052 -0.008 -0.005
-0.052 -0.007 -0.006
-0.052 -0.007 -0.006
-0.052 -0.007 -0.007
-0.053 -0.007 -0.007
-0.053 -0.007 -0.008
-0.053 -0.007 -0.008
-0.053 -0.007 -0.009
-0.054 -0.006 -0.010
-0.054 -0.005 -0.012
-0.054 -0.005 -0.012
-0.055 -0.004 -0.014
-0.055 -0.004 -0.014
-0.054 -0.010 -0.010
0.140 0.226 0.480
0.140 0.224 0.480
0.140 0.222 0.480
0.139 0.219 0.479
0.139 0.217 0.478
0.139 0.214 0.479
0.139 0.212 0.478
0.138 0.210 0.478
0.138 0.207 0.477
0.138 0.205 0.476
0.137 0.202 0.476
0.137 0.200 0.476
0.137 0.198 0.476
0.136 0.195 0.475
0.136 0.193 0.475
0.136 0.191 0.474
0.135 0.188 0.474
0.135 0.186 0.473
0.135 0.183 0.473
0.134 0.181 0.473
0.134 0.178 0.472
0.134 0.176 0.472
0.133 0.174 0.471
0.133 0.171 0.470
0.133 0.169 0.470
0.132 0.166 0.469
0.132 0.164 0.469
0.131 0.161 0.468
0.131 0.159 0.468
0.131 0.156 0.467
0.130 0.154 0.466
0.130 0.151 0.466
0.130 0.149 0.466
0.129 0.146 0.465
0.129 0.144 0.464
0.128 0.141 0.463
0.128 0.139 0.462
0.128 0.136 0.462
0.127 0.134 0.461
0.123 0.131 0.451
0.120 0.128 0.443
0.119 0.125 0.440
0.118 0.123 0.439
0.117 0.120 0.437
0.116 0.118 0.434
0.115 0.115 0.430
0.113 0.113 0.426
0.110 0.110 0.420
0.108 0.108 0.414
0.107 0.105 0.411
0.106 0.103 0.409
0.105 0.100 0.407
0.104 0.098 0.405
0.103 0.096 0.403
0.103 0.094 0.402
0.102 0.091 0.401
0.102 0.089 0.400
0.101 0.087 0.399
0.101 0.084 0.398
0.100 0.082 0.397
0.100 0.080 0.396
0.099 0.078 0.395
0.099 0.075 0.394
0.098 0.073 0.393
0.098 0.071 0.393
0.097 0.068 0.392
0.097 0.066 0.391
0.096 0.064 0.390
0.096 0.062 0.389
0.095 0.059 0.388
0.095 0.057 0.387
0.094 0.055 0.387
0.094 0.053 0.386
0.094 0.050 0.385
0.093 0.048 0.384
0.093 0.046 0.384
0.093 0.043 0.384
0.092 0.041 0.383
0.092 0.039 0.383
0.092 0.036 0.382
0.091 0.034 0.382
0.091 0.032 0.381
0.090 0.030 0.380
0.090 0.027 0.380
0.090 0.025 0.379
0.089 0.023 0.379
0.089 0.020 0.378
0.088 0.018 0.377
0.088 0.016 0.377
0.088 0.013 0.377
0.088 0.011 0.376
0.087 0.009 0.376
0.087 0.006 0.376
0.080 0.008 0.356
0.076 0.008 0.344
0.072 0.007 0.335
0.069 0.007 0.326
0.066 0.006 0.317
0.062 0.006 0.308
0.059 0.006 0.300
0.057 0.005 0.292
0.054 0.005 0.284
0.051 0.005 0.277
0.048 0.005 0.269
0.046 0.004 0.263
0.043 0.004 0.256
0.041 0.004 0.249
0.039 0.004 0.243
0.036 0.004 0.237
0.034 0.004 0.231
0.032 0.003 0.225
0.030 0.003 0.220
0.028 0.003 0.214
0.026 0.003 0.209
0.024 0.003 0.204
0.023 0.003 0.199
0.021 0.003 0.194
0.019 0.003 0.189
0.018 0.002 0.185
0.016 0.002 0.181
0.014 0.002 0.177
0.013 0.002 0.172
0.012 0.002 0.169
0.010 0.002 0.165
0.009 0.002 0.161
0.007 0.002 0.157
0.006 0.002 0.153
0.005 0.001 0.150
0.004 0.001 0.146
0.002 0.001 0.143
0.001 0.001 0.140
0.000 0.001 0.137
-0.001 0.001 0.134
-0.002 0.001 0.130
-0.003 0.001 0.127
-0.004 0.001 0.125
-0.005 0.001 0.122
-0.006 0.001 0.119
-0.007 0.001 0.116
-0.008 0.001 0.114
-0.009 0.001 0.111
-0.010 0.001 0.109
-0.011 0.001 0.106
-0.012 0.001 0.104
-0.013 0.001 0.102
-0.014 0.000 0.099
-0.014 0.000 0.097
-0.015 0.000 0.095
-0.016 0.000 0.093
-0.017 0.000 0.091
-0.017 0.000 0.089
-0.018 0.000 0.087
-0.019 0.000 0.085
-0.020 0.000 0.083
-0.020 0.000 0.081
-0.021 0.000 0.079
-0.022 -0.001 0.078
-0.022 -0.001 0.076
-0.023 -0.001 0.075
-0.023 -0.001 0.073
-0.024 -0.001 0.071
-0.024 -0.001 0.070
-0.025 -0.001 0.068
-0.026 -0.001 0.067
-0.026 -0.001 0.065
-0.027 -0.001 0.064
-0.027 -0.002 0.062
-0.028 -0.002 0.061
-0.028 -0.002 0.059
-0.029 -0.002 0.058
-0.029 -0.002 0.057
-0.030 -0.002 0.055
-0.030 -0.002 0.054
-0.031 -0.002 0.053
-0.031 -0.002 0.051
-0.032 -0.002 0.050
-0.032 -0.002 0.049
-0.033 -0.002 0.047
-0.033 -0.002 0.046
-0.034 -0.002 0.045
-0.034 -0.002 0.044
-0.034 -0.003 0.043
-0.035 -0.003 0.041
-0.035 -0.003 0.040
-0.036 -0.003 0.039
-0.036 -0.003 0.038
-0.037 -0.003 0.037
-0.037 -0.003 0.035
-0.037 -0.003 0.034
-0.038 -0.003 0.033
-0.038 -0.003 0.032
-0.039 -0.003 0.031
-0.039 -0.003 0.030
-0.039 -0.003 0.029
-0.040 -0.003 0.028
-0.040 -0.003 0.027
-0.040 -0.003 0.026
-0.041 -0.003 0.025
-0.041 -0.003 0.024
-0.041 -0.003 0.023
-0.042 -0.003 0.023
-0.042 -0.003 0.022
-0.042 -0.003 0.021
-0.043 -0.003 0.020
-0.043 -0.003 0.019
-0.043 -0.003 0.018
-0.044 -0.003 0.017
-0.044 -0.003 0.017
-0.044 -0.004 0.016
-0.044 -0.004 0.015
-0.045 -0.004 0.015
-0.045 -0.004 0.014
-0.045 -0.004 0.013
-0.045 -0.004 0.013
-0.046 -0.005 0.012
-0.046 -0.005 0.011
-0.046 -0.005 0.011
-0.046 -0.005 0.010
-0.047 -0.005 0.009
-0.047 -0.005 0.009
-0.047 -0.005 0.008
-0.047 -0.005 0.007
-0.048 -0.005 0.006
-0.048 -0.005 0.006
-0.048 -0.006 0.005
-0.048 -0.006 0.005
-0.049 -0.006 0.004
-0.049 -0.006 0.004
-0.049 -0.006 0.003
-0.049 -0.006 0.002
-0.049 -0.006 0.002
-0.050 -0.006 0.001
-0.050 -0.006 0.001
-0.050 -0.006 0.000
-0.050 -0.006 -0.001
-0.051 -0.006 -0.001
-0.051 -0.006 -0.002
-0.051 -0.007 -0.002
-0.051 -0.007 -0.002
-0.051 -0.008 -0.003
-0.051 -0.008 -0.003
-0.052 -0.008 -0.003
-0.052 -0.008 -0.004
-0.052 -0.008 -0.005
-0.052 -0.007 -0.006
-0.053 -0.007 -0.006
-0.053 -0.007 -0.007
-0.053 -0.007 -0.008
-0.053 -0.007 -0.008
-0.053 -0.007 -0.009
-0.054 -0.006 -0.010
-0.054 -0.005 -0.011
-0.055 -0.005 -0.012
-0.055 -0.004 -0.014
-0.055 -0.004 -0.014
-0.054 -0.011 -0.009
0.139 0.226 0.481
0.139 0.224 0.481
0.139 0.221 0.481
0.138 0.219 0.479
0.138 0.217 0.479
0.138 0.214 0.480
0.137 0.212 0.479
0.137 0.210 0.478
0.137 0.207 0.478
0.136 0.205 0.478
0.136 0.202 0.477
0.136 0.200 0.477
0.135 0.198 0.477
0.135 0.195 0.476
0.135 0.193 0.475
0.134 0.190 0.475
0.134 0.188 0.475
0.134 0.186 0.475
0.133 0.183 0.474
0.133 0.181 0.474
0.133 0.178 0.473
0.132 0.176 0.472
0.132 0.173 0.472
0.132 0.171 0.471
0.131 0.169 0.471
0.131 0.166 0.470
0.131 0.164 0.470
0.130 0.161 0.469
0.130 0.159 0.468
0.129 0.156 0.468
0.129 0.154 0.467
0.129 0.151 0.467
0.128 0.149 0.466
0.128 0.146 0.466
0.127 0.144 0.465
0.127 0.141 0.464
0.126 0.139 0.463
0.126 0.136 0.463
0.125 0.134 0.461
0.123 0.131 0.455
0.120 0.128 0.447
0.118 0.125 0.443
0.118 0.123 0.442
0.117 0.120 0.440
0.116 0.118 0.437
0.114 0.115 0.434
0.112 0.113 0.428
0.109 0.110 0.419
0.106 0.107 0.414
0.105 0.105 0.410
0.104 0.103 0.409
0.103 0.100 0.407
0.103 0.098 0.405
0.102 0.096 0.403
0.101 0.094 0.402
0.101 0.091 0.401
0.100 0.089 0.400
0.100 0.087 0.399
0.099 0.084 0.398
0.099 0.082 0.397
0.098 0.080 0.396
0.097 0.078 0.395
0.097 0.075 0.394
0.096 0.073 0.393
0.096 0.071 0.393
0.096 0.068 0.392
0.095 0.066 0.391
0.095 0.064 0.390
0.094 0.062 0.389
0.094 0.059 0.388
0.093 0.057 0.387
0.093 0.055 0.386
0.092 0.053 0.385
0.092 0.050 0.385
0.091 0.048 0.384
0.091 0.046 0.383
0.091 0.044 0.383
0.090 0.041 0.382
0.090 0.039 0.382
0.090 0.037 0.381
0.089 0.034 0.381
0.089 0.032 0.380
0.088 0.030 0.379
0.088 0.028 0.378
0.088 0.025 0.378
0.087 0.023 0.377
0.087 0.021 0.376
0.086 0.018 0.375
0.086 0.016 0.375
0.086 0.014 0.375
0.085 0.011 0.374
0.085 0.009 0.374
0.084 0.007 0.373
0.077 0.008 0.353
0.074 0.008 0.343
0.071 0.007 0.335
0.068 0.007 0.326
0.064 0.006 0.317
0.061 0.006 0.309
0.058 0.006 0.300
0.055 0.005 0.292
0.053 0.005 0.285
0.050 0.005 0.277
0.047 0.005 0.270
0.045 0.004 0.263
0.042 0.004 0.256
0.040 0.004 0.250
0.038 0.004 0.244
0.036 0.004 0.237
0.033 0.003 0.232
0.031 0.003 0.226
0.029 0.003 0.220
0.027 0.003 0.215
0.026 0.003 0.210
0.024 0.003 0.204
0.022 0.003 0.199
0.020 0.003 0.195
0.018 0.002 0.190
0.017 0.002 0.186
0.015 0.002 0.181
0.014 0.002 0.177
0.012 0.002 0.173
0.011 0.002 0.169
0.009 0.002 0.165
0.008 0.002 0.161
0.007 0.002 0.158
0.005 0.002 0.154
0.004 0.001 0.150
0.003 0.001 0.147
0.002 0.001 0.143
0.000 0.001 0.140
-0.001 0.001 0.137
-0.002 0.001 0.134
-0.003 0.001 0.131
-0.004 0.001 0.128
-0.005 0.001 0.125
-0.006 0.001 0.122
-0.007 0.001 0.119
-0.008 0.001 0.116
-0.009 0.001 0.114
-0.010 0.001 0.111
-0.011 0.001 0.109
-0.012 0.001 0.106
-0.013 0.001 0.104
-0.013 0.001 0.102
-0.014 0.001 0.099
-0.015 0.000 0.097
-0.016 0.000 0.095
-0.017 0.000 0.093
-0.017 0.000 0.091
-0.018 0.000 0.089
-0.019 0.000 0.087
-0.019 0.000 0.085
-0.020 0.000 0.083
-0.021 0.000 0.081
-0.022 0.000 0.079
-0.022 0.000 0.078
-0.023 0.000 0.076
-0.023 -0.001 0.075
-0.024 -0.001 0.073
-0.024 -0.001 0.071
-0.025 -0.001 0.070
-0.026 -0.001 0.068
-0.026 -0.001 0.067
-0.027 -0.001 0.065
-0.027 -0.001 0.064
-0.028 -0.001 0.062
-0.028 -0.001 0.061
-0.029 -0.002 0.059
-0.029 -0.002 0.058
-0.030 -0.002 0.057
-0.030 -0.002 0.055
-0.031 -0.002 0.054
-0.031 -0.002 0.052
-0.032 -0.002 0.051
-0.032 -0.002 0.050
-0.033 -0.002 0.049
-0.033 -0.002 0.047
-0.034 -0.002 0.046
-0.034 -0.002 0.045
-0.035 -0.002 0.044
-0.035 -0.002 0.042
-0.035 -0.002 0.041
-0.036 -0.002 0.040
-0.036 -0.002 0.039
-0.037 -0.002 0.038
-0.037 -0.002 0.037
-0.037 -0.002 0.036
-0.038 -0.002 0.034
-0.038 -0.002 0.033
-0.039 -0.002 0.032
-0.039 -0.002 0.031
-0.039 -0.002 0.030
-0.040 -0.002 0.029
-0.040 -0.003 0.028
-0.040 -0.003 0.027
-0.041 -0.003 0.026
-0.041 -0.003 0.025
-0.042 -0.003 0.024
-0.042 -0.003 0.023
-0.042 -0.003 0.022
-0.043 -0.003 0.022
-0.043 -0.003 0.021
-0.043 -0.003 0.020
-0.043 -0.003 0.019
-0.044 -0.003 0.018
-0.044 -0.003 0.018
-0.044 -0.003 0.017
-0.045 -0.004 0.016
-0.045 -0.004 0.016
-0.045 -0.004 0.015
-0.045 -0.004 0.014
-0.045 -0.004 0.014
-0.046 -0.005 0.013
-0.046 -0.005 0.012
-0.046 -0.005 0.012
-0.046 -0.005 0.011
-0.047 -0.005 0.010
-0.047 -0.005 0.010
-0.047 -0.005 0.009
-0.048 -0.005 0.008
-0.048 -0.005 0.007
-0.048 -0.005 0.007
-0.048 -0.006 0.006
-0.048 -0.006 0.006
-0.049 -0.006 0.005
-0.049 -0.006 0.005
-0.049 -0.006 0.004
-0.049 -0.006 0.004
-0.050 -0.006 0.003
-0.050 -0.006 0.002
-0.050 -0.006 0.002
-0.050 -0.006 0.001
-0.050 -0.006 0.000
-0.051 -0.006 0.000
-0.051 -0.006 -0.001
-0.051 -0.006 -0.002
-0.051 -0.007 -0.002
-0.051 -0.007 -0.002
-0.051 -0.008 -0.002
-0.052 -0.008 -0.002
-0.052 -0.008 -0.003
-0.052 -0.008 -0.004
-0.052 -0.008 -0.005
-0.053 -0.008 -0.005
-0.053 -0.008 -0.006
-0.053 -0.008 -0.006
-0.053 -0.008 -0.007
-0.053 -0.008 -0.008
-0.054 -0.007 -0.009
-0.054 -0.007 -0.010
-0.054 -0.006 -0.011
-0.055 -0.004 -0.012
-0.055 -0.003 -0.014
-0.055 -0.004 -0.013
-0.054 -0.012 -0.009
0.138 0.226 0.482
0.137 0.224 0.482
0.137 0.221 0.481
0.137 0.219 0.480
0.136 0.217 0.480
0.136 0.214 0.480
0.136 0.212 0.480
0.136 0.210 0.479
0.135 0.207 0.479
0.135 0.205 0.478
0.135 0.202 0.478
0.134 0.200 0.478
0.134 0.198 0.477
0.134 0.195 0.477
0.133 0.193 0.476
0.133 0.190 0.476
0.133 0.188 0.476
0.132 0.186 0.475
0.132 0.183 0.475
0.132 0.181 0.475
0.131 0.178 0.474
0.131 0.176 0.473
0.131 0.173 0.473
0.130 0.171 0.472
0.130 0.168 0.471
0.130 0.166 0.471
0.129 0.164 0.470
0.129 0.161 0.470
0.128 0.159 0.469
0.128 0.156 0.468
0.127 0.154 0.468
0.127 0.151 0.467
0.127 0.149 0.467
0.126 0.146 0.466
0.126 0.144 0.466
0.126 0.141 0.465
0.125 0.139 0.464
0.125 0.136 0.463
0.124 0.134 0.462
0.122 0.131 0.458
0.120 0.128 0.453
0.119 0.126 0.449
0.118 0.123 0.447
0.117 0.121 0.445
0.116 0.118 0.443
0.114 0.115 0.439
0.112 0.113 0.432
0.107 0.110 0.420
0.104 0.107 0.413
0.103 0.105 0.410
0.103 0.103 0.408
0.102 0.100 0.407
0.101 0.098 0.405
0.100 0.096 0.404
0.100 0.093 0.402
0.099 0.091 0.401
0.099 0.089 0.401
0.098 0.087 0.400
0.098 0.084 0.399
0.097 0.082 0.398
0.097 0.080 0.396
0.096 0.078 0.395
0.095 0.075 0.394
0.095 0.073 0.393
0.095 0.071 0.393
0.094 0.068 0.392
0.094 0.066 0.391
0.093 0.064 0.390
0.093 0.062 0.389
0.092 0.059 0.387
0.092 0.057 0.387
0.091 0.055 0.386
0.091 0.053 0.385
0.090 0.050 0.384
0.090 0.048 0.384
0.089 0.046 0.383
0.089 0.044 0.382
0.089 0.041 0.381
0.088 0.039 0.381
0.088 0.037 0.380
0.087 0.035 0.379
0.087 0.032 0.379
0.086 0.030 0.378
0.086 0.028 0.377
0.086 0.026 0.376
0.085 0.023 0.375
0.085 0.021 0.374
0.084 0.019 0.373
0.084 0.017 0.373
0.083 0.014 0.373
0.083 0.012 0.372
0.083 0.010 0.372
0.082 0.007 0.370
0.076 0.008 0.352
0.072 0.008 0.342
0.069 0.007 0.334
0.066 0.007 0.326
0.063 0.006 0.317
0.060 0.006 0.309
0.057 0.006 0.301
0.054 0.005 0.293
0.052 0.005 0.285
0.049 0.005 0.278
0.046 0.005 0.271
0.044 0.004 0.264
0.041 0.004 0.257
0.039 0.004 0.250
0.037 0.004 0.244
0.035 0.004 0.238
0.033 0.003 0.232
0.031 0.003 0.226
0.029 0.003 0.221
0.027 0.003 0.216
0.025 0.003 0.210
0.023 0.003 0.205
0.021 0.003 0.200
0.019 0.003 0.195
0.018 0.002 0.190
0.016 0.002 0.186
0.015 0.002 0.182
0.013 0.002 0.178
0.011 0.002 0.173
0.010 0.002 0.169
0.009 0.002 0.165
0.007 0.002 0.161
0.006 0.002 0.158
0.005 0.002 0.154
0.003 0.002 0.151
0.002 0.001 0.147
0.001 0.001 0.144
0.000 0.001 0.140
-0.001 0.001 0.137
-0.003 0.001 0.134
-0.004 0.001 0.131
-0.005 0.001 0.128
-0.006 0.001 0.125
-0.007 0.001 0.122
-0.008 0.001 0.119
-0.009 0.001 0.116
-0.010 0.001 0.114
-0.011 0.001 0.111
-0.012 0.001 0.109
-0.012 0.001 0.106
-0.013 0.001 0.104
-0.014 0.001 0.102
-0.015 0.001 0.099
-0.016 0.001 0.097
-0.017 0.001 0.095
-0.017 0.001 0.092
-0.018 0.001 0.091
-0.019 0.001 0.089
-0.019 0.000 0.087
-0.020 0.000 0.085
-0.021 0.000 0.083
-0.021 0.000 0.081
-0.022 0.000 0.079
-0.023 0.000 0.077
-0.023 0.000 0.076
-0.024 0.000 0.074
-0.025 0.000 0.073
-0.025 -0.001 0.071
-0.026 -0.001 0.069
-0.026 -0.001 0.068
-0.027 -0.001 0.066
-0.027 -0.001 0.065
-0.028 -0.001 0.063
-0.028 -0.001 0.062
-0.029 -0.001 0.061
-0.029 -0.001 0.059
-0.030 -0.001 0.058
-0.030 -0.002 0.057
-0.031 -0.002 0.055
-0.031 -0.002 0.054
-0.032 -0.002 0.052
-0.032 -0.002 0.051
-0.033 -0.002 0.050
-0.033 -0.002 0.048
-0.034 -0.002 0.047
-0.034 -0.002 0.046
-0.035 -0.002 0.044
-0.035 -0.002 0.043
-0.036 -0.002 0.042
-0.036 -0.002 0.041
-0.036 -0.002 0.040
-0.037 -0.002 0.039
-0.037 -0.002 0.037
-0.038 -0.002 0.036
-0.038 -0.002 0.035
-0.038 -0.002 0.034
-0.039 -0.002 0.033
-0.039 -0.002 0.032
-0.040 -0.002 0.031
-0.040 -0.002 0.030
-0.040 -0.002 0.029
-0.041 -0.002 0.028
-0.041 -0.002 0.027
-0.041 -0.002 0.026
-0.042 -0.002 0.025
-0.042 -0.002 0.024
-0.042 -0.002 0.023
-0.043 -0.002 0.022
-0.043 -0.002 0.021
-0.043 -0.002 0.020
-0.044 -0.002 0.020
-0.044 -0.003 0.019
-0.044 -0.003 0.018
-0.044 -0.003 0.018
-0.045 -0.003 0.017
-0.045 -0.003 0.016
-0.045 -0.004 0.016
-0.045 -0.004 0.015
-0.046 -0.004 0.015
-0.046 -0.004 0.014
-0.046 -0.005 0.013
-0.046 -0.005 0.013
-0.047 -0.005 0.012
-0.047 -0.005 0.011
-0.047 -0.005 0.011
-0.047 -0.005 0.010
-0.048 -0.005 0.009
-0.048 -0.005 0.008
-0.048 -0.005 0.007
-0.048 -0.005 0.007
-0.049 -0.005 0.006
-0.049 -0.005 0.006
-0.049 -0.006 0.005
-0.049 -0.006 0.005
-0.049 -0.006 0.004
-0.050 -0.006 0.004
-0.050 -0.006 0.003
-0.050 -0.006 0.002
-0.050 -0.006 0.001
-0.051 -0.006 0.001
-0.051 -0.006 0.000
-0.051 -0.006 0.000
-0.051 -0.006 -0.001
-0.052 -0.006 -0.002
-0.052 -0.006 -0.002
-0.052 -0.007 -0.002
-0.052 -0.008 -0.002
-0.052 -0.008 -0.002
-0.052 -0.009 -0.003
-0.052 -0.009 -0.003
-0.053 -0.008 -0.004
-0.053 -0.008 -0.005
-0.053 -0.008 -0.006
-0.053 -0.008 -0.006
-0.053 -0.008 -0.006
-0.054 -0.008 -0.007
-0.054 -0.007 -0.008
-0.054 -0.007 -0.009
-0.055 -0.006 -0.011
-0.055 -0.004 -0.012
-0.055 -0.003 -0.013
-0.055 -0.005 -0.013
-0.054 -0.013 -0.008
0.136 0.226 0.482
0.136 0.224 0.482
0.136 0.221 0.482
0.135 0.219 0.481
0.135 0.216 0.481
0.135 0.214 0.481
0.135 0.212 0.481
0.134 0.209 0.480
0.134 0.207 0.479
0.134 0.205 0.479
0.133 0.202 0.479
0.133 0.200 0.479
0.133 0.197 0.478
0.132 0.195 0.478
0.132 0.193 0.477
0.132 0.190 0.477
0.131 0.188 0.476
0.131 0.186 0.476
0.131 0.183 0.476
0.130 0.181 0.475
0.130 0.178 0.475
0.129 0.176 0.474
0.129 0.173 0.474
0.129 0.171 0.473
0.128 0.168 0.472
0.128 0.166 0.472
0.128 0.164 0.471
0.127 0.161 0.470
0.127 0.159 0.470
0.126 0.156 0.469
0.126 0.154 0.469
0.126 0.151 0.468
0.125 0.149 0.468
0.125 0.146 0.467
0.125 0.144 0.466
0.124 0.141 0.466
0.124 0.139 0.465
0.123 0.136 0.464
0.122 0.134 0.463
0.122 0.131 0.461
0.121 0.129 0.458
0.119 0.126 0.455
0.118 0.123 0.452
0.117 0.121 0.450
0.116 0.118 0.447
0.114 0.116 0.444
0.112 0.113 0.437
0.106 0.110 0.420
0.103 0.107 0.413
0.102 0.105 0.409
0.101 0.103 0.408
0.100 0.100 0.407
0.100 0.098 0.405
0.099 0.096 0.404
0.098 0.093 0.403
0.098 0.091 0.402
0.097 0.089 0.401
0.097 0.087 0.400
0.096 0.084 0.399
0.096 0.082 0.398
0.095 0.080 0.396
0.094 0.078 0.395
0.094 0.075 0.394
0.093 0.073 0.393
0.093 0.071 0.393
0.093 0.068 0.392
0.092 0.066 0.391
0.092 0.064 0.390
0.091 0.062 0.389
0.090 0.059 0.387
0.090 0.057 0.387
0.090 0.055 0.386
0.089 0.053 0.385
0.089 0.050 0.384
0.088 0.048 0.384
0.088 0.046 0.383
0.087 0.044 0.382
0.087 0.041 0.381
0.086 0.039 0.380
0.086 0.037 0.379
0.086 0.035 0.379
0.085 0.032 0.378
0.085 0.030 0.377
0.084 0.028 0.376
0.084 0.026 0.375
0.083 0.024 0.374
0.082 0.021 0.373
0.082 0.019 0.372
0.082 0.017 0.371
0.081 0.015 0.371
0.081 0.012 0.371
0.081 0.010 0.371
0.077 0.009 0.361
0.073 0.009 0.348
0.071 0.008 0.342
0.068 0.008 0.334
0.065 0.007 0.325
0.062 0.007 0.317
0.059 0.006 0.309
0.056 0.006 0.301
0.053 0.005 0.293
0.051 0.005 0.286
0.048 0.005 0.278
0.045 0.005 0.271
0.043 0.004 0.264
0.040 0.004 0.257
0.038 0.004 0.251
0.036 0.004 0.245
0.034 0.004 0.239
0.032 0.003 0.233
0.030 0.003 0.227
0.028 0.003 0.221
0.026 0.003 0.216
0.024 0.003 0.210
0.022 0.003 0.205
0.020 0.003 0.200
0.018 0.003 0.195
0.017 0.002 0.191
0.015 0.002 0.187
0.014 0.002 0.182
0.012 0.002 0.178
0.011 0.002 0.174
0.009 0.002 0.169
0.008 0.002 0.165
0.006 0.002 0.161
0.005 0.002 0.158
0.004 0.002 0.154
0.003 0.002 0.151
0.001 0.002 0.147
0.000 0.002 0.144
-0.001 0.002 0.140
-0.002 0.002 0.137
-0.003 0.002 0.134
-0.005 0.002 0.131
-0.006 0.002 0.128
-0.007 0.002 0.124
-0.008 0.001 0.122
-0.009 0.001 0.119
-0.010 0.001 0.116
-0.011 0.001 0.113
-0.011 0.001 0.111
-0.012 0.001 0.108
-0.013 0.001 0.106
-0.014 0.001 0.104
-0.015 0.001 0.101
-0.016 0.001 0.099
-0.017 0.001 0.097
-0.017 0.001 0.094
-0.018 0.001 0.092
-0.019 0.001 0.090
-0.020 0.001 0.088
-0.020 0.001 0.086
-0.021 0.001 0.085
-0.022 0.000 0.083
-0.022 0.000 0.081
-0.023 0.000 0.079
-0.024 0.000 0.077
-0.024 0.000 0.076
-0.025 0.000 0.074
-0.025 0.000 0.072
-0.026 0.000 0.071
-0.026 0.000 0.069
-0.027 0.000 0.068
-0.027 -0.001 0.066
-0.028 -0.001 0.065
-0.029 -0.001 0.063
-0.029 -0.001 0.062
-0.030 -0.001 0.060
-0.030 -0.001 0.059
-0.031 -0.001 0.058
-0.031 -0.001 0.056
-0.032 -0.001 0.055
-0.032 -0.001 0.053
-0.033 -0.001 0.052
-0.033 -0.001 0.051
-0.033 -0.001 0.049
-0.034 -0.001 0.048
-0.034 -0.001 0.047
-0.035 -0.001 0.045
-0.035 -0.001 0.044
-0.036 -0.001 0.043
-0.036 -0.001 0.042
-0.037 -0.001 0.041
-0.037 -0.001 0.039
-0.037 -0.001 0.038
-0.038 -0.001 0.037
-0.038 -0.001 0.036
-0.039 -0.002 0.035
-0.039 -0.002 0.034
-0.039 -0.002 0.033
-0.040 -0.001 0.031
-0.040 -0.001 0.030
-0.041 -0.001 0.029
-0.041 -0.002 0.028
-0.041 -0.002 0.028
-0.042 -0.002 0.027
-0.042 -0.002 0.026
-0.042 -0.002 0.025
-0.043 -0.002 0.024
-0.043 -0.002 0.023
-0.043 -0.002 0.022
-0.044 -0.002 0.021
-0.044 -0.002 0.020
-0.044 -0.002 0.019
-0.044 -0.002 0.019
-0.045 -0.003 0.018
-0.045 -0.003 0.017
-0.045 -0.003 0.017
-0.045 -0.003 0.016
-0.046 -0.003 0.016
-0.046 -0.004 0.015
-0.046 -0.004 0.014
-0.046 -0.004 0.014
-0.047 -0.004 0.013
-0.047 -0.004 0.012
-0.047 -0.004 0.011
-0.047 -0.004 0.011
-0.048 -0.004 0.010
-0.048 -0.004 0.009
-0.048 -0.004 0.009
-0.048 -0.004 0.008
-0.049 -0.005 0.007
-0.049 -0.005 0.007
-0.049 -0.005 0.006
-0.049 -0.005 0.005
-0.049 -0.005 0.005
-0.050 -0.006 0.005
-0.050 -0.006 0.004
-0.050 -0.006 0.003
-0.050 -0.006 0.003
-0.051 -0.006 0.002
-0.051 -0.005 0.001
-0.051 -0.005 0.000
-0.051 -0.005 0.000
-0.051 -0.005 -0.001
-0.052 -0.005 -0.001
-0.052 -0.005 -0.002
-0.052 -0.006 -0.002
-0.052 -0.007 -0.002
-0.052 -0.008 -0.002
-0.052 -0.008 -0.002
-0.052 -0.008 -0.003
-0.053 -0.008 -0.004
-0.053 -0.008 -0.004
-0.053 -0.008 -0.005
-0.053 -0.008 -0.006
-0.054 -0.008 -0.006
-0.054 -0.008 -0.007
-0.054 -0.007 -0.008
-0.054 -0.007 -0.008
-0.055 -0.006 -0.009
-0.055 -0.006 -0.011
-0.055 -0.004 -0.012
-0.056 -0.004 -0.013
-0.055 -0.006 -0.012
-0.054 -0.013 -0.007
0.135 0.226 0.483
0.135 0.224 0.483
0.134 0.221 0.482
0.134 0.219 0.481
0.134 0.216 0.481
0.133 0.214 0.482
0.133 0.212 0.481
0.133 0.209 0.481
0.132 0.207 0.480
0.132 0.205 0.480
0.132 0.202 0.479
0.131 0.200 0.479
0.131 0.197 0.479
0.131 0.195 0.479
0.131 0.193 0.478
0.130 0.190 0.477
0.130 0.188 0.477
0.130 0.185 0.477
0.129 0.183 0.476
0.129 0.181 0.476
0.129 0.178 0.476
0.128 0.176 0.475
0.128 0.173 0.474
0.127 0.171 0.474
0.127 0.168 0.473
0.127 0.166 0.473
0.126 0.163 0.472
0.126 0.161 0.471
0.125 0.158 0.471
0.125 0.156 0.470
0.125 0.154 0.469
0.124 0.151 0.469
0.124 0.149 0.468
0.123 0.146 0.468
0.123 0.144 0.467
0.123 0.141 0.466
0.122 0.139 0.465
0.121 0.136 0.464
0.121 0.134 0.463
0.120 0.131 0.462
0.120 0.129 0.460
0.119 0.126 0.458
0.118 0.123 0.456
0.117 0.121 0.455
0.116 0.118 0.452
0.114 0.116 0.447
0.111 0.113 0.440
0.105 0.110 0.422
0.101 0.107 0.413
0.100 0.105 0.409
0.099 0.103 0.408
0.099 0.100 0.406
0.098 0.098 0.405
0.097 0.096 0.404
0.097 0.093 0.403
0.096 0.091 0.402
0.096 0.089 0.401
0.095 0.087 0.400
0.095 0.084 0.399
0.094 0.082 0.398
0.094 0.080 0.396
0.093 0.078 0.395
0.092 0.075 0.394
0.092 0.073 0.393
0.091 0.071 0.392
0.091 0.068 0.392
0.091 0.066 0.391
0.090 0.064 0.390
0.089 0.062 0.388
0.089 0.060 0.387
0.088 0.057 0.386
0.088 0.055 0.386
0.087 0.053 0.385
0.087 0.051 0.384
0.087 0.048 0.383
0.086 0.046 0.383
0.086 0.044 0.382
0.085 0.042 0.381
0.085 0.039 0.380
0.084 0.037 0.378
0.084 0.035 0.378
0.083 0.033 0.377
0.083 0.030 0.376
0.082 0.028 0.375
0.082 0.026 0.374
0.081 0.024 0.373
0.081 0.022 0.372
0.080 0.019 0.371
0.080 0.017 0.370
0.079 0.015 0.370
0.079 0.013 0.370
0.079 0.010 0.369
0.073 0.011 0.351
0.071 0.010 0.346
0.069 0.009 0.341
0.066 0.008 0.334
0.063 0.007 0.326
0.060 0.007 0.317
0.058 0.006 0.309
0.055 0.006 0.302
0.052 0.005 0.294
0.049 0.005 0.286
0.047 0.005 0.279
0.044 0.005 0.271
0.042 0.004 0.264
0.039 0.004 0.258
0.037 0.004 0.251
0.035 0.004 0.245
0.033 0.004 0.239
0.031 0.004 0.233
0.029 0.003 0.227
0.027 0.003 0.222
0.025 0.003 0.216
0.023 0.003 0.210
0.021 0.003 0.205
0.019 0.003 0.200
0.018 0.003 0.195
0.016 0.003 0.191
0.014 0.002 0.186
0.013 0.002 0.182
0.011 0.002 0.178
0.010 0.002 0.174
0.008 0.002 0.169
0.007 0.002 0.165
0.006 0.002 0.161
0.004 0.002 0.158
0.003 0.002 0.154
0.002 0.002 0.150
0.000 0.002 0.147
-0.001 0.002 0.143
-0.002 0.002 0.140
-0.003 0.002 0.137
-0.004 0.002 0.134
-0.005 0.002 0.130
-0.006 0.002 0.127
-0.008 0.002 0.124
-0.009 0.002 0.121
-0.010 0.002 0.119
-0.010 0.002 0.116
-0.011 0.002 0.113
-0.012 0.002 0.111
-0.013 0.001 0.108
-0.014 0.001 0.106
-0.015 0.001 0.103
-0.016 0.001 0.101
-0.016 0.001 0.099
-0.017 0.001 0.097
-0.018 0.001 0.094
-0.019 0.001 0.092
-0.019 0.001 0.090
-0.020 0.001 0.088
-0.021 0.001 0.086
-0.022 0.001 0.084
-0.022 0.001 0.083
-0.023 0.001 0.081
-0.023 0.000 0.079
-0.024 0.000 0.077
-0.025 0.000 0.076
-0.025 0.000 0.074
-0.026 0.000 0.072
-0.026 0.000 0.071
-0.027 0.000 0.069
-0.028 0.000 0.068
-0.028 0.000 0.066
-0.029 0.000 0.065
-0.029 -0.001 0.063
-0.030 -0.001 0.062
-0.030 -0.001 0.060
-0.031 -0.001 0.059
-0.031 -0.001 0.058
-0.031 -0.001 0.056
-0.032 -0.001 0.055
-0.032 -0.001 0.054
-0.033 -0.001 0.052
-0.033 -0.001 0.051
-0.034 -0.001 0.049
-0.034 -0.001 0.048
-0.035 -0.001 0.047
-0.035 -0.001 0.045
-0.036 -0.001 0.044
-0.036 -0.001 0.043
-0.037 -0.001 0.042
-0.037 -0.001 0.041
-0.037 -0.001 0.040
-0.038 -0.001 0.038
-0.038 -0.001 0.037
-0.039 -0.001 0.036
-0.039 -0.001 0.035
-0.039 -0.001 0.034
-0.040 -0.001 0.033
-0.040 -0.001 0.031
-0.041 -0.001 0.030
-0.041 -0.001 0.029
-0.041 -0.001 0.029
-0.042 -0.002 0.028
-0.042 -0.002 0.027
-0.042 -0.002 0.026
-0.043 -0.002 0.025
-0.043 -0.002 0.024
-0.043 -0.002 0.023
-0.044 -0.002 0.022
-0.044 -0.002 0.021
-0.044 -0.002 0.020
-0.045 -0.002 0.019
-0.045 -0.002 0.019
-0.045 -0.002 0.018
-0.045 -0.002 0.017
-0.046 -0.002 0.017
-0.046 -0.003 0.016
-0.046 -0.003 0.015
-0.046 -0.003 0.015
-0.047 -0.003 0.014
-0.047 -0.003 0.013
-0.047 -0.003 0.012
-0.047 -0.003 0.012
-0.048 -0.004 0.011
-0.048 -0.004 0.010
-0.048 -0.004 0.010
-0.048 -0.004 0.009
-0.049 -0.004 0.008
-0.049 -0.004 0.008
-0.049 -0.004 0.007
-0.049 -0.004 0.006
-0.050 -0.004 0.006
-0.050 -0.004 0.005
-0.050 -0.004 0.005
-0.050 -0.005 0.004
-0.050 -0.005 0.004
-0.050 -0.005 0.003
-0.051 -0.005 0.002
-0.051 -0.005 0.001
-0.051 -0.005 0.001
-0.051 -0.005 0.000
-0.052 -0.005 -0.001
-0.052 -0.005 -0.001
-0.052 -0.005 -0.002
-0.052 -0.005 -0.002
-0.053 -0.005 -0.003
-0.053 -0.006 -0.003
-0.053 -0.007 -0.003
-0.053 -0.007 -0.003
-0.053 -0.007 -0.003
-0.053 -0.007 -0.004
-0.053 -0.007 -0.005
-0.054 -0.007 -0.005
-0.054 -0.007 -0.006
-0.054 -0.007 -0.007
-0.054 -0.007 -0.007
-0.054 -0.007 -0.008
-0.055 -0.006 -0.009
-0.055 -0.006 -0.010
-0.055 -0.005 -0.011
-0.056 -0.004 -0.012
-0.056 -0.004 -0.013
-0.056 -0.006 -0.012
-0.054 -0.014 -0.007
0.134 0.226 0.485
0.133 0.224 0.484
0.133 0.221 0.483
0.132 0.219 0.482
0.132 0.216 0.483
0.132 0.214 0.483
0.132 0.212 0.482
0.131 0.209 0.482
0.131 0.207 0.481
0.131 0.205 0.481
0.130 0.202 0.480
0.130 0.200 0.480
0.130 0.197 0.480
0.130 0.195 0.479
0.129 0.193 0.479
0.129 0.190 0.478
0.129 0.188 0.478
0.128 0.185 0.478
0.128 0.183 0.478
0.128 0.181 0.477
0.127 0.178 0.476
0.127 0.176 0.476
0.127 0.173 0.475
0.126 0.171 0.475
0.126 0.168 0.474
0.125 0.166 0.473
0.125 0.163 0.473
0.125 0.161 0.472
0.124 0.159 0.472
0.124 0.156 0.471
0.123 0.154 0.470
0.123 0.151 0.470
0.123 0.149 0.469
0.122 0.146 0.468
0.122 0.144 0.468
0.121 0.141 0.466
0.120 0.139 0.466
0.120 0.136 0.464
0.119 0.134 0.463
0.119 0.131 0.463
0.118 0.128 0.461
0.118 0.126 0.460
0.117 0.123 0.458
0.116 0.121 0.457
0.116 0.118 0.456
0.114 0.116 0.451
0.111 0.113 0.443
0.103 0.110 0.422
0.100 0.107 0.413
0.098 0.105 0.409
0.098 0.102 0.407
0.097 0.100 0.405
0.096 0.098 0.404
0.096 0.096 0.403
0.095 0.093 0.402
0.095 0.091 0.401
0.094 0.089 0.401
0.094 0.086 0.400
0.093 0.084 0.399
0.093 0.082 0.398
0.092 0.080 0.396
0.091 0.077 0.395
0.091 0.075 0.393
0.090 0.073 0.393
0.090 0.071 0.392
0.089 0.068 0.391
0.089 0.066 0.390
0.088 0.064 0.389
0.088 0.062 0.388
0.087 0.060 0.387
0.087 0.057 0.386
0.086 0.055 0.385
0.086 0.053 0.384
0.085 0.051 0.383
0.085 0.048 0.382
0.085 0.046 0.382
0.084 0.044 0.381
0.084 0.042 0.381
0.083 0.039 0.379
0.082 0.037 0.378
0.082 0.035 0.377
0.081 0.033 0.376
0.081 0.031 0.375
0.081 0.028 0.374
0.080 0.026 0.373
0.079 0.024 0.372
0.079 0.022 0.371
0.078 0.020 0.370
0.078 0.017 0.369
0.078 0.015 0.369
0.077 0.013 0.368
0.076 0.011 0.365
0.071 0.012 0.349
0.069 0.010 0.345
0.067 0.009 0.340
0.065 0.008 0.334
0.062 0.007 0.326
0.059 0.007 0.318
0.056 0.006 0.310
0.054 0.006 0.302
0.051 0.005 0.294
0.048 0.005 0.287
0.046 0.005 0.279
0.043 0.005 0.272
0.041 0.004 0.265
0.038 0.004 0.258
0.036 0.004 0.251
0.034 0.004 0.245
0.032 0.004 0.239
0.030 0.004 0.233
0.028 0.003 0.227
0.026 0.003 0.222
0.024 0.003 0.216
0.022 0.003 0.210
0.020 0.003 0.205
0.018 0.003 0.200
0.017 0.003 0.196
0.015 0.003 0.191
0.013 0.003 0.186
0.012 0.002 0.182
0.010 0.002 0.178
0.009 0.002 0.174
0.007 0.002 0.169
0.006 0.002 0.166
0.005 0.002 0.162
0.003 0.002 0.158
0.002 0.002 0.154
0.001 0.002 0.151
0.000 0.002 0.147
-0.002 0.002 0.144
-0.003 0.002 0.140
-0.004 0.002 0.137
-0.005 0.002 0.134
-0.006 0.002 0.131
-0.007 0.002 0.127
-0.008 0.002 0.124
-0.009 0.002 0.122
-0.010 0.002 0.119
-0.011 0.002 0.116
-0.012 0.002 0.114
-0.013 0.002 0.111
-0.014 0.001 0.109
-0.015 0.001 0.106
-0.015 0.001 0.104
-0.016 0.001 0.101
-0.017 0.001 0.099
-0.018 0.001 0.097
-0.019 0.001 0.095
-0.019 0.001 0.093
-0.020 0.001 0.091
-0.021 0.001 0.089
-0.021 0.001 0.087
-0.022 0.001 0.085
-0.023 0.001 0.083
-0.023 0.001 0.081
-0.024 0.000 0.079
-0.025 0.000 0.078
-0.025 0.000 0.076
-0.026 0.000 0.074
-0.026 0.000 0.073
-0.027 0.000 0.071
-0.027 0.000 0.070
-0.028 0.000 0.068
-0.028 0.000 0.067
-0.029 -0.001 0.065
-0.030 -0.001 0.064
-0.030 -0.001 0.062
-0.031 -0.001 0.061
-0.031 -0.001 0.059
-0.031 -0.001 0.058
-0.032 -0.001 0.057
-0.032 -0.001 0.055
-0.033 -0.001 0.054
-0.033 -0.001 0.053
-0.034 -0.001 0.051
-0.034 -0.001 0.050
-0.035 -0.001 0.048
-0.035 -0.001 0.047
-0.036 -0.001 0.046
-0.036 -0.001 0.044
-0.037 -0.001 0.043
-0.037 -0.001 0.042
-0.037 -0.001 0.041
-0.038 -0.001 0.040
-0.038 -0.001 0.039
-0.039 -0.001 0.037
-0.039 -0.001 0.036
-0.039 -0.001 0.035
-0.040 -0.001 0.034
-0.040 -0.001 0.033
-0.041 -0.001 0.032
-0.041 -0.001 0.031
-0.041 -0.001 0.030
-0.042 -0.001 0.029
-0.042 -0.001 0.028
-0.042 -0.002 0.027
-0.043 -0.002 0.026
-0.043 -0.002 0.025
-0.043 -0.002 0.024
-0.044 -0.002 0.023
-0.044 -0.002 0.022
-0.044 -0.002 0.021
-0.045 -0.002 0.020
-0.045 -0.002 0.019
-0.045 -0.002 0.018
-0.046 -0.002 0.018
-0.046 -0.002 0.017
-0.046 -0.002 0.016
-0.046 -0.002 0.016
-0.047 -0.002 0.015
-0.047 -0.002 0.014
-0.047 -0.002 0.013
-0.047 -0.003 0.013
-0.048 -0.003 0.012
-0.048 -0.003 0.011
-0.048 -0.003 0.011
-0.048 -0.003 0.010
-0.048 -0.003 0.010
-0.049 -0.003 0.009
-0.049 -0.003 0.008
-0.049 -0.003 0.007
-0.049 -0.003 0.007
-0.050 -0.003 0.006
-0.050 -0.004 0.005
-0.050 -0.004 0.005
-0.050 -0.004 0.004
-0.051 -0.004 0.004
-0.051 -0.005 0.003
-0.051 -0.005 0.003
-0.051 -0.004 0.002
-0.051 -0.004 0.001
-0.052 -0.004 0.000
-0.052 -0.004 0.000
-0.052 -0.005 0.000
-0.052 -0.004 -0.001
-0.053 -0.004 -0.002
-0.053 -0.004 -0.003
-0.053 -0.005 -0.003
-0.053 -0.005 -0.003
-0.053 -0.006 -0.003
-0.053 -0.006 -0.004
-0.053 -0.006 -0.004
-0.054 -0.006 -0.005
-0.054 -0.006 -0.006
-0.054 -0.006 -0.006
-0.054 -0.006 -0.006
-0.054 -0.006 -0.007
-0.055 -0.006 -0.008
-0.055 -0.005 -0.009
-0.055 -0.005 -0.010
-0.055 -0.005 -0.010
-0.056 -0.004 -0.011
-0.056 -0.004 -0.012
-0.056 -0.004 -0.013
-0.056 -0.006 -0.011
-0.055 -0.013 -0.007
0.133 0.226 0.488
0.132 0.224 0.485
0.132 0.221 0.485
0.131 0.219 0.484
0.131 0.216 0.484
0.131 0.214 0.484
0.131 0.212 0.483
0.130 0.209 0.483
0.130 0.207 0.482
0.130 0.205 0.482
0.129 0.202 0.482
0.129 0.200 0.481
0.129 0.197 0.481
0.128 0.195 0.481
0.128 0.193 0.480
0.128 0.190 0.480
0.127 0.188 0.480
0.127 0.185 0.479
0.127 0.183 0.478
0.126 0.181 0.478
0.126 0.178 0.477
0.126 0.176 0.477
0.125 0.173 0.476
0.125 0.171 0.475
0.124 0.168 0.475
0.124 0.166 0.475
0.124 0.163 0.474
0.123 0.161 0.474
0.123 0.158 0.473
0.122 0.156 0.472
0.122 0.153 0.471
0.122 0.151 0.471
0.121 0.149 0.470
0.121 0.146 0.469
0.120 0.144 0.469
0.120 0.141 0.467
0.119 0.138 0.466
0.118 0.136 0.465
0.118 0.133 0.464
0.117 0.131 0.463
0.117 0.128 0.462
0.116 0.126 0.461
0.116 0.123 0.459
0.115 0.121 0.459
0.115 0.118 0.458
0.113 0.116 0.454
0.110 0.113 0.446
0.101 0.110 0.421
0.099 0.107 0.414
0.097 0.105 0.409
0.096 0.102 0.407
0.095 0.100 0.405
0.094 0.098 0.403
0.094 0.096 0.403
0.093 0.093 0.402
0.093 0.091 0.401
0.093 0.089 0.400
0.092 0.086 0.399
0.092 0.084 0.398
0.091 0.082 0.397
0.090 0.080 0.395
0.090 0.077 0.394
0.089 0.075 0.393
0.089 0.073 0.393
0.088 0.071 0.392
0.088 0.068 0.391
0.087 0.066 0.390
0.087 0.064 0.389
0.086 0.062 0.388
0.086 0.060 0.387
0.085 0.057 0.386
0.085 0.055 0.385
0.084 0.053 0.384
0.084 0.051 0.383
0.083 0.048 0.383
0.083 0.046 0.382
0.083 0.044 0.381
0.082 0.042 0.380
0.081 0.039 0.379
0.081 0.037 0.378
0.080 0.035 0.377
0.080 0.033 0.376
0.079 0.031 0.374
0.079 0.029 0.373
0.078 0.026 0.372
0.078 0.024 0.371
0.077 0.022 0.370
0.077 0.020 0.369
0.076 0.018 0.369
0.076 0.015 0.368
0.075 0.013 0.366
0.073 0.012 0.359
0.069 0.012 0.349
0.068 0.010 0.345
0.066 0.009 0.341
0.064 0.008 0.334
0.061 0.007 0.326
0.058 0.007 0.317
0.055 0.006 0.310
0.052 0.006 0.302
0.050 0.006 0.294
0.047 0.005 0.287
0.045 0.005 0.279
0.042 0.005 0.272
0.040 0.004 0.265
0.037 0.004 0.259
0.035 0.004 0.252
0.033 0.004 0.245
0.031 0.004 0.239
0.029 0.004 0.233
0.027 0.004 0.227
0.025 0.003 0.222
0.023 0.003 0.216
0.021 0.003 0.211
0.019 0.003 0.205
0.017 0.003 0.201
0.016 0.003 0.196
0.014 0.003 0.191
0.013 0.003 0.187
0.011 0.002 0.183
0.010 0.002 0.178
0.008 0.002 0.174
0.007 0.002 0.170
0.005 0.002 0.166
0.004 0.002 0.162
0.003 0.002 0.158
0.001 0.002 0.155
0.000 0.002 0.151
-0.001 0.002 0.148
-0.002 0.002 0.144
-0.003 0.002 0.141
-0.004 0.002 0.138
-0.005 0.002 0.135
-0.007 0.002 0.131
-0.008 0.002 0.128
-0.009 0.002 0.125
-0.010 0.002 0.122
-0.011 0.002 0.120
-0.012 0.002 0.117
-0.012 0.001 0.114
-0.013 0.001 0.112
-0.014 0.001 0.109
-0.015 0.001 0.107
-0.016 0.001 0.105
-0.017 0.001 0.102
-0.017 0.001 0.100
-0.018 0.001 0.098
-0.019 0.001 0.096
-0.020 0.001 0.094
-0.020 0.001 0.092
-0.021 0.001 0.090
-0.022 0.001 0.088
-0.022 0.000 0.086
-0.023 0.000 0.084
-0.024 0.000 0.082
-0.024 0.000 0.080
-0.025 0.000 0.079
-0.025 0.000 0.077
-0.026 0.000 0.075
-0.027 0.000 0.074
-0.027 -0.001 0.072
-0.028 -0.001 0.071
-0.028 -0.001 0.069
-0.029 -0.001 0.068
-0.029 -0.001 0.066
-0.030 -0.001 0.065
-0.030 -0.001 0.063
-0.031 -0.001 0.062
-0.031 -0.001 0.060
-0.032 -0.001 0.059
-0.032 -0.002 0.058
-0.033 -0.002 0.056
-0.033 -0.002 0.055
-0.034 -0.002 0.053
-0.034 -0.002 0.052
-0.035 -0.002 0.051
-0.035 -0.002 0.049
-0.035 -0.002 0.048
-0.036 -0.002 0.047
-0.036 -0.002 0.045
-0.037 -0.002 0.044
-0.037 -0.002 0.043
-0.038 -0.002 0.042
-0.038 -0.002 0.041
-0.038 -0.002 0.040
-0.039 -0.002 0.038
-0.039 -0.002 0.037
-0.040 -0.002 0.036
-0.040 -0.002 0.035
-0.040 -0.002 0.034
-0.041 -0.002 0.033
-0.041 -0.002 0.032
-0.041 -0.002 0.031
-0.042 -0.002 0.030
-0.042 -0.002 0.029
-0.043 -0.002 0.028
-0.043 -0.002 0.027
-0.043 -0.002 0.026
-0.044 -0.002 0.025
-0.044 -0.002 0.024
-0.044 -0.002 0.023
-0.045 -0.002 0.022
-0.045 -0.002 0.021
-0.045 -0.002 0.020
-0.045 -0.002 0.019
-0.046 -0.002 0.018
-0.046 -0.002 0.018
-0.046 -0.002 0.017
-0.047 -0.003 0.016
-0.047 -0.003 0.015
-0.047 -0.003 0.015
-0.047 -0.003 0.014
-0.048 -0.003 0.013
-0.048 -0.003 0.013
-0.048 -0.003 0.012
-0.048 -0.004 0.011
-0.048 -0.004 0.011
-0.049 -0.004 0.010
-0.049 -0.004 0.010
-0.049 -0.004 0.009
-0.049 -0.004 0.008
-0.050 -0.004 0.008
-0.050 -0.004 0.007
-0.050 -0.004 0.006
-0.050 -0.004 0.006
-0.050 -0.005 0.005
-0.051 -0.005 0.005
-0.051 -0.005 0.004
-0.051 -0.005 0.003
-0.051 -0.005 0.003
-0.052 -0.005 0.002
-0.052 -0.005 0.001
-0.052 -0.005 0.001
-0.052 -0.005 0.000
-0.052 -0.005 0.000
-0.053 -0.005 -0.001
-0.053 -0.005 -0.002
-0.053 -0.005 -0.002
-0.053 -0.006 -0.002
-0.053 -0.006 -0.003
-0.054 -0.006 -0.004
-0.054 -0.006 -0.004
-0.054 -0.006 -0.005
-0.054 -0.006 -0.005
-0.054 -0.006 -0.006
-0.054 -0.006 -0.006
-0.055 -0.006 -0.007
-0.055 -0.006 -0.007
-0.055 -0.005 -0.009
-0.056 -0.005 -0.010
-0.056 -0.004 -0.010
-0.056 -0.005 -0.011
-0.056 -0.006 -0.010
-0.056 -0.005 -0.011
-0.056 -0.007 -0.011
-0.056 -0.011 -0.008
0.132 0.226 0.489
0.131 0.224 0.487
0.130 0.221 0.486
0.130 0.219 0.485
0.130 0.216 0.485
0.130 0.214 0.486
0.129 0.212 0.485
0.129 0.209 0.485
0.129 0.207 0.484
0.129 0.205 0.484
0.128 0.202 0.483
0.128 0.200 0.483
0.128 0.197 0.483
0.127 0.195 0.482
0.127 0.193 0.482
0.127 0.190 0.481
0.126 0.188 0.481
0.126 0.185 0.481
0.126 0.183 0.480
0.125 0.181 0.480
0.125 0.178 0.479
0.124 0.176 0.479
0.124 0.173 0.478
0.124 0.171 0.477
0.123 0.168 0.477
0.123 0.166 0.476
0.123 0.163 0.476
0.122 0.161 0.475
0.122 0.158 0.474
0.121 0.156 0.474
0.121 0.153 0.473
0.121 0.151 0.473
0.120 0.149 0.472
0.120 0.146 0.471
0.119 0.144 0.470
0.118 0.141 0.469
0.118 0.138 0.467
0.117 0.136 0.466
0.117 0.133 0.465
0.116 0.131 0.464
0.116 0.128 0.463
0.115 0.126 0.461
0.114 0.123 0.461
0.114 0.121 0.461
0.114 0.118 0.460
0.113 0.116 0.457
0.109 0.113 0.448
0.100 0.110 0.423
0.098 0.107 0.416
0.096 0.105 0.410
0.094 0.102 0.407
0.093 0.100 0.405
0.093 0.098 0.403
0.092 0.095 0.402
0.092 0.093 0.401
0.091 0.091 0.401
0.091 0.089 0.400
0.091 0.086 0.400
0.090 0.084 0.399
0.089 0.082 0.397
0.089 0.080 0.396
0.088 0.077 0.394
0.088 0.075 0.393
0.087 0.073 0.393
0.087 0.071 0.392
0.086 0.068 0.391
0.086 0.066 0.390
0.085 0.064 0.389
0.085 0.062 0.388
0.084 0.060 0.387
0.084 0.057 0.386
0.083 0.055 0.385
0.083 0.053 0.384
0.082 0.051 0.383
0.082 0.048 0.382
0.082 0.046 0.382
0.081 0.044 0.381
0.081 0.042 0.380
0.080 0.040 0.379
0.079 0.037 0.377
0.079 0.035 0.376
0.078 0.033 0.375
0.077 0.031 0.374
0.077 0.029 0.372
0.076 0.027 0.371
0.076 0.024 0.370
0.075 0.022 0.370
0.075 0.020 0.369
0.075 0.018 0.368
0.074 0.016 0.367
0.073 0.014 0.364
0.069 0.013 0.353
0.067 0.012 0.348
0.066 0.010 0.345
0.064 0.009 0.340
0.062 0.008 0.333
0.059 0.008 0.324
0.056 0.007 0.316
0.053 0.007 0.308
0.051 0.006 0.300
0.048 0.006 0.293
0.046 0.006 0.286
0.043 0.005 0.279
0.041 0.005 0.272
0.038 0.005 0.265
0.036 0.004 0.258
0.034 0.004 0.251
0.032 0.004 0.245
0.030 0.004 0.239
0.028 0.004 0.233
0.026 0.004 0.228
0.024 0.003 0.222
0.022 0.003 0.216
0.020 0.003 0.211
0.018 0.003 0.207
0.017 0.003 0.202
0.015 0.003 0.197
0.014 0.002 0.193
0.012 0.002 0.188
0.011 0.002 0.184
0.009 0.002 0.179
0.008 0.002 0.175
0.006 0.002 0.171
0.005 0.002 0.167
0.003 0.002 0.163
0.002 0.002 0.159
0.001 0.002 0.156
0.000 0.002 0.152
-0.001 0.002 0.149
-0.003 0.002 0.145
-0.004 0.002 0.142
-0.005 0.002 0.138
-0.006 0.002 0.135
-0.007 0.002 0.132
-0.008 0.002 0.129
-0.009 0.002 0.126
-0.010 0.002 0.123
-0.011 0.002 0.120
-0.012 0.001 0.117
-0.013 0.001 0.115
-0.014 0.001 0.112
-0.015 0.001 0.110
-0.016 0.001 0.107
-0.016 0.001 0.105
-0.017 0.001 0.102
-0.018 0.001 0.100
-0.019 0.001 0.098
-0.020 0.001 0.096
-0.020 0.001 0.094
-0.021 0.001 0.092
-0.022 0.001 0.090
-0.022 0.001 0.088
-0.023 0.001 0.086
-0.024 0.001 0.084
-0.024 0.000 0.082
-0.025 0.000 0.081
-0.025 0.000 0.079
-0.026 0.000 0.077
-0.027 0.000 0.075
-0.027 0.000 0.074
-0.028 0.000 0.072
-0.028 -0.001 0.071
-0.029 -0.001 0.069
-0.029 -0.001 0.067
-0.030 -0.001 0.066
-0.030 -0.001 0.065
-0.031 -0.001 0.063
-0.031 -0.001 0.062
-0.032 -0.001 0.060
-0.032 -0.001 0.059
-0.033 -0.001 0.058
-0.033 -0.002 0.056
-0.034 -0.002 0.055
-0.034 -0.002 0.054
-0.035 -0.002 0.052
-0.035 -0.002 0.051
-0.035 -0.002 0.050
-0.036 -0.002 0.048
-0.036 -0.002 0.047
-0.037 -0.002 0.046
-0.037 -0.002 0.044
-0.038 -0.002 0.043
-0.038 -0.002 0.042
-0.039 -0.002 0.041
-0.039 -0.002 0.039
-0.039 -0.002 0.038
-0.040 -0.002 0.037
-0.040 -0.002 0.036
-0.040 -0.002 0.035
-0.041 -0.002 0.034
-0.041 -0.002 0.033
-0.042 -0.002 0.032
-0.042 -0.002 0.031
-0.042 -0.002 0.030
-0.043 -0.002 0.029
-0.043 -0.002 0.027
-0.043 -0.002 0.026
-0.044 -0.002 0.026
-0.044 -0.002 0.025
-0.044 -0.002 0.024
-0.045 -0.002 0.023
-0.045 -0.002 0.022
-0.045 -0.002 0.021
-0.046 -0.002 0.020
-0.046 -0.002 0.019
-0.046 -0.002 0.018
-0.046 -0.002 0.017
-0.047 -0.002 0.017
-0.047 -0.002 0.016
-0.047 -0.002 0.015
-0.047 -0.003 0.015
-0.048 -0.003 0.014
-0.048 -0.003 0.013
-0.048 -0.003 0.013
-0.048 -0.003 0.012
-0.049 -0.003 0.011
-0.049 -0.004 0.011
-0.049 -0.004 0.010
-0.049 -0.004 0.010
-0.049 -0.004 0.009
-0.050 -0.004 0.009
-0.050 -0.004 0.008
-0.050 -0.004 0.007
-0.050 -0.005 0.007
-0.051 -0.004 0.006
-0.051 -0.005 0.005
-0.051 -0.005 0.005
-0.051 -0.005 0.004
-0.051 -0.005 0.004
-0.052 -0.005 0.003
-0.052 -0.005 0.002
-0.052 -0.005 0.001
-0.052 -0.005 0.001
-0.053 -0.005 0.000
-0.053 -0.005 0.000
-0.053 -0.005 -0.001
-0.053 -0.005 -0.002
-0.053 -0.005 -0.002
-0.053 -0.006 -0.002
-0.054 -0.006 -0.003
-0.054 -0.006 -0.004
-0.054 -0.006 -0.004
-0.054 -0.006 -0.005
-0.054 -0.006 -0.005
-0.055 -0.006 -0.006
-0.055 -0.006 -0.006
-0.055 -0.007 -0.006
-0.055 -0.006 -0.007
-0.056 -0.005 -0.009
-0.056 -0.004 -0.010
-0.056 -0.004 -0.011
-0.056 -0.005 -0.011
-0.056 -0.006 -0.010
-0.057 -0.004 -0.012
-0.056 -0.007 -0.011
-0.056 -0.010 -0.009
0.130 0.226 0.487
0.129 0.223 0.484
0.129 0.221 0.485
0.128 0.218 0.485
0.129 0.216 0.486
0.128 0.214 0.486
0.128 0.212 0.485
0.127 0.209 0.484
0.127 0.207 0.484
0.127 0.204 0.484
0.127 0.202 0.484
0.127 0.200 0.484
0.126 0.197 0.484
0.126 0.195 0.483
0.125 0.193 0.483
0.125 0.190 0.482
0.125 0.188 0.481
0.124 0.185 0.481
0.124 0.183 0.480
0.124 0.180 0.480
0.123 0.178 0.480
0.123 0.176 0.479
0.122 0.173 0.478
0.122 0.171 0.478
0.122 0.168 0.477
0.121 0.166 0.477
0.121 0.163 0.476
0.121 0.161 0.475
0.120 0.158 0.474
0.120 0.156 0.474
0.119 0.153 0.473
0.119 0.151 0.472
0.119 0.148 0.472
0.118 0.146 0.471
0.117 0.143 0.470
0.117 0.141 0.469
0.116 0.138 0.468
0.116 0.136 0.466
0.115 0.133 0.465
0.114 0.131 0.464
0.114 0.128 0.463
0.113 0.126 0.462
0.113 0.123 0.460
0.112 0.121 0.460
0.111 0.118 0.458
0.110 0.116 0.453
0.107 0.113 0.446
0.101 0.110 0.429
0.097 0.107 0.419
0.094 0.105 0.410
0.093 0.102 0.407
0.092 0.100 0.405
0.091 0.098 0.404
0.091 0.095 0.403
0.090 0.093 0.402
0.090 0.091 0.402
0.090 0.089 0.401
0.090 0.086 0.401
0.089 0.084 0.400
0.088 0.082 0.398
0.088 0.080 0.397
0.087 0.077 0.396
0.087 0.075 0.395
0.086 0.073 0.394
0.086 0.071 0.393
0.085 0.068 0.392
0.085 0.066 0.392
0.084 0.064 0.390
0.084 0.062 0.389
0.083 0.060 0.388
0.083 0.057 0.387
0.082 0.055 0.386
0.082 0.053 0.385
0.081 0.051 0.384
0.081 0.048 0.383
0.080 0.046 0.382
0.080 0.044 0.382
0.079 0.042 0.381
0.079 0.039 0.380
0.078 0.037 0.379
0.078 0.035 0.377
0.077 0.033 0.376
0.076 0.031 0.374
0.076 0.029 0.374
0.075 0.026 0.372
0.075 0.024 0.372
0.075 0.022 0.371
0.074 0.020 0.370
0.073 0.018 0.368
0.072 0.016 0.366
0.071 0.014 0.361
0.069 0.013 0.356
0.067 0.012 0.351
0.065 0.010 0.345
0.063 0.009 0.339
0.060 0.009 0.331
0.057 0.008 0.323
0.054 0.008 0.315
0.051 0.008 0.305
0.049 0.007 0.298
0.046 0.007 0.291
0.044 0.006 0.284
0.041 0.006 0.277
0.039 0.005 0.270
0.037 0.005 0.264
0.035 0.005 0.257
0.033 0.005 0.251
0.031 0.004 0.246
0.029 0.004 0.240
0.027 0.004 0.234
0.025 0.004 0.228
0.023 0.004 0.222
0.021 0.003 0.217
0.019 0.003 0.212
0.017 0.003 0.207
0.016 0.003 0.202
0.014 0.003 0.197
0.012 0.003 0.192
0.011 0.003 0.187
0.009 0.003 0.183
0.008 0.003 0.179
0.006 0.003 0.174
0.005 0.002 0.170
0.004 0.002 0.167
0.003 0.002 0.163
0.001 0.002 0.159
0.000 0.002 0.156
-0.001 0.002 0.152
-0.002 0.002 0.149
-0.003 0.002 0.146
-0.004 0.002 0.142
-0.005 0.001 0.139
-0.006 0.001 0.136
-0.007 0.001 0.133
-0.008 0.001 0.130
-0.009 0.001 0.127
-0.010 0.001 0.125
-0.011 0.001 0.122
-0.012 0.001 0.119
-0.013 0.001 0.117
-0.014 0.001 0.114
-0.015 0.001 0.112
-0.016 0.000 0.109
-0.016 0.000 0.107
-0.017 0.000 0.105
-0.018 0.000 0.103
-0.019 0.000 0.100
-0.019 0.000 0.098
-0.020 0.000 0.096
-0.021 0.000 0.094
-0.021 0.000 0.092
-0.022 -0.001 0.090
-0.023 -0.001 0.089
-0.023 -0.001 0.087
-0.024 -0.001 0.085
-0.025 -0.001 0.083
-0.025 -0.001 0.082
-0.026 -0.002 0.080
-0.026 -0.002 0.078
-0.027 -0.002 0.077
-0.027 -0.002 0.075
-0.028 -0.002 0.074
-0.028 -0.002 0.072
-0.029 -0.002 0.070
-0.029 -0.002 0.069
-0.030 -0.003 0.068
-0.030 -0.003 0.066
-0.031 -0.003 0.065
-0.031 -0.003 0.064
-0.032 -0.003 0.062
-0.032 -0.003 0.061
-0.033 -0.003 0.060
-0.033 -0.003 0.058
-0.034 -0.004 0.057
-0.034 -0.004 0.056
-0.035 -0.004 0.054
-0.035 -0.004 0.053
-0.035 -0.004 0.052
-0.036 -0.004 0.051
-0.036 -0.004 0.049
-0.037 -0.004 0.048
-0.037 -0.004 0.047
-0.038 -0.004 0.045
-0.038 -0.004 0.044
-0.038 -0.004 0.043
-0.039 -0.004 0.042
-0.039 -0.004 0.041
-0.039 -0.004 0.040
-0.040 -0.005 0.039
-0.040 -0.005 0.038
-0.041 -0.005 0.037
-0.041 -0.005 0.036
-0.041 -0.005 0.035
-0.042 -0.005 0.034
-0.042 -0.005 0.033
-0.042 -0.005 0.032
-0.043 -0.005 0.031
-0.043 -0.005 0.030
-0.043 -0.005 0.029
-0.044 -0.005 0.028
-0.044 -0.005 0.027
-0.044 -0.005 0.026
-0.045 -0.005 0.025
-0.045 -0.005 0.024
-0.045 -0.005 0.023
-0.045 -0.006 0.023
-0.046 -0.006 0.022
-0.046 -0.006 0.021
-0.046 -0.006 0.020
-0.046 -0.006 0.020
-0.047 -0.006 0.019
-0.047 -0.007 0.018
-0.047 -0.007 0.018
-0.047 -0.007 0.017
-0.048 -0.007 0.017
-0.048 -0.007 0.016
-0.048 -0.008 0.015
-0.048 -0.008 0.015
-0.048 -0.008 0.014
-0.049 -0.009 0.014
-0.049 -0.009 0.013
-0.049 -0.009 0.012
-0.049 -0.009 0.012
-0.050 -0.009 0.011
-0.050 -0.009 0.010
-0.050 -0.009 0.010
-0.050 -0.009 0.009
-0.050 -0.010 0.009
-0.051 -0.010 0.008
-0.051 -0.010 0.007
-0.051 -0.010 0.007
-0.051 -0.010 0.006
-0.052 -0.010 0.005
-0.052 -0.010 0.005
-0.052 -0.010 0.004
-0.052 -0.010 0.003
-0.052 -0.010 0.003
-0.053 -0.010 0.002
-0.053 -0.010 0.002
-0.053 -0.010 0.001
-0.053 -0.011 0.001
-0.053 -0.011 0.000
-0.054 -0.011 0.000
-0.054 -0.011 -0.001
-0.054 -0.012 -0.001
-0.054 -0.012 -0.001
-0.054 -0.012 -0.002
-0.054 -0.012 -0.003
-0.055 -0.010 -0.005
-0.055 -0.009 -0.006
-0.056 -0.008 -0.007
-0.056 -0.008 -0.008
-0.056 -0.009 -0.008
-0.056 -0.007 -0.010
-0.057 -0.007 -0.010
-0.056 -0.011 -0.008
0.129 0.226 0.489
0.129 0.224 0.490
0.128 0.221 0.488
0.128 0.219 0.489
0.127 0.216 0.488
0.127 0.214 0.486
0.126 0.211 0.486
0.126 0.209 0.486
0.126 0.207 0.486
0.126 0.204 0.485
0.125 0.202 0.485
0.125 0.200 0.485
0.125 0.197 0.484
0.124 0.195 0.484
0.124 0.192 0.483
0.124 0.190 0.483
0.123 0.188 0.482
0.123 0.185 0.482
0.122 0.183 0.481
0.122 0.180 0.480
0.122 0.178 0.480
0.121 0.175 0.479
0.121 0.173 0.479
0.121 0.171 0.478
0.120 0.168 0.478
0.120 0.166 0.477
0.120 0.163 0.477
0.119 0.161 0.476
0.119 0.158 0.476
0.118 0.156 0.475
0.118 0.153 0.474
0.117 0.151 0.473
0.117 0.148 0.473
0.117 0.146 0.472
0.116 0.143 0.471
0.115 0.141 0.470
0.115 0.138 0.468
0.114 0.136 0.467
0.113 0.133 0.465
0.113 0.131 0.465
0.112 0.128 0.464
0.112 0.126 0.463
0.112 0.123 0.462
0.111 0.121 0.462
0.111 0.118 0.461
0.109 0.116 0.458
0.107 0.113 0.451
0.103 0.110 0.440
0.098 0.107 0.427
0.095 0.105 0.417
0.093 0.102 0.411
0.091 0.100 0.407
0.090 0.098 0.405
0.090 0.095 0.403
0.089 0.093 0.402
0.088 0.091 0.401
0.088 0.089 0.400
0.088 0.086 0.400
0.087 0.084 0.399
0.087 0.082 0.397
0.086 0.080 0.396
0.085 0.077 0.395
0.085 0.075 0.394
0.085 0.073 0.393
0.084 0.071 0.393
0.084 0.068 0.392
0.083 0.066 0.391
0.083 0.064 0.390
0.082 0.062 0.389
0.081 0.060 0.387
0.081 0.057 0.385
0.080 0.055 0.385
0.080 0.053 0.384
0.079 0.051 0.383
0.079 0.049 0.382
0.078 0.046 0.381
0.078 0.044 0.380
0.077 0.042 0.379
0.077 0.040 0.378
0.076 0.038 0.377
0.075 0.035 0.375
0.075 0.033 0.373
0.074 0.031 0.372
0.073 0.029 0.371
0.073 0.027 0.369
0.072 0.025 0.368
0.072 0.023 0.367
0.072 0.020 0.367
0.071 0.018 0.367
0.071 0.016 0.366
0.070 0.014 0.363
0.068 0.013 0.358
0.066 0.011 0.353
0.064 0.010 0.347
0.062 0.009 0.342
0.060 0.008 0.335
0.057 0.007 0.327
0.054 0.007 0.317
0.051 0.007 0.309
0.048 0.006 0.301
0.046 0.006 0.294
0.043 0.006 0.287
0.041 0.005 0.280
0.039 0.005 0.273
0.037 0.005 0.267
0.035 0.004 0.261
0.032 0.004 0.254
0.030 0.004 0.246
0.028 0.004 0.240
0.026 0.004 0.235
0.024 0.004 0.229
0.022 0.003 0.223
0.020 0.003 0.218
0.018 0.003 0.213
0.017 0.003 0.208
0.015 0.003 0.203
0.013 0.003 0.198
0.012 0.003 0.193
0.010 0.003 0.188
0.009 0.002 0.184
0.007 0.002 0.180
0.006 0.002 0.175
0.005 0.002 0.171
0.003 0.002 0.167
0.002 0.002 0.163
0.001 0.002 0.160
-0.001 0.002 0.156
-0.002 0.002 0.152
-0.003 0.002 0.149
-0.004 0.002 0.146
-0.005 0.002 0.142
-0.006 0.002 0.139
-0.007 0.002 0.136
-0.008 0.002 0.133
-0.009 0.001 0.130
-0.010 0.002 0.127
-0.011 0.002 0.124
-0.012 0.001 0.121
-0.013 0.001 0.118
-0.014 0.001 0.116
-0.015 0.001 0.113
-0.016 0.001 0.110
-0.017 0.001 0.108
-0.018 0.001 0.105
-0.018 0.001 0.103
-0.019 0.001 0.101
-0.020 0.001 0.099
-0.021 0.001 0.096
-0.021 0.001 0.094
-0.022 0.001 0.092
-0.023 0.001 0.090
-0.023 0.001 0.088
-0.024 0.001 0.086
-0.025 0.000 0.085
-0.025 0.000 0.083
-0.026 0.000 0.081
-0.026 0.000 0.079
-0.027 0.000 0.078
-0.027 0.000 0.076
-0.028 0.000 0.074
-0.029 -0.001 0.073
-0.029 -0.001 0.072
-0.030 -0.001 0.070
-0.030 -0.001 0.068
-0.031 -0.001 0.067
-0.031 -0.001 0.066
-0.031 -0.001 0.064
-0.032 -0.002 0.063
-0.032 -0.002 0.062
-0.033 -0.002 0.061
-0.033 -0.002 0.059
-0.034 -0.002 0.058
-0.034 -0.002 0.057
-0.035 -0.002 0.056
-0.035 -0.003 0.054
-0.035 -0.003 0.053
-0.036 -0.003 0.052
-0.036 -0.003 0.051
-0.037 -0.003 0.049
-0.037 -0.003 0.048
-0.037 -0.003 0.047
-0.038 -0.003 0.046
-0.038 -0.003 0.045
-0.039 -0.003 0.043
-0.039 -0.004 0.043
-0.039 -0.004 0.041
-0.040 -0.004 0.040
-0.040 -0.004 0.039
-0.040 -0.004 0.038
-0.041 -0.004 0.038
-0.041 -0.004 0.036
-0.041 -0.004 0.035
-0.042 -0.004 0.034
-0.042 -0.005 0.034
-0.042 -0.005 0.033
-0.043 -0.005 0.032
-0.043 -0.005 0.031
-0.043 -0.005 0.030
-0.044 -0.005 0.029
-0.044 -0.005 0.028
-0.044 -0.005 0.027
-0.045 -0.006 0.026
-0.045 -0.006 0.026
-0.045 -0.006 0.025
-0.045 -0.006 0.024
-0.046 -0.006 0.023
-0.046 -0.006 0.022
-0.046 -0.006 0.022
-0.046 -0.006 0.021
-0.047 -0.007 0.020
-0.047 -0.007 0.020
-0.047 -0.007 0.019
-0.047 -0.007 0.018
-0.048 -0.008 0.018
-0.048 -0.008 0.017
-0.048 -0.008 0.016
-0.048 -0.008 0.016
-0.048 -0.008 0.015
-0.049 -0.009 0.015
-0.049 -0.009 0.014
-0.049 -0.009 0.014
-0.049 -0.009 0.013
-0.050 -0.009 0.012
-0.050 -0.009 0.012
-0.050 -0.009 0.011
-0.050 -0.010 0.010
-0.050 -0.010 0.010
-0.051 -0.010 0.009
-0.051 -0.010 0.009
-0.051 -0.010 0.008
-0.051 -0.010 0.007
-0.052 -0.010 0.006
-0.052 -0.010 0.006
-0.052 -0.011 0.006
-0.052 -0.011 0.005
-0.052 -0.011 0.004
-0.053 -0.010 0.003
-0.053 -0.011 0.003
-0.053 -0.011 0.003
-0.053 -0.012 0.002
-0.053 -0.012 0.002
-0.053 -0.013 0.002
-0.053 -0.013 0.001
-0.054 -0.013 0.001
-0.054 -0.013 0.001
-0.054 -0.014 0.000
-0.054 -0.014 0.000
-0.055 -0.013 -0.002
-0.055 -0.011 -0.004
-0.055 -0.010 -0.005
-0.056 -0.010 -0.006
-0.056 -0.010 -0.006
-0.056 -0.011 -0.006
-0.056 -0.010 -0.007
-0.057 -0.005 -0.011
-0.043 -0.089 0.051
